  0
SECTION
  2
HEADER
  9
$ACADVER
  1
AC1032
  9
$ACADMAINTVER
 90
      248
  9
$DWGCODEPAGE
  3
ANSI_936
  9
$LASTSAVEDBY
  1
starry
  9
$REQUIREDVERSIONS
160
                 0
  9
$INSBASE
 10
0.0
 20
0.0
 30
0.0
  9
$EXTMIN
 10
198.2095847919707
 20
-98.99066619368289
 30
0.0
  9
$EXTMAX
 10
773.0776278455435
 20
219.7210249624507
 30
0.0
  9
$LIMMIN
 10
0.0
 20
0.0
  9
$LIMMAX
 10
420.0
 20
297.0
  9
$ORTHOMODE
 70
     0
  9
$REGENMODE
 70
     1
  9
$FILLMODE
 70
     1
  9
$QTEXTMODE
 70
     0
  9
$MIRRTEXT
 70
     0
  9
$LTSCALE
 40
1.0
  9
$ATTMODE
 70
     1
  9
$TEXTSIZE
 40
2.5
  9
$TRACEWID
 40
1.0
  9
$TEXTSTYLE
  7
Standard
  9
$CLAYER
  8
RCK_钼铝钼_MASK
  9
$CELTYPE
  6
ByLayer
  9
$CECOLOR
 62
   256
  9
$CELTSCALE
 40
1.0
  9
$DISPSILH
 70
     0
  9
$DIMSCALE
 40
1.0
  9
$DIMASZ
 40
2.5
  9
$DIMEXO
 40
0.625
  9
$DIMDLI
 40
3.75
  9
$DIMRND
 40
0.0
  9
$DIMDLE
 40
0.0
  9
$DIMEXE
 40
1.25
  9
$DIMTP
 40
0.0
  9
$DIMTM
 40
0.0
  9
$DIMTXT
 40
2.5
  9
$DIMCEN
 40
2.5
  9
$DIMTSZ
 40
0.0
  9
$DIMTOL
 70
     0
  9
$DIMLIM
 70
     0
  9
$DIMTIH
 70
     0
  9
$DIMTOH
 70
     0
  9
$DIMSE1
 70
     0
  9
$DIMSE2
 70
     0
  9
$DIMTAD
 70
     1
  9
$DIMZIN
 70
     8
  9
$DIMBLK
  1

  9
$DIMASO
 70
     1
  9
$DIMSHO
 70
     1
  9
$DIMPOST
  1

  9
$DIMAPOST
  1

  9
$DIMALT
 70
     0
  9
$DIMALTD
 70
     3
  9
$DIMALTF
 40
0.03937007874016
  9
$DIMLFAC
 40
1.0
  9
$DIMTOFL
 70
     1
  9
$DIMTVP
 40
0.0
  9
$DIMTIX
 70
     0
  9
$DIMSOXD
 70
     0
  9
$DIMSAH
 70
     0
  9
$DIMBLK1
  1

  9
$DIMBLK2
  1

  9
$DIMSTYLE
  2
ISO-25
  9
$DIMCLRD
 70
     0
  9
$DIMCLRE
 70
     0
  9
$DIMCLRT
 70
     0
  9
$DIMTFAC
 40
1.0
  9
$DIMGAP
 40
0.625
  9
$DIMJUST
 70
     0
  9
$DIMSD1
 70
     0
  9
$DIMSD2
 70
     0
  9
$DIMTOLJ
 70
     0
  9
$DIMTZIN
 70
     8
  9
$DIMALTZ
 70
     0
  9
$DIMALTTZ
 70
     0
  9
$DIMUPT
 70
     0
  9
$DIMDEC
 70
     2
  9
$DIMTDEC
 70
     2
  9
$DIMALTU
 70
     2
  9
$DIMALTTD
 70
     3
  9
$DIMTXSTY
  7
Standard
  9
$DIMAUNIT
 70
     0
  9
$DIMADEC
 70
     0
  9
$DIMALTRND
 40
0.0
  9
$DIMAZIN
 70
     0
  9
$DIMDSEP
 70
    44
  9
$DIMATFIT
 70
     3
  9
$DIMFRAC
 70
     0
  9
$DIMLDRBLK
  1

  9
$DIMLUNIT
 70
     2
  9
$DIMLWD
 70
    -2
  9
$DIMLWE
 70
    -2
  9
$DIMTMOVE
 70
     0
  9
$DIMFXL
 40
1.0
  9
$DIMFXLON
 70
     0
  9
$DIMJOGANG
 40
0.7853981633974483
  9
$DIMTFILL
 70
     0
  9
$DIMTFILLCLR
 70
     0
  9
$DIMARCSYM
 70
     0
  9
$DIMLTYPE
  6

  9
$DIMLTEX1
  6

  9
$DIMLTEX2
  6

  9
$DIMTXTDIRECTION
 70
     0
  9
$LUNITS
 70
     2
  9
$LUPREC
 70
     4
  9
$SKETCHINC
 40
1.0
  9
$FILLETRAD
 40
0.03
  9
$AUNITS
 70
     0
  9
$AUPREC
 70
     0
  9
$MENU
  1
.
  9
$ELEVATION
 40
0.0
  9
$PELEVATION
 40
0.0
  9
$THICKNESS
 40
0.0
  9
$LIMCHECK
 70
     0
  9
$CHAMFERA
 40
0.0
  9
$CHAMFERB
 40
0.0
  9
$CHAMFERC
 40
0.0
  9
$CHAMFERD
 40
0.0
  9
$SKPOLY
 70
     0
  9
$TDCREATE
 40
2460621.665914352
  9
$TDUCREATE
 40
2460621.332586320
  9
$TDUPDATE
 40
2460826.602939815
  9
$TDUUPDATE
 40
2460826.269606481
  9
$TDINDWG
 40
0.9855027083
  9
$TDUSRTIMER
 40
0.9855026273
  9
$USRTIMER
 70
     1
  9
$ANGBASE
 50
0.0
  9
$ANGDIR
 70
     0
  9
$PDMODE
 70
    35
  9
$PDSIZE
 40
0.0
  9
$PLINEWID
 40
0.0
  9
$SPLFRAME
 70
     0
  9
$SPLINETYPE
 70
     6
  9
$SPLINESEGS
 70
     8
  9
$HANDSEED
  5
183BF
  9
$SURFTAB1
 70
     6
  9
$SURFTAB2
 70
     6
  9
$SURFTYPE
 70
     6
  9
$SURFU
 70
     6
  9
$SURFV
 70
     6
  9
$UCSBASE
  2

  9
$UCSNAME
  2

  9
$UCSORG
 10
617.1170203496347
 20
134.6613921877529
 30
0.0
  9
$UCSXDIR
 10
1.0
 20
0.0
 30
0.0
  9
$UCSYDIR
 10
0.0
 20
-1.0
 30
0.0
  9
$UCSORTHOREF
  2

  9
$UCSORTHOVIEW
 70
     0
  9
$UCSORGTOP
 10
0.0
 20
0.0
 30
0.0
  9
$UCSORGBOTTOM
 10
0.0
 20
0.0
 30
0.0
  9
$UCSORGLEFT
 10
0.0
 20
0.0
 30
0.0
  9
$UCSORGRIGHT
 10
0.0
 20
0.0
 30
0.0
  9
$UCSORGFRONT
 10
0.0
 20
0.0
 30
0.0
  9
$UCSORGBACK
 10
0.0
 20
0.0
 30
0.0
  9
$PUCSBASE
  2

  9
$PUCSNAME
  2

  9
$PUCSORG
 10
0.0
 20
0.0
 30
0.0
  9
$PUCSXDIR
 10
1.0
 20
0.0
 30
0.0
  9
$PUCSYDIR
 10
0.0
 20
1.0
 30
0.0
  9
$PUCSORTHOREF
  2

  9
$PUCSORTHOVIEW
 70
     0
  9
$PUCSORGTOP
 10
0.0
 20
0.0
 30
0.0
  9
$PUCSORGBOTTOM
 10
0.0
 20
0.0
 30
0.0
  9
$PUCSORGLEFT
 10
0.0
 20
0.0
 30
0.0
  9
$PUCSORGRIGHT
 10
0.0
 20
0.0
 30
0.0
  9
$PUCSORGFRONT
 10
0.0
 20
0.0
 30
0.0
  9
$PUCSORGBACK
 10
0.0
 20
0.0
 30
0.0
  9
$USERI1
 70
     0
  9
$USERI2
 70
     0
  9
$USERI3
 70
     0
  9
$USERI4
 70
     0
  9
$USERI5
 70
     0
  9
$USERR1
 40
0.0
  9
$USERR2
 40
0.0
  9
$USERR3
 40
0.0
  9
$USERR4
 40
0.0
  9
$USERR5
 40
0.0
  9
$WORLDVIEW
 70
     1
  9
$SHADEDGE
 70
     3
  9
$SHADEDIF
 70
    70
  9
$TILEMODE
 70
     1
  9
$MAXACTVP
 70
    64
  9
$PINSBASE
 10
0.0
 20
0.0
 30
0.0
  9
$PLIMCHECK
 70
     0
  9
$PEXTMIN
 10
0.0
 20
0.0
 30
0.0
  9
$PEXTMAX
 10
0.0
 20
0.0
 30
0.0
  9
$PLIMMIN
 10
0.0
 20
0.0
  9
$PLIMMAX
 10
12.0
 20
9.0
  9
$UNITMODE
 70
     0
  9
$VISRETAIN
 70
     1
  9
$PLINEGEN
 70
     0
  9
$PSLTSCALE
 70
     1
  9
$TREEDEPTH
 70
  3020
  9
$CMLSTYLE
  2
Standard
  9
$CMLJUST
 70
     0
  9
$CMLSCALE
 40
20.0
  9
$PROXYGRAPHICS
 70
     1
  9
$MEASUREMENT
 70
     1
  9
$CELWEIGHT
370
    -1
  9
$ENDCAPS
280
     0
  9
$JOINSTYLE
280
     0
  9
$LWDISPLAY
290
     0
  9
$INSUNITS
 70
     4
  9
$HYPERLINKBASE
  1

  9
$STYLESHEET
  1

  9
$XEDIT
290
     1
  9
$CEPSNTYPE
380
     0
  9
$PSTYLEMODE
290
     1
  9
$FINGERPRINTGUID
  2
{2DE53693-AE82-4F1E-8831-7404E67274EA}
  9
$VERSIONGUID
  2
{D73C240F-39BC-B64F-92C5-929DB73F62DE}
  9
$EXTNAMES
290
     1
  9
$PSVPSCALE
 40
0.0
  9
$OLESTARTUP
290
     0
  9
$SORTENTS
280
   127
  9
$INDEXCTL
280
     0
  9
$HIDETEXT
280
     1
  9
$XCLIPFRAME
280
     0
  9
$HALOGAP
280
     0
  9
$OBSCOLOR
 70
   257
  9
$OBSLTYPE
280
     0
  9
$INTERSECTIONDISPLAY
280
     0
  9
$INTERSECTIONCOLOR
 70
   257
  9
$DIMASSOC
280
     2
  9
$PROJECTNAME
  1

  9
$CAMERADISPLAY
290
     0
  9
$LENSLENGTH
 40
50.0
  9
$CAMERAHEIGHT
 40
0.0
  9
$STEPSPERSEC
 40
2.0
  9
$STEPSIZE
 40
6.0
  9
$3DDWFPREC
 40
2.0
  9
$PSOLWIDTH
 40
5.0
  9
$PSOLHEIGHT
 40
80.0
  9
$LOFTANG1
 40
1.570796326794896
  9
$LOFTANG2
 40
1.570796326794896
  9
$LOFTMAG1
 40
0.0
  9
$LOFTMAG2
 40
0.0
  9
$LOFTPARAM
 70
     7
  9
$LOFTNORMALS
280
     1
  9
$LATITUDE
 40
37.795
  9
$LONGITUDE
 40
-122.394
  9
$NORTHDIRECTION
 40
0.0
  9
$TIMEZONE
 70
 -8000
  9
$LIGHTGLYPHDISPLAY
280
     1
  9
$TILEMODELIGHTSYNCH
280
     1
  9
$CMATERIAL
347
ED
  9
$SOLIDHIST
280
     1
  9
$SHOWHIST
280
     1
  9
$DWFFRAME
280
     2
  9
$DGNFRAME
280
     0
  9
$REALWORLDSCALE
290
     1
  9
$INTERFERECOLOR
 62
     1
  9
$INTERFEREOBJVS
345
FA
  9
$INTERFEREVPVS
346
F7
  9
$CSHADOW
280
     0
  9
$SHADOWPLANELOCATION
 40
0.0
  0
ENDSEC
  0
SECTION
  2
CLASSES
  0
CLASS
  1
ACDBDICTIONARYWDFLT
  2
AcDbDictionaryWithDefault
  3
ObjectDBX Classes
 90
        0
 91
        1
280
     0
281
     0
  0
CLASS
  1
DICTIONARYVAR
  2
AcDbDictionaryVar
  3
ObjectDBX Classes
 90
        0
 91
       14
280
     0
281
     0
  0
CLASS
  1
TABLESTYLE
  2
AcDbTableStyle
  3
ObjectDBX Classes
 90
     4095
 91
        1
280
     0
281
     0
  0
CLASS
  1
MATERIAL
  2
AcDbMaterial
  3
ObjectDBX Classes
 90
     1153
 91
        3
280
     0
281
     0
  0
CLASS
  1
VISUALSTYLE
  2
AcDbVisualStyle
  3
ObjectDBX Classes
 90
     4095
 91
       26
280
     0
281
     0
  0
CLASS
  1
SORTENTSTABLE
  2
AcDbSortentsTable
  3
ObjectDBX Classes
 90
        0
 91
        2
280
     0
281
     0
  0
CLASS
  1
DIMASSOC
  2
AcDbDimAssoc
  3
"AcDbDimAssoc|Product Desc:     AcDim ARX App For Dimension|Company:          Autodesk, Inc.|WEB Address:      www.autodesk.com"
 90
        0
 91
        0
280
     0
281
     0
  0
CLASS
  1
SCALE
  2
AcDbScale
  3
ObjectDBX Classes
 90
     1153
 91
       17
280
     0
281
     0
  0
CLASS
  1
MLEADERSTYLE
  2
AcDbMLeaderStyle
  3
ACDB_MLEADERSTYLE_CLASS
 90
     4095
 91
        1
280
     0
281
     0
  0
CLASS
  1
SUN
  2
AcDbSun
  3
SCENEOE
 90
     1153
 91
        1
280
     0
281
     0
  0
CLASS
  1
ACDBSECTIONVIEWSTYLE
  2
AcDbSectionViewStyle
  3
ObjectDBX Classes
 90
     1025
 91
        1
280
     0
281
     0
  0
CLASS
  1
ACDBDETAILVIEWSTYLE
  2
AcDbDetailViewStyle
  3
ObjectDBX Classes
 90
     1025
 91
        1
280
     0
281
     0
  0
CLASS
  1
CELLSTYLEMAP
  2
AcDbCellStyleMap
  3
ObjectDBX Classes
 90
     1152
 91
        2
280
     0
281
     0
  0
ENDSEC
  0
SECTION
  2
TABLES
  0
TABLE
  2
VPORT
  5
8
330
0
100
AcDbSymbolTable
 70
     1
  0
VPORT
  5
EB
330
8
100
AcDbSymbolTableRecord
100
AcDbViewportTableRecord
  2
*Active
 70
     0
 10
0.0
 20
0.0
 11
1.0
 21
1.0
 12
631.2966301152783
 22
117.1304732597831
 13
0.0
 23
0.0
 14
10.0
 24
10.0
 15
10.0
 25
10.0
 16
0.0
 26
0.0
 36
1.0
 17
0.0
 27
0.0
 37
0.0
 40
52.47244041148472
 41
2.521681997371878
 42
50.0
 43
0.0
 44
0.0
 50
0.0
 51
0.0
 71
     0
 72
  1000
 73
     1
 74
     3
 75
     0
 76
     0
 77
     0
 78
     0
281
     0
 65
     1
110
617.1170203496347
120
134.6613921877529
130
0.0
111
1.0
121
0.0
131
0.0
112
0.0
122
-1.0
132
0.0
 79
     0
146
0.0
348
F6
 60
     2
 61
     5
292
     1
282
     1
141
0.0
142
0.0
 63
   250
421
  3355443
361
18352
1001
ACAD_NAV_VCDISPLAY
1070
     3
  0
ENDTAB
  0
TABLE
  2
LTYPE
  5
5
330
0
100
AcDbSymbolTable
 70
     4
  0
LTYPE
  5
14
330
5
100
AcDbSymbolTableRecord
100
AcDbLinetypeTableRecord
  2
ByBlock
 70
     0
  3

 72
    65
 73
     0
 40
0.0
  0
LTYPE
  5
15
330
5
100
AcDbSymbolTableRecord
100
AcDbLinetypeTableRecord
  2
ByLayer
 70
     0
  3

 72
    65
 73
     0
 40
0.0
  0
LTYPE
  5
16
330
5
100
AcDbSymbolTableRecord
100
AcDbLinetypeTableRecord
  2
Continuous
 70
     0
  3
Solid line
 72
    65
 73
     0
 40
0.0
  0
LTYPE
  5
18353
330
5
100
AcDbSymbolTableRecord
100
AcDbLinetypeTableRecord
  2
DASHED
 70
     0
  3
Dashed __ __ __ __ __ __ __ __ __ __ __ __ __ _
 72
    65
 73
     2
 40
19.05
 49
12.7
 74
     0
 49
-6.349999999999997
 74
     0
  0
LTYPE
  5
18354
330
5
100
AcDbSymbolTableRecord
100
AcDbLinetypeTableRecord
  2
PHANTOM2
 70
     0
  3
Phantom (.5x) ___ _ _ ___ _ _ ___ _ _ ___ _ _ _
 72
    65
 73
     6
 40
31.75000000000001
 49
15.875
 74
     0
 49
-3.174999999999998
 74
     0
 49
3.174999999999998
 74
     0
 49
-3.174999999999998
 74
     0
 49
3.174999999999998
 74
     0
 49
-3.174999999999998
 74
     0
  0
ENDTAB
  0
TABLE
  2
LAYER
  5
2
102
{ACAD_XDICTIONARY
360
5438
102
}
330
0
100
AcDbSymbolTable
 70
    21
  0
LAYER
  5
10
330
2
100
AcDbSymbolTableRecord
100
AcDbLayerTableRecord
  2
0
 70
     0
 62
     7
  6
Continuous
370
    -3
390
F
347
EF
348
0
  0
LAYER
  5
137
330
2
100
AcDbSymbolTableRecord
100
AcDbLayerTableRecord
  2
Defpoints
 70
     0
 62
     7
  6
Continuous
290
     0
370
    -3
390
F
347
EF
348
0
  0
LAYER
  5
542F
102
{ACAD_XDICTIONARY
360
5430
102
}
330
2
100
AcDbSymbolTableRecord
100
AcDbLayerTableRecord
  2
sensor
 70
     0
 62
     7
  6
Continuous
370
    -3
390
F
347
EF
348
0
1001
AcAecLayerStandard
1000

1000

  0
LAYER
  5
5432
330
2
100
AcDbSymbolTableRecord
100
AcDbLayerTableRecord
  2
RCK_钼铝钼_MASK
 70
     0
 62
     1
  6
Continuous
370
    13
390
F
347
EF
348
0
1001
AcAecLayerStandard
1000

1000

  0
LAYER
  5
5D77
330
2
100
AcDbSymbolTableRecord
100
AcDbLayerTableRecord
  2
RCK_钼铝钼1_MASK
 70
     0
 62
   201
  6
Continuous
370
    -3
390
F
347
EF
348
0
  0
LAYER
  5
5D78
330
2
100
AcDbSymbolTableRecord
100
AcDbLayerTableRecord
  2
RCK_OC1_MASK
 70
     0
 62
     5
  6
Continuous
370
    -3
390
F
347
EF
348
0
1001
AcAecLayerStandard
1000

1000

  0
LAYER
  5
6886
330
2
100
AcDbSymbolTableRecord
100
AcDbLayerTableRecord
  2
RCK_OC2_MASK
 70
     0
 62
    11
  6
Continuous
370
    -3
390
F
347
EF
348
0
1001
AcAecLayerStandard
1000

1000

  0
LAYER
  5
689C
330
2
100
AcDbSymbolTableRecord
100
AcDbLayerTableRecord
  2
Dim (標註線)
 70
     0
 62
   130
  6
Continuous
370
    13
390
F
347
EF
348
0
  0
LAYER
  5
86C1
330
2
100
AcDbSymbolTableRecord
100
AcDbLayerTableRecord
  2
FPC
 70
     0
 62
     3
  6
Continuous
370
    13
390
F
347
EF
348
0
1001
AcAecLayerStandard
1000

1000

  0
LAYER
  5
121F0
330
2
100
AcDbSymbolTableRecord
100
AcDbLayerTableRecord
  2
GRID_LAYER
 70
     0
 62
     7
  6
Continuous
370
    -3
390
F
347
EF
348
0
  0
LAYER
  5
121F1
330
2
100
AcDbSymbolTableRecord
100
AcDbLayerTableRecord
  2
00_SUB_DRAWING
 70
     0
 62
   160
  6
Continuous
370
    -3
390
F
347
EF
348
0
  0
LAYER
  5
121F2
330
2
100
AcDbSymbolTableRecord
100
AcDbLayerTableRecord
  2
01_M1_DRAWING
 70
     0
 62
     7
  6
Continuous
370
    -3
390
F
347
EF
348
0
  0
LAYER
  5
121F3
330
2
100
AcDbSymbolTableRecord
100
AcDbLayerTableRecord
  2
02_VIA1_DRAWING
 70
     0
 62
     7
  6
Continuous
370
    -3
390
F
347
EF
348
0
  0
LAYER
  5
121F4
330
2
100
AcDbSymbolTableRecord
100
AcDbLayerTableRecord
  2
03_M2_DRAWING
 70
     0
 62
     7
  6
Continuous
370
    -3
390
F
347
EF
348
0
  0
LAYER
  5
121F5
330
2
100
AcDbSymbolTableRecord
100
AcDbLayerTableRecord
  2
04_VIA2_DRAWING
 70
     0
 62
     7
  6
Continuous
370
    -3
390
F
347
EF
348
0
  0
LAYER
  5
121F6
330
2
100
AcDbSymbolTableRecord
100
AcDbLayerTableRecord
  2
05_SUPPORT
 70
     0
 62
    43
  6
Continuous
370
    -3
390
F
347
EF
348
0
  0
LAYER
  5
121F7
330
2
100
AcDbSymbolTableRecord
100
AcDbLayerTableRecord
  2
06_SENSORFPC
 70
     0
 62
     7
  6
Continuous
370
    -3
390
F
347
EF
348
0
  0
LAYER
  5
121F8
330
2
100
AcDbSymbolTableRecord
100
AcDbLayerTableRecord
  2
TOPGLASS
 70
     0
 62
     7
  6
Continuous
370
    -3
390
F
347
EF
348
0
  0
LAYER
  5
13F17
330
2
100
AcDbSymbolTableRecord
100
AcDbLayerTableRecord
  2
tape
 70
     0
 62
   151
  6
Continuous
370
    -3
390
F
347
EF
348
0
1001
AcAecLayerStandard
1000

1000

  0
LAYER
  5
154F1
102
{ACAD_XDICTIONARY
360
154F2
102
}
330
2
100
AcDbSymbolTableRecord
100
AcDbLayerTableRecord
  2
DIM
 70
     0
 62
     4
  6
Continuous
370
    -3
390
F
347
EF
348
0
1001
AcAecLayerStandard
1000

1000

  0
LAYER
  5
18356
330
2
100
AcDbSymbolTableRecord
100
AcDbLayerTableRecord
  2
GstarFastview4.2-ABCDEFGHIJKLMNOPQRSTUVWXYZ0123456789-note-layer-HCNoteLayer
 70
     0
 62
     7
  6
Continuous
370
    -3
390
F
347
EF
348
0
  0
ENDTAB
  0
TABLE
  2
STYLE
  5
3
330
0
100
AcDbSymbolTable
 70
     5
  0
STYLE
  5
11
330
3
100
AcDbSymbolTableRecord
100
AcDbTextStyleTableRecord
  2
Standard
 70
     0
 40
0.0
 41
1.0
 50
0.0
 71
     0
 42
2.5
  3
txt
  4
gbcbig.shx
  0
STYLE
  5
689E
330
3
100
AcDbSymbolTableRecord
100
AcDbTextStyleTableRecord
  2
ROMANC
 70
     0
 40
0.0
 41
1.0
 50
0.0
 71
     0
 42
1.479587179481906
  3
romanc
  4
AllInOneBig.shx
  0
STYLE
  5
689F
330
3
100
AcDbSymbolTableRecord
100
AcDbTextStyleTableRecord
  2
romans
 70
     0
 40
0.0
 41
1.0
 50
0.0
 71
     0
 42
2.5
  3
romans.shx
  4
AllInOneBig.shx
  0
STYLE
  5
9875
330
3
100
AcDbSymbolTableRecord
100
AcDbTextStyleTableRecord
  2
宋体
 70
     0
 40
0.0
 41
1.0
 50
0.0
 71
     0
 42
3.0
  3
SimSun.ttf
  4

1001
ACAD
1000
SimSun
1071
    34306
  0
STYLE
  5
18355
330
3
100
AcDbSymbolTableRecord
100
AcDbTextStyleTableRecord
  2
GstarFastview4.2-ABCDEFGHIJKLMNOPQRSTUVWXYZ0123456789-note-textstyle-HCNoteTextStyle
 70
     0
 40
0.0
 41
0.7
 50
0.0
 71
     0
 42
2.5
  3
AllInOneUni.shx
  4
AllInOneBig.shx
  0
ENDTAB
  0
TABLE
  2
VIEW
  5
6
330
0
100
AcDbSymbolTable
 70
     0
  0
ENDTAB
  0
TABLE
  2
UCS
  5
7
330
0
100
AcDbSymbolTable
 70
     0
  0
ENDTAB
  0
TABLE
  2
APPID
  5
9
330
0
100
AcDbSymbolTable
 70
    13
  0
APPID
  5
12
330
9
100
AcDbSymbolTableRecord
100
AcDbRegAppTableRecord
  2
ACAD
 70
     0
  0
APPID
  5
9E
330
9
100
AcDbSymbolTableRecord
100
AcDbRegAppTableRecord
  2
ACAD_PSEXT
 70
     0
  0
APPID
  5
5434
330
9
100
AcDbSymbolTableRecord
100
AcDbRegAppTableRecord
  2
AcAecLayerStandard
 70
     0
  0
APPID
  5
5435
330
9
100
AcDbSymbolTableRecord
100
AcDbRegAppTableRecord
  2
AcLayerTools
 70
     0
  0
APPID
  5
5436
330
9
100
AcDbSymbolTableRecord
100
AcDbRegAppTableRecord
  2
ACAD_NAV_VCDISPLAY
 70
     0
  0
APPID
  5
5437
330
9
100
AcDbSymbolTableRecord
100
AcDbRegAppTableRecord
  2
ACAD_DSTYLE_DIMJOGGED_JOGANGLE_SYMBOL
 70
     0
  0
APPID
  5
5FB9
330
9
100
AcDbSymbolTableRecord
100
AcDbRegAppTableRecord
  2
ACAD_EXEMPT_FROM_CAD_STANDARDS
 70
     0
  0
APPID
  5
68A4
330
9
100
AcDbSymbolTableRecord
100
AcDbRegAppTableRecord
  2
AcadAnnotative
 70
     0
  0
APPID
  5
68A5
330
9
100
AcDbSymbolTableRecord
100
AcDbRegAppTableRecord
  2
ACAD_DSTYLE_DIMJAG
 70
     0
  0
APPID
  5
68A6
330
9
100
AcDbSymbolTableRecord
100
AcDbRegAppTableRecord
  2
ACAD_DSTYLE_DIMTALN
 70
     0
  0
APPID
  5
97CA
330
9
100
AcDbSymbolTableRecord
100
AcDbRegAppTableRecord
  2
AcDbBlockRepETag
 70
     0
  0
APPID
  5
9AEA
330
9
100
AcDbSymbolTableRecord
100
AcDbRegAppTableRecord
  2
RAK
 70
     0
  0
APPID
  5
1835D
330
9
100
AcDbSymbolTableRecord
100
AcDbRegAppTableRecord
  2
ACAD_MLEADERVER
 70
     0
  0
ENDTAB
  0
TABLE
  2
DIMSTYLE
  5
A
330
0
100
AcDbSymbolTable
 70
     4
100
AcDbDimStyleTable
 71
     1
340
27
  0
DIMSTYLE
105
27
330
A
100
AcDbSymbolTableRecord
100
AcDbDimStyleTableRecord
  2
ISO-25
 70
     0
 41
2.5
 42
0.625
 43
3.75
 44
1.25
 73
     0
 74
     0
 77
     1
 78
     8
140
2.5
141
2.5
143
0.03937007874016
147
0.625
171
     3
172
     1
271
     2
272
     2
274
     3
278
    44
283
     0
284
     8
340
11
  0
DIMSTYLE
105
68A1
330
A
100
AcDbSymbolTableRecord
100
AcDbDimStyleTableRecord
  2
Standard
 70
     0
340
11
1001
ACAD_DSTYLE_DIMJAG
1070
   388
1040
1.5
1001
ACAD_DSTYLE_DIMTALN
1070
   392
1070
     0
  0
DIMSTYLE
105
13F18
330
A
100
AcDbSymbolTableRecord
100
AcDbDimStyleTableRecord
  2
Annotative
 70
     0
 40
0.0
 41
2.5
 42
0.625
 43
3.75
 44
1.25
 73
     0
 74
     0
 77
     1
 78
     8
140
3.5
141
2.5
143
0.03937007874016
147
0.625
171
     3
172
     1
271
     2
272
     2
274
     3
283
     0
284
     8
340
11
1001
AcadAnnotative
1000
AnnotativeData
1002
{
1070
     1
1070
     1
1002
}
1001
ACAD_DSTYLE_DIMJAG
1070
   388
1040
1.5
1001
ACAD_DSTYLE_DIMTALN
1070
   392
1070
     0
  0
ENDTAB
  0
TABLE
  2
BLOCK_RECORD
  5
1
330
0
100
AcDbSymbolTable
 70
     3
  0
BLOCK_RECORD
  5
1F
102
{ACAD_XDICTIONARY
360
5D72
102
}
330
1
100
AcDbSymbolTableRecord
100
AcDbBlockTableRecord
  2
*Model_Space
340
22
 70
     0
280
     1
281
     0
  0
BLOCK_RECORD
  5
D2
330
1
100
AcDbSymbolTableRecord
100
AcDbBlockTableRecord
  2
*Paper_Space
340
D3
 70
     0
280
     1
281
     0
  0
BLOCK_RECORD
  5
D6
330
1
100
AcDbSymbolTableRecord
100
AcDbBlockTableRecord
  2
*Paper_Space0
340
D7
 70
     0
280
     1
281
     0
  0
BLOCK_RECORD
  5
13F19
102
{ACAD_XDICTIONARY
360
13F1C
102
}
330
1
100
AcDbSymbolTableRecord
100
AcDbBlockTableRecord
  2
A$C37781869
340
0
 70
     1
280
     1
281
     0
  0
ENDTAB
  0
ENDSEC
  0
SECTION
  2
BLOCKS
  0
BLOCK
  5
20
330
1F
100
AcDbEntity
  8
0
100
AcDbBlockBegin
  2
*Model_Space
 70
     0
 10
0.0
 20
0.0
 30
0.0
  3
*Model_Space
  1

  0
ENDBLK
  5
21
330
1F
100
AcDbEntity
  8
0
100
AcDbBlockEnd
  0
BLOCK
  5
D4
330
D2
100
AcDbEntity
 67
     1
  8
0
100
AcDbBlockBegin
  2
*Paper_Space
 70
     0
 10
0.0
 20
0.0
 30
0.0
  3
*Paper_Space
  1

  0
ENDBLK
  5
D5
330
D2
100
AcDbEntity
 67
     1
  8
0
100
AcDbBlockEnd
  0
BLOCK
  5
D8
330
D6
100
AcDbEntity
 67
     1
  8
0
100
AcDbBlockBegin
  2
*Paper_Space0
 70
     0
 10
0.0
 20
0.0
 30
0.0
  3
*Paper_Space0
  1

  0
ENDBLK
  5
D9
330
D6
100
AcDbEntity
 67
     1
  8
0
100
AcDbBlockEnd
  0
BLOCK
  5
13F1E
330
13F19
100
AcDbEntity
  8
0
100
AcDbBlockBegin
  2
A$C37781869
 70
     0
 10
0.0
 20
0.0
 30
0.0
  3
A$C37781869
  1

  0
HATCH
  5
13F1A
330
13F19
100
AcDbEntity
  8
tape
100
AcDbHatch
 10
0.0
 20
0.0
 30
0.0
210
0.0
220
0.0
230
1.0
  2
ANSI31
 70
     0
 71
     1
 91
        1
 92
        1
 93
        8
 72
     1
 10
77.28999972379665
 20
7.699999803599496
 11
77.28999972379665
 21
-0.0000001964005492
 72
     1
 10
77.28999972379665
 20
-0.0000001964005492
 11
120.699999723796
 21
-0.0000001964005492
 72
     1
 10
120.699999723796
 20
-0.0000001964005492
 11
120.6999997237956
 21
14.08999980359937
 72
     1
 10
120.6999997237956
 20
14.08999980359937
 11
-0.0000002762037639
 21
14.08999980359937
 72
     1
 10
-0.0000002762037639
 20
14.08999980359937
 11
-0.0000002762035365
 21
-0.0000001964004355
 72
     1
 10
-0.0000002762035365
 20
-0.0000001964004355
 11
28.4999997237951
 21
-0.0000001964005492
 72
     1
 10
28.4999997237951
 20
-0.0000001964005492
 11
28.4999997237951
 21
7.699999803599496
 72
     1
 10
28.4999997237951
 20
7.699999803599496
 11
77.28999972379665
 21
7.699999803599496
 97
        1
330
13F1B
 75
     0
 76
     1
 52
0.0
 41
1.0
 77
     0
 78
     1
 53
45.0
 43
-146.9219979239628
 44
-135.2381632855089
 45
-0.0883883476483184
 46
0.0883883476483185
 79
     0
 98
        1
 10
-146.9219979239628
 20
-135.2381632855089
1001
ACAD
1010
0.0
1020
0.0
1030
0.0
  0
LWPOLYLINE
  5
13F1B
102
{ACAD_REACTORS
330
13F1A
102
}
330
13F19
100
AcDbEntity
  8
tape
100
AcDbPolyline
 90
        8
 70
     1
 43
0.0
 10
77.28999972379665
 20
7.699999803599496
 10
77.28999972379665
 20
-0.0000001964005492
 10
120.699999723796
 20
-0.0000001964005492
 10
120.6999997237956
 20
14.08999980359937
 10
-0.0000002762037639
 20
14.08999980359937
 10
-0.0000002762035365
 20
-0.0000001964004355
 10
28.4999997237951
 20
-0.0000001964005492
 10
28.4999997237951
 20
7.699999803599496
  0
ENDBLK
  5
13F1F
330
13F19
100
AcDbEntity
  8
0
100
AcDbBlockEnd
  0
ENDSEC
  0
SECTION
  2
ENTITIES
  0
LWPOLYLINE
  5
1809E
330
1F
100
AcDbEntity
  8
RCK_钼铝钼_MASK
100
AcDbPolyline
 90
       80
 70
     1
 43
0.0
 10
630.5669953505222
 20
127.2044072310445
 10
630.5669953506902
 20
127.0971889593089
 42
0.414213561914182
 10
630.5969953506902
 20
127.0671889593559
 10
630.7873506713653
 20
127.0671889593559
 42
-0.1989123671005855
 10
630.8085638747781
 20
127.0584021628142
 10
630.9430613681672
 20
126.9239046697141
 42
0.4142135623731109
 10
630.9854877750382
 20
126.923904669714
 10
631.1430613681082
 20
127.0814782628304
 42
-0.4142135626420365
 10
631.1854877749988
 20
127.0814782628492
 10
631.3430613678662
 20
126.9239046697293
 42
0.414213562529312
 10
631.3854877747488
 20
126.9239046697093
 10
631.5430613676823
 20
127.0814782628581
 42
-0.4142135627681608
 10
631.5854877745822
 20
127.081478262818
 10
631.7430613678072
 20
126.9239046697139
 42
0.414213562180583
 10
631.7854877746646
 20
126.9239046696656
 10
631.9430613679062
 20
127.0814782628214
 42
-0.4142135616652886
 10
631.9854877747262
 20
127.0814782628361
 10
632.1430613681193
 20
126.9239046697075
 42
0.4142135623369744
 10
632.1854877749877
 20
126.9239046697631
 10
632.31998526759
 20
127.0584021627603
 42
-0.1989123677611811
 10
632.3411984710567
 20
127.0671889593559
 10
632.3918482007115
 20
127.0671889593559
 42
0.4142135627466165
 10
632.4218482007112
 20
127.0971889593941
 10
632.4218482005387
 20
127.2326915025374
 42
-0.1989123677117991
 10
632.4306349971029
 20
127.2539047060114
 10
632.5139192683455
 20
127.3371889772534
 42
0.414213562373049
 10
632.5139192683457
 20
127.3796153841246
 10
632.3563456752164
 20
127.5371889772549
 42
-0.4142135623770585
 10
632.3563456752167
 20
127.5796153841264
 10
632.5139192683507
 20
127.7371889772502
 42
0.4142135623181579
 10
632.5139192683555
 20
127.7796153841174
 10
632.356345675211
 20
127.9371889773441
 42
-0.4142135624210665
 10
632.3563456752237
 20
127.9796153842188
 10
632.5139192683135
 20
128.1371889774194
 42
0.4142135626070603
 10
632.5139192683145
 20
128.1796153843075
 10
632.3563456752657
 20
128.3371889769278
 42
-0.4142135623190682
 10
632.3563456752115
 20
128.379615383795
 10
632.5139192683567
 20
128.5371889774835
 42
0.4142135622889527
 10
632.5139192682977
 20
128.5796153843486
 10
632.4306349972562
 20
128.6628996551189
 42
-0.1989123678027939
 10
632.4218482006572
 20
128.684112858589
 10
632.4218482006572
 20
128.8620418092473
 42
0.4142135623728862
 10
632.3918482006572
 20
128.8920418092473
 10
632.3394827422482
 20
128.8920418092473
 42
0.1989123678561587
 10
632.3182695387737
 20
128.883255012644
 10
632.1854877750264
 20
128.7504732484099
 42
-0.4142135626411065
 10
632.1430613681359
 20
128.7504732483592
 10
631.9854877745893
 20
128.9080468416445
 42
0.4142135615806079
 10
631.9430613677755
 20
128.9080468416641
 10
631.7854877738072
 20
128.7504732483673
 42
-0.4142135623660014
 10
631.7430613669366
 20
128.7504732484465
 10
631.5854877746476
 20
128.9080468413994
 42
0.4142135631273744
 10
631.5430613677217
 20
128.9080468414205
 10
631.3854877749528
 20
128.7504732484234
 42
-0.4142135622344651
 10
631.3430613680915
 20
128.7504732483848
 10
631.1854877745433
 20
128.9080468415329
 42
0.4142135624331304
 10
631.1430613676678
 20
128.9080468414865
 10
630.9854877750358
 20
128.7504732484306
 42
-0.4142135622146276
 10
630.9430613681761
 20
128.7504732483755
 10
630.8102796033621
 20
128.8832550127203
 42
0.1989123669205033
 10
630.7890663999637
 20
128.8920418092473
 10
630.5969953506235
 20
128.8920418092473
 42
0.4142135623730951
 10
630.5669953506235
 20
128.8620418092473
 10
630.5669953506235
 20
128.7123971297866
 42
0.1989123672718987
 10
630.5757821471789
 20
128.6911839263598
 10
630.6873506896502
 20
128.5796153837963
 42
-0.4142135626672099
 10
630.6873506896991
 20
128.5371889769038
 10
630.5297770964182
 20
128.3796153839019
 42
0.4142135615718562
 10
630.5297770963915
 20
128.3371889770887
 10
630.6873506896855
 20
128.179615383138
 42
-0.414213562146215
 10
630.6873506896252
 20
128.1371889762834
 10
630.5297770966602
 20
127.9796153837067
 42
0.4142135631273657
 10
630.5297770966391
 20
127.9371889767809
 10
630.6873506896359
 20
127.7796153842571
 42
-0.4142135622344902
 10
630.6873506896748
 20
127.737188977396
 10
630.5297770965267
 20
127.579615383848
 42
0.414213562433163
 10
630.529777096573
 20
127.5371889769724
 10
630.6873506896289
 20
127.3796153843403
 42
-0.4142135622146184
 10
630.6873506896842
 20
127.3371889774806
 10
630.5757821470482
 20
127.2256204344418
 42
0.198912367317297
  0
LWPOLYLINE
  5
1809F
330
1F
100
AcDbEntity
  8
RCK_钼铝钼_MASK
100
AcDbPolyline
 90
       80
 70
     1
 43
0.0
 10
619.0778782503201
 20
125.2895543811555
 10
619.0778782504883
 20
125.1823361094199
 42
0.414213561914182
 10
619.1078782504881
 20
125.1523361094669
 10
619.2982335711632
 20
125.1523361094669
 42
-0.1989123671005855
 10
619.3194467745761
 20
125.1435493129253
 10
619.453944267965
 20
125.0090518198251
 42
0.4142135623731109
 10
619.4963706748362
 20
125.009051819825
 10
619.653944267906
 20
125.1666254129415
 42
-0.4142135626420365
 10
619.6963706747967
 20
125.1666254129603
 10
619.8539442676641
 20
125.0090518198403
 42
0.414213562529312
 10
619.8963706745466
 20
125.0090518198204
 10
620.0539442674802
 20
125.1666254129691
 42
-0.4142135627681608
 10
620.0963706743801
 20
125.166625412929
 10
620.2539442676053
 20
125.009051819825
 42
0.414213562180583
 10
620.2963706744623
 20
125.0090518197766
 10
620.4539442677043
 20
125.1666254129324
 42
-0.4142135616652886
 10
620.4963706745242
 20
125.1666254129471
 10
620.653944267917
 20
125.0090518198186
 42
0.4142135623369744
 10
620.6963706747856
 20
125.0090518198742
 10
620.8308681673877
 20
125.1435493128714
 42
-0.1989123677611811
 10
620.8520813708546
 20
125.1523361094669
 10
620.9027311005093
 20
125.1523361094669
 42
0.4142135627466165
 10
620.9327311005092
 20
125.1823361095051
 10
620.9327311003366
 20
125.3178386526485
 42
-0.1989123677117991
 10
620.941517896901
 20
125.3390518561224
 10
621.0248021681434
 20
125.4223361273644
 42
0.414213562373049
 10
621.0248021681434
 20
125.4647625342356
 10
620.8672285750142
 20
125.6223361273659
 42
-0.4142135623770585
 10
620.8672285750147
 20
125.6647625342374
 10
621.0248021681486
 20
125.8223361273612
 42
0.4142135623181579
 10
621.0248021681532
 20
125.8647625342284
 10
620.867228575009
 20
126.0223361274552
 42
-0.4142135624210665
 10
620.8672285750217
 20
126.0647625343298
 10
621.0248021681112
 20
126.2223361275304
 42
0.4142135626070603
 10
621.0248021681125
 20
126.2647625344186
 10
620.8672285750638
 20
126.4223361270389
 42
-0.4142135623190682
 10
620.8672285750092
 20
126.4647625339061
 10
621.0248021681545
 20
126.6223361275945
 42
0.4142135622889527
 10
621.0248021680954
 20
126.6647625344596
 10
620.941517897054
 20
126.7480468052299
 42
-0.1989123678027939
 10
620.932731100455
 20
126.7692600087001
 10
620.932731100455
 20
126.9471889593583
 42
0.4142135623728862
 10
620.902731100455
 20
126.9771889593583
 10
620.8503656420463
 20
126.9771889593584
 42
0.1989123678561587
 10
620.8291524385717
 20
126.9684021627551
 10
620.6963706748243
 20
126.8356203985209
 42
-0.4142135626411065
 10
620.6539442679337
 20
126.8356203984702
 10
620.4963706743873
 20
126.9931939917555
 42
0.4142135615806079
 10
620.4539442675734
 20
126.9931939917751
 10
620.2963706736052
 20
126.8356203984783
 42
-0.4142135623660014
 10
620.2539442667346
 20
126.8356203985576
 10
620.0963706744452
 20
126.9931939915104
 42
0.4142135631273744
 10
620.0539442675196
 20
126.9931939915315
 10
619.8963706747505
 20
126.8356203985344
 42
-0.4142135622344651
 10
619.8539442678892
 20
126.8356203984958
 10
619.6963706743413
 20
126.9931939916439
 42
0.4142135624331304
 10
619.6539442674657
 20
126.9931939915975
 10
619.4963706748337
 20
126.8356203985417
 42
-0.4142135622146276
 10
619.453944267974
 20
126.8356203984865
 10
619.3211625031596
 20
126.9684021628314
 42
0.1989123669205033
 10
619.2999492997619
 20
126.9771889593583
 10
619.1078782504212
 20
126.9771889593583
 42
0.4142135623730951
 10
619.0778782504215
 20
126.9471889593583
 10
619.0778782504215
 20
126.7975442798977
 42
0.1989123672718987
 10
619.086665046977
 20
126.7763310764709
 10
619.1982335894481
 20
126.6647625339073
 42
-0.4142135626672099
 10
619.1982335894968
 20
126.6223361270148
 10
619.0406599962162
 20
126.4647625340129
 42
0.4142135615718562
 10
619.0406599961892
 20
126.4223361271998
 10
619.1982335894834
 20
126.2647625332492
 42
-0.414213562146215
 10
619.198233589423
 20
126.2223361263944
 10
619.0406599964581
 20
126.0647625338177
 42
0.4142135631273657
 10
619.0406599964367
 20
126.0223361268919
 10
619.1982335894339
 20
125.8647625343682
 42
-0.4142135622344902
 10
619.1982335894727
 20
125.822336127507
 10
619.0406599963246
 20
125.664762533959
 42
0.414213562433163
 10
619.040659996371
 20
125.6223361270835
 10
619.1982335894269
 20
125.4647625344514
 42
-0.4142135622146184
 10
619.198233589482
 20
125.4223361275917
 10
619.0866650468462
 20
125.3107675845528
 42
0.198912367317297
  0
LWPOLYLINE
  5
180A0
330
1F
100
AcDbEntity
  8
RCK_钼铝钼_MASK
100
AcDbPolyline
 90
       80
 70
     1
 43
0.0
 10
620.9927311003538
 20
125.2895543811549
 10
620.9927311005217
 20
125.1823361094193
 42
0.414213561914182
 10
621.0227311005218
 20
125.1523361094663
 10
621.2130864211967
 20
125.1523361094663
 42
-0.1989123671005855
 10
621.2342996246097
 20
125.1435493129247
 10
621.3687971179987
 20
125.0090518198245
 42
0.4142135623731109
 10
621.4112235248697
 20
125.0090518198244
 10
621.5687971179398
 20
125.1666254129409
 42
-0.4142135626420365
 10
621.6112235248304
 20
125.1666254129597
 10
621.7687971176977
 20
125.0090518198397
 42
0.414213562529312
 10
621.8112235245802
 20
125.0090518198197
 10
621.9687971175138
 20
125.1666254129685
 42
-0.4142135627681608
 10
622.0112235244137
 20
125.1666254129284
 10
622.1687971176387
 20
125.0090518198244
 42
0.414213562180583
 10
622.2112235244958
 20
125.009051819776
 10
622.3687971177376
 20
125.1666254129318
 42
-0.4142135616652886
 10
622.4112235245577
 20
125.1666254129465
 10
622.5687971179508
 20
125.0090518198179
 42
0.4142135623369744
 10
622.6112235248193
 20
125.0090518198735
 10
622.7457210174216
 20
125.1435493128707
 42
-0.1989123677611811
 10
622.7669342208882
 20
125.1523361094663
 10
622.8175839505429
 20
125.1523361094663
 42
0.4142135627466165
 10
622.8475839505429
 20
125.1823361095045
 10
622.8475839503702
 20
125.3178386526478
 42
-0.1989123677117991
 10
622.8563707469346
 20
125.3390518561218
 10
622.939655018177
 20
125.4223361273638
 42
0.414213562373049
 10
622.939655018177
 20
125.464762534235
 10
622.7820814250478
 20
125.6223361273653
 42
-0.4142135623770585
 10
622.7820814250482
 20
125.6647625342368
 10
622.9396550181822
 20
125.8223361273606
 42
0.4142135623181579
 10
622.9396550181867
 20
125.8647625342279
 10
622.7820814250426
 20
126.0223361274545
 42
-0.4142135624210665
 10
622.7820814250552
 20
126.0647625343292
 10
622.939655018145
 20
126.2223361275298
 42
0.4142135626070603
 10
622.9396550181461
 20
126.2647625344179
 10
622.7820814250973
 20
126.4223361270382
 42
-0.4142135623190682
 10
622.782081425043
 20
126.4647625339055
 10
622.9396550181879
 20
126.6223361275939
 42
0.4142135622889527
 10
622.9396550181292
 20
126.664762534459
 10
622.8563707470876
 20
126.7480468052293
 42
-0.1989123678027939
 10
622.8475839504887
 20
126.7692600086995
 10
622.8475839504887
 20
126.9471889593577
 42
0.4142135623728862
 10
622.8175839504887
 20
126.9771889593577
 10
622.7652184920797
 20
126.9771889593577
 42
0.1989123678561587
 10
622.7440052886053
 20
126.9684021627544
 10
622.6112235248581
 20
126.8356203985203
 42
-0.4142135626411065
 10
622.5687971179675
 20
126.8356203984696
 10
622.4112235244207
 20
126.9931939917549
 42
0.4142135615806079
 10
622.3687971176071
 20
126.9931939917745
 10
622.2112235236387
 20
126.8356203984777
 42
-0.4142135623660014
 10
622.1687971167682
 20
126.8356203985569
 10
622.0112235244791
 20
126.9931939915098
 42
0.4142135631273744
 10
621.9687971175532
 20
126.9931939915309
 10
621.8112235247843
 20
126.8356203985339
 42
-0.4142135622344651
 10
621.768797117923
 20
126.8356203984952
 10
621.6112235243747
 20
126.9931939916433
 42
0.4142135624331304
 10
621.5687971174992
 20
126.9931939915969
 10
621.4112235248673
 20
126.8356203985411
 42
-0.4142135622146276
 10
621.3687971180076
 20
126.8356203984859
 10
621.2360153531935
 20
126.9684021628308
 42
0.1989123669205033
 10
621.2148021497955
 20
126.9771889593577
 10
621.0227311004548
 20
126.9771889593577
 42
0.4142135623730951
 10
620.9927311004551
 20
126.9471889593577
 10
620.9927311004551
 20
126.7975442798971
 42
0.1989123672718987
 10
621.0015178970106
 20
126.7763310764703
 10
621.1130864394817
 20
126.6647625339067
 42
-0.4142135626672099
 10
621.1130864395307
 20
126.6223361270142
 10
620.9555128462498
 20
126.4647625340123
 42
0.4142135615718562
 10
620.955512846223
 20
126.4223361271991
 10
621.1130864395173
 20
126.2647625332486
 42
-0.414213562146215
 10
621.1130864394566
 20
126.2223361263938
 10
620.9555128464917
 20
126.0647625338171
 42
0.4142135631273657
 10
620.9555128464707
 20
126.0223361268913
 10
621.1130864394674
 20
125.8647625343676
 42
-0.4142135622344902
 10
621.1130864395062
 20
125.8223361275064
 10
620.9555128463582
 20
125.6647625339584
 42
0.414213562433163
 10
620.9555128464046
 20
125.6223361270829
 10
621.1130864394605
 20
125.4647625344507
 42
-0.4142135622146184
 10
621.1130864395157
 20
125.422336127591
 10
621.0015178968799
 20
125.3107675845522
 42
0.198912367317297
  0
LWPOLYLINE
  5
180A1
330
1F
100
AcDbEntity
  8
RCK_钼铝钼_MASK
100
AcDbPolyline
 90
       80
 70
     1
 43
0.0
 10
622.9075839503872
 20
125.2895543811549
 10
622.9075839505552
 20
125.1823361094193
 42
0.414213561914182
 10
622.9375839505552
 20
125.1523361094663
 10
623.1279392712306
 20
125.1523361094663
 42
-0.1989123671005855
 10
623.1491524746433
 20
125.1435493129247
 10
623.2836499680322
 20
125.0090518198245
 42
0.4142135623731109
 10
623.3260763749036
 20
125.0090518198244
 10
623.4836499679734
 20
125.1666254129409
 42
-0.4142135626420365
 10
623.5260763748639
 20
125.1666254129597
 10
623.6836499677314
 20
125.0090518198397
 42
0.414213562529312
 10
623.7260763746141
 20
125.0090518198198
 10
623.8836499675476
 20
125.1666254129685
 42
-0.4142135627681608
 10
623.9260763744472
 20
125.1666254129284
 10
624.0836499676722
 20
125.0090518198244
 42
0.414213562180583
 10
624.1260763745296
 20
125.009051819776
 10
624.2836499677712
 20
125.1666254129318
 42
-0.4142135616652886
 10
624.3260763745912
 20
125.1666254129465
 10
624.4836499679841
 20
125.0090518198179
 42
0.4142135623369744
 10
624.5260763748529
 20
125.0090518198735
 10
624.6605738674552
 20
125.1435493128708
 42
-0.1989123677611811
 10
624.6817870709218
 20
125.1523361094663
 10
624.7324368005766
 20
125.1523361094663
 42
0.4142135627466165
 10
624.7624368005764
 20
125.1823361095045
 10
624.7624368004037
 20
125.3178386526478
 42
-0.1989123677117991
 10
624.7712235969681
 20
125.3390518561218
 10
624.8545078682107
 20
125.4223361273638
 42
0.414213562373049
 10
624.8545078682107
 20
125.464762534235
 10
624.6969342750815
 20
125.6223361273653
 42
-0.4142135623770585
 10
624.6969342750817
 20
125.6647625342368
 10
624.8545078682156
 20
125.8223361273606
 42
0.4142135623181579
 10
624.8545078682203
 20
125.8647625342279
 10
624.6969342750762
 20
126.0223361274546
 42
-0.4142135624210665
 10
624.6969342750888
 20
126.0647625343292
 10
624.8545078681786
 20
126.2223361275298
 42
0.4142135626070603
 10
624.8545078681797
 20
126.264762534418
 10
624.6969342751308
 20
126.4223361270383
 42
-0.4142135623190682
 10
624.6969342750767
 20
126.4647625339055
 10
624.8545078682217
 20
126.6223361275939
 42
0.4142135622889527
 10
624.8545078681627
 20
126.664762534459
 10
624.7712235971213
 20
126.7480468052293
 42
-0.1989123678027939
 10
624.7624368005224
 20
126.7692600086995
 10
624.7624368005224
 20
126.9471889593577
 42
0.4142135623728862
 10
624.7324368005222
 20
126.9771889593577
 10
624.6800713421134
 20
126.9771889593577
 42
0.1989123678561587
 10
624.6588581386388
 20
126.9684021627545
 10
624.5260763748917
 20
126.8356203985203
 42
-0.4142135626411065
 10
624.4836499680011
 20
126.8356203984696
 10
624.3260763744545
 20
126.9931939917549
 42
0.4142135615806079
 10
624.2836499676407
 20
126.9931939917745
 10
624.1260763736725
 20
126.8356203984777
 42
-0.4142135623660014
 10
624.0836499668017
 20
126.8356203985569
 10
623.9260763745128
 20
126.9931939915098
 42
0.4142135631273744
 10
623.8836499675867
 20
126.9931939915309
 10
623.7260763748176
 20
126.8356203985339
 42
-0.4142135622344651
 10
623.6836499679566
 20
126.8356203984952
 10
623.5260763744085
 20
126.9931939916433
 42
0.4142135624331304
 10
623.483649967533
 20
126.9931939915969
 10
623.3260763749009
 20
126.8356203985411
 42
-0.4142135622146276
 10
623.2836499680412
 20
126.8356203984859
 10
623.1508682032272
 20
126.9684021628308
 42
0.1989123669205033
 10
623.1296549998289
 20
126.9771889593577
 10
622.9375839504887
 20
126.9771889593577
 42
0.4142135623730951
 10
622.9075839504887
 20
126.9471889593577
 10
622.9075839504887
 20
126.7975442798971
 42
0.1989123672718987
 10
622.9163707470442
 20
126.7763310764703
 10
623.0279392895154
 20
126.6647625339067
 42
-0.4142135626672099
 10
623.0279392895643
 20
126.6223361270142
 10
622.8703656962832
 20
126.4647625340123
 42
0.4142135615718562
 10
622.8703656962566
 20
126.4223361271991
 10
623.0279392895509
 20
126.2647625332486
 42
-0.414213562146215
 10
623.0279392894902
 20
126.2223361263938
 10
622.8703656965254
 20
126.0647625338171
 42
0.4142135631273657
 10
622.8703656965043
 20
126.0223361268913
 10
623.0279392895013
 20
125.8647625343676
 42
-0.4142135622344902
 10
623.02793928954
 20
125.8223361275064
 10
622.8703656963919
 20
125.6647625339584
 42
0.414213562433163
 10
622.8703656964381
 20
125.6223361270829
 10
623.027939289494
 20
125.4647625344508
 42
-0.4142135622146184
 10
623.0279392895493
 20
125.422336127591
 10
622.9163707469135
 20
125.3107675845522
 42
0.198912367317297
  0
LWPOLYLINE
  5
180A2
330
1F
100
AcDbEntity
  8
RCK_钼铝钼_MASK
100
AcDbPolyline
 90
       80
 70
     1
 43
0.0
 10
624.8224368004208
 20
125.2895543811537
 10
624.8224368005891
 20
125.1823361094181
 42
0.414213561914182
 10
624.8524368005891
 20
125.1523361094651
 10
625.0427921212642
 20
125.1523361094651
 42
-0.1989123671005855
 10
625.0640053246769
 20
125.1435493129234
 10
625.1985028180659
 20
125.0090518198233
 42
0.4142135623731109
 10
625.2409292249373
 20
125.0090518198232
 10
625.3985028180069
 20
125.1666254129396
 42
-0.4142135626420365
 10
625.4409292248976
 20
125.1666254129584
 10
625.5985028177649
 20
125.0090518198385
 42
0.414213562529312
 10
625.6409292246476
 20
125.0090518198185
 10
625.7985028175812
 20
125.1666254129673
 42
-0.4142135627681608
 10
625.840929224481
 20
125.1666254129272
 10
625.9985028177061
 20
125.0090518198232
 42
0.414213562180583
 10
626.0409292245632
 20
125.0090518197748
 10
626.1985028178051
 20
125.1666254129305
 42
-0.4142135616652886
 10
626.240929224625
 20
125.1666254129453
 10
626.3985028180177
 20
125.0090518198167
 42
0.4142135623369744
 10
626.4409292248865
 20
125.0090518198723
 10
626.5754267174887
 20
125.1435493128695
 42
-0.1989123677611811
 10
626.5966399209553
 20
125.1523361094651
 10
626.6472896506102
 20
125.1523361094651
 42
0.4142135627466165
 10
626.67728965061
 20
125.1823361095033
 10
626.6772896504375
 20
125.3178386526466
 42
-0.1989123677117991
 10
626.6860764470017
 20
125.3390518561205
 10
626.7693607182442
 20
125.4223361273626
 42
0.414213562373049
 10
626.7693607182444
 20
125.4647625342338
 10
626.6117871251151
 20
125.6223361273641
 42
-0.4142135623770585
 10
626.6117871251156
 20
125.6647625342356
 10
626.7693607182494
 20
125.8223361273594
 42
0.4142135623181579
 10
626.7693607182542
 20
125.8647625342266
 10
626.6117871251099
 20
126.0223361274533
 42
-0.4142135624210665
 10
626.6117871251226
 20
126.064762534328
 10
626.7693607182122
 20
126.2223361275286
 42
0.4142135626070603
 10
626.7693607182133
 20
126.2647625344168
 10
626.6117871251647
 20
126.422336127037
 42
-0.4142135623190682
 10
626.6117871251102
 20
126.4647625339043
 10
626.7693607182555
 20
126.6223361275927
 42
0.4142135622889527
 10
626.7693607181962
 20
126.6647625344578
 10
626.6860764471547
 20
126.7480468052281
 42
-0.1989123678027939
 10
626.677289650556
 20
126.7692600086983
 10
626.677289650556
 20
126.9471889593565
 42
0.4142135623728862
 10
626.6472896505561
 20
126.9771889593565
 10
626.5949241921472
 20
126.9771889593565
 42
0.1989123678561587
 10
626.5737109886726
 20
126.9684021627532
 10
626.4409292249254
 20
126.8356203985191
 42
-0.4142135626411065
 10
626.3985028180347
 20
126.8356203984684
 10
626.2409292244881
 20
126.9931939917537
 42
0.4142135615806079
 10
626.1985028176742
 20
126.9931939917733
 10
626.0409292237061
 20
126.8356203984765
 42
-0.4142135623660014
 10
625.9985028168355
 20
126.8356203985557
 10
625.8409292245462
 20
126.9931939915086
 42
0.4142135631273744
 10
625.7985028176205
 20
126.9931939915297
 10
625.6409292248512
 20
126.8356203985326
 42
-0.4142135622344651
 10
625.5985028179902
 20
126.835620398494
 10
625.4409292244422
 20
126.9931939916421
 42
0.4142135624331304
 10
625.3985028175667
 20
126.9931939915956
 10
625.2409292249344
 20
126.8356203985399
 42
-0.4142135622146276
 10
625.1985028180747
 20
126.8356203984847
 10
625.0657210532607
 20
126.9684021628296
 42
0.1989123669205033
 10
625.0445078498627
 20
126.9771889593565
 10
624.8524368005222
 20
126.9771889593565
 42
0.4142135623730951
 10
624.8224368005224
 20
126.9471889593565
 10
624.8224368005224
 20
126.7975442798958
 42
0.1989123672718987
 10
624.8312235970777
 20
126.7763310764691
 10
624.942792139549
 20
126.6647625339055
 42
-0.4142135626672099
 10
624.9427921395978
 20
126.622336127013
 10
624.7852185463171
 20
126.4647625340111
 42
0.4142135615718562
 10
624.7852185462902
 20
126.4223361271979
 10
624.9427921395845
 20
126.2647625332473
 42
-0.414213562146215
 10
624.9427921395238
 20
126.2223361263926
 10
624.785218546559
 20
126.0647625338159
 42
0.4142135631273657
 10
624.7852185465379
 20
126.0223361268901
 10
624.942792139535
 20
125.8647625343663
 42
-0.4142135622344902
 10
624.9427921395736
 20
125.8223361275052
 10
624.7852185464254
 20
125.6647625339572
 42
0.414213562433163
 10
624.7852185464718
 20
125.6223361270816
 10
624.9427921395278
 20
125.4647625344495
 42
-0.4142135622146184
 10
624.9427921395829
 20
125.4223361275898
 10
624.831223596947
 20
125.310767584551
 42
0.198912367317297
  0
LWPOLYLINE
  5
180A3
330
1F
100
AcDbEntity
  8
RCK_钼铝钼_MASK
100
AcDbPolyline
 90
       80
 70
     1
 43
0.0
 10
626.7372896504546
 20
125.2895543811537
 10
626.7372896506227
 20
125.1823361094181
 42
0.414213561914182
 10
626.7672896506228
 20
125.1523361094651
 10
626.9576449712977
 20
125.1523361094651
 42
-0.1989123671005855
 10
626.9788581747108
 20
125.1435493129235
 10
627.1133556680996
 20
125.0090518198233
 42
0.4142135623731109
 10
627.1557820749708
 20
125.0090518198232
 10
627.3133556680408
 20
125.1666254129396
 42
-0.4142135626420365
 10
627.3557820749313
 20
125.1666254129584
 10
627.5133556677984
 20
125.0090518198385
 42
0.414213562529312
 10
627.5557820746812
 20
125.0090518198185
 10
627.7133556676147
 20
125.1666254129673
 42
-0.4142135627681608
 10
627.7557820745146
 20
125.1666254129272
 10
627.9133556677396
 20
125.0090518198232
 42
0.414213562180583
 10
627.955782074597
 20
125.0090518197748
 10
628.1133556678387
 20
125.1666254129306
 42
-0.4142135616652886
 10
628.1557820746586
 20
125.1666254129453
 10
628.3133556680516
 20
125.0090518198167
 42
0.4142135623369744
 10
628.3557820749201
 20
125.0090518198723
 10
628.4902795675225
 20
125.1435493128695
 42
-0.1989123677611811
 10
628.5114927709892
 20
125.1523361094651
 10
628.5621425006437
 20
125.1523361094651
 42
0.4142135627466165
 10
628.5921425006437
 20
125.1823361095033
 10
628.5921425004711
 20
125.3178386526466
 42
-0.1989123677117991
 10
628.6009292970355
 20
125.3390518561206
 10
628.6842135682777
 20
125.4223361273626
 42
0.414213562373049
 10
628.6842135682781
 20
125.4647625342338
 10
628.5266399751487
 20
125.6223361273641
 42
-0.4142135623770585
 10
628.5266399751492
 20
125.6647625342356
 10
628.6842135682832
 20
125.8223361273594
 42
0.4142135623181579
 10
628.6842135682879
 20
125.8647625342266
 10
628.5266399751435
 20
126.0223361274533
 42
-0.4142135624210665
 10
628.5266399751563
 20
126.064762534328
 10
628.6842135682458
 20
126.2223361275286
 42
0.4142135626070603
 10
628.6842135682468
 20
126.2647625344168
 10
628.5266399751982
 20
126.422336127037
 42
-0.4142135623190682
 10
628.5266399751439
 20
126.4647625339043
 10
628.6842135682891
 20
126.6223361275927
 42
0.4142135622889527
 10
628.68421356823
 20
126.6647625344578
 10
628.6009292971884
 20
126.7480468052281
 42
-0.1989123678027939
 10
628.5921425005897
 20
126.7692600086983
 10
628.5921425005897
 20
126.9471889593565
 42
0.4142135623728862
 10
628.5621425005897
 20
126.9771889593565
 10
628.5097770421807
 20
126.9771889593565
 42
0.1989123678561587
 10
628.4885638387062
 20
126.9684021627532
 10
628.3557820749591
 20
126.8356203985191
 42
-0.4142135626411065
 10
628.3133556680684
 20
126.8356203984684
 10
628.1557820745217
 20
126.9931939917537
 42
0.4142135615806079
 10
628.113355667708
 20
126.9931939917733
 10
627.9557820737397
 20
126.8356203984765
 42
-0.4142135623660014
 10
627.9133556668691
 20
126.8356203985557
 10
627.75578207458
 20
126.9931939915086
 42
0.4142135631273744
 10
627.7133556676542
 20
126.9931939915297
 10
627.5557820748851
 20
126.8356203985326
 42
-0.4142135622344651
 10
627.5133556680239
 20
126.835620398494
 10
627.3557820744757
 20
126.9931939916421
 42
0.4142135624331304
 10
627.3133556676002
 20
126.9931939915957
 10
627.1557820749682
 20
126.8356203985399
 42
-0.4142135622146276
 10
627.1133556681085
 20
126.8356203984847
 10
626.9805739032944
 20
126.9684021628296
 42
0.1989123669205033
 10
626.9593606998965
 20
126.9771889593565
 10
626.7672896505557
 20
126.9771889593565
 42
0.4142135623730951
 10
626.737289650556
 20
126.9471889593565
 10
626.737289650556
 20
126.7975442798958
 42
0.1989123672718987
 10
626.7460764471116
 20
126.7763310764691
 10
626.8576449895824
 20
126.6647625339055
 42
-0.4142135626672099
 10
626.8576449896317
 20
126.622336127013
 10
626.7000713963508
 20
126.4647625340111
 42
0.4142135615718562
 10
626.7000713963239
 20
126.4223361271979
 10
626.8576449896182
 20
126.2647625332473
 42
-0.414213562146215
 10
626.8576449895577
 20
126.2223361263926
 10
626.7000713965926
 20
126.0647625338159
 42
0.4142135631273657
 10
626.7000713965715
 20
126.0223361268901
 10
626.8576449895686
 20
125.8647625343664
 42
-0.4142135622344902
 10
626.8576449896072
 20
125.8223361275052
 10
626.700071396459
 20
125.6647625339572
 42
0.414213562433163
 10
626.7000713965055
 20
125.6223361270816
 10
626.8576449895614
 20
125.4647625344495
 42
-0.4142135622146184
 10
626.8576449896166
 20
125.4223361275898
 10
626.7460764469809
 20
125.310767584551
 42
0.198912367317297
  0
LWPOLYLINE
  5
180A4
330
1F
100
AcDbEntity
  8
RCK_钼铝钼_MASK
100
AcDbPolyline
 90
       80
 70
     1
 43
0.0
 10
628.6521425004884
 20
125.2895543811531
 10
628.6521425006562
 20
125.1823361094175
 42
0.414213561914182
 10
628.6821425006563
 20
125.1523361094645
 10
628.8724978213315
 20
125.1523361094645
 42
-0.1989123671005855
 10
628.8937110247442
 20
125.1435493129228
 10
629.0282085181332
 20
125.0090518198227
 42
0.4142135623731109
 10
629.0706349250045
 20
125.0090518198226
 10
629.2282085180742
 20
125.166625412939
 42
-0.4142135626420365
 10
629.2706349249649
 20
125.1666254129578
 10
629.4282085178322
 20
125.0090518198379
 42
0.414213562529312
 10
629.4706349247149
 20
125.0090518198179
 10
629.6282085176486
 20
125.1666254129667
 42
-0.4142135627681608
 10
629.6706349245482
 20
125.1666254129266
 10
629.8282085177732
 20
125.0090518198226
 42
0.414213562180583
 10
629.8706349246306
 20
125.0090518197742
 10
630.0282085178722
 20
125.1666254129299
 42
-0.4142135616652886
 10
630.0706349246922
 20
125.1666254129447
 10
630.2282085180852
 20
125.0090518198161
 42
0.4142135623369744
 10
630.2706349249538
 20
125.0090518198717
 10
630.4051324175561
 20
125.1435493128689
 42
-0.1989123677611811
 10
630.4263456210227
 20
125.1523361094645
 10
630.4769953506775
 20
125.1523361094645
 42
0.4142135627466165
 10
630.5069953506772
 20
125.1823361095027
 10
630.5069953505047
 20
125.317838652646
 42
-0.1989123677117991
 10
630.5157821470692
 20
125.3390518561199
 10
630.5990664183116
 20
125.4223361273619
 42
0.414213562373049
 10
630.5990664183117
 20
125.4647625342331
 10
630.4414928251823
 20
125.6223361273635
 42
-0.4142135623770585
 10
630.4414928251827
 20
125.664762534235
 10
630.5990664183167
 20
125.8223361273588
 42
0.4142135623181579
 10
630.5990664183215
 20
125.864762534226
 10
630.4414928251771
 20
126.0223361274527
 42
-0.4142135624210665
 10
630.4414928251899
 20
126.0647625343274
 10
630.5990664182793
 20
126.222336127528
 42
0.4142135626070603
 10
630.5990664182806
 20
126.264762534416
 10
630.4414928252318
 20
126.4223361270364
 42
-0.4142135623190682
 10
630.4414928251776
 20
126.4647625339037
 10
630.5990664183227
 20
126.6223361275921
 42
0.4142135622889527
 10
630.5990664182637
 20
126.6647625344572
 10
630.5157821472222
 20
126.7480468052275
 42
-0.1989123678027939
 10
630.5069953506232
 20
126.7692600086977
 10
630.5069953506232
 20
126.9471889593559
 42
0.4142135623728862
 10
630.4769953506234
 20
126.9771889593559
 10
630.4246298922143
 20
126.9771889593559
 42
0.1989123678561587
 10
630.4034166887397
 20
126.9684021627526
 10
630.2706349249928
 20
126.8356203985185
 42
-0.4142135626411065
 10
630.228208518102
 20
126.8356203984678
 10
630.0706349245554
 20
126.9931939917531
 42
0.4142135615806079
 10
630.0282085177416
 20
126.9931939917726
 10
629.8706349237733
 20
126.8356203984759
 42
-0.4142135623660014
 10
629.8282085169027
 20
126.8356203985551
 10
629.6706349246136
 20
126.993193991508
 42
0.4142135631273744
 10
629.6282085176877
 20
126.9931939915291
 10
629.4706349249187
 20
126.835620398532
 42
-0.4142135622344651
 10
629.4282085180574
 20
126.8356203984934
 10
629.2706349245094
 20
126.9931939916415
 42
0.4142135624331304
 10
629.2282085176339
 20
126.993193991595
 10
629.070634925002
 20
126.8356203985393
 42
-0.4142135622146276
 10
629.0282085181423
 20
126.8356203984841
 10
628.8954267533281
 20
126.9684021628289
 42
0.1989123669205033
 10
628.8742135499301
 20
126.9771889593559
 10
628.6821425005896
 20
126.9771889593559
 42
0.4142135623730951
 10
628.6521425005895
 20
126.9471889593559
 10
628.6521425005895
 20
126.7975442798952
 42
0.1989123672718987
 10
628.6609292971452
 20
126.7763310764684
 10
628.7724978396162
 20
126.6647625339049
 42
-0.4142135626672099
 10
628.7724978396652
 20
126.6223361270123
 10
628.6149242463842
 20
126.4647625340105
 42
0.4142135615718562
 10
628.6149242463575
 20
126.4223361271973
 10
628.7724978396517
 20
126.2647625332467
 42
-0.414213562146215
 10
628.7724978395912
 20
126.222336126392
 10
628.6149242466263
 20
126.0647625338153
 42
0.4142135631273657
 10
628.6149242466051
 20
126.0223361268895
 10
628.7724978396022
 20
125.8647625343657
 42
-0.4142135622344902
 10
628.7724978396409
 20
125.8223361275046
 10
628.6149242464928
 20
125.6647625339566
 42
0.414213562433163
 10
628.6149242465391
 20
125.622336127081
 10
628.772497839595
 20
125.4647625344489
 42
-0.4142135622146184
 10
628.7724978396502
 20
125.4223361275892
 10
628.6609292970145
 20
125.3107675845504
 42
0.198912367317297
  0
LWPOLYLINE
  5
180A5
330
1F
100
AcDbEntity
  8
RCK_钼铝钼_MASK
100
AcDbPolyline
 90
       80
 70
     1
 43
0.0
 10
630.566995350522
 20
125.2895543811531
 10
630.56699535069
 20
125.1823361094175
 42
0.414213561914182
 10
630.59699535069
 20
125.1523361094645
 10
630.7873506713653
 20
125.1523361094645
 42
-0.1989123671005855
 10
630.808563874778
 20
125.1435493129228
 10
630.9430613681669
 20
125.0090518198227
 42
0.4142135623731109
 10
630.9854877750381
 20
125.0090518198226
 10
631.1430613681079
 20
125.166625412939
 42
-0.4142135626420365
 10
631.1854877749984
 20
125.1666254129578
 10
631.343061367866
 20
125.0090518198379
 42
0.414213562529312
 10
631.3854877747485
 20
125.0090518198179
 10
631.5430613676823
 20
125.1666254129667
 42
-0.4142135627681608
 10
631.5854877745818
 20
125.1666254129266
 10
631.743061367807
 20
125.0090518198226
 42
0.414213562180583
 10
631.7854877746643
 20
125.0090518197742
 10
631.943061367906
 20
125.16662541293
 42
-0.4142135616652886
 10
631.9854877747259
 20
125.1666254129447
 10
632.1430613681187
 20
125.0090518198161
 42
0.4142135623369744
 10
632.1854877749874
 20
125.0090518198717
 10
632.3199852675896
 20
125.1435493128689
 42
-0.1989123677611811
 10
632.3411984710562
 20
125.1523361094645
 10
632.3918482007111
 20
125.1523361094645
 42
0.4142135627466165
 10
632.4218482007111
 20
125.1823361095027
 10
632.4218482005384
 20
125.317838652646
 42
-0.1989123677117991
 10
632.4306349971029
 20
125.3390518561199
 10
632.5139192683452
 20
125.422336127362
 42
0.414213562373049
 10
632.5139192683454
 20
125.4647625342332
 10
632.3563456752159
 20
125.6223361273635
 42
-0.4142135623770585
 10
632.3563456752165
 20
125.664762534235
 10
632.5139192683502
 20
125.8223361273588
 42
0.4142135623181579
 10
632.5139192683551
 20
125.864762534226
 10
632.3563456752107
 20
126.0223361274527
 42
-0.4142135624210665
 10
632.3563456752236
 20
126.0647625343274
 10
632.5139192683129
 20
126.222336127528
 42
0.4142135626070603
 10
632.5139192683143
 20
126.264762534416
 10
632.3563456752656
 20
126.4223361270364
 42
-0.4142135623190682
 10
632.3563456752112
 20
126.4647625339037
 10
632.5139192683564
 20
126.6223361275921
 42
0.4142135622889527
 10
632.5139192682974
 20
126.6647625344572
 10
632.4306349972559
 20
126.7480468052275
 42
-0.1989123678027939
 10
632.4218482006568
 20
126.7692600086977
 10
632.4218482006568
 20
126.9471889593559
 42
0.4142135623728862
 10
632.391848200657
 20
126.9771889593559
 10
632.3394827422482
 20
126.9771889593559
 42
0.1989123678561587
 10
632.3182695387735
 20
126.9684021627526
 10
632.1854877750261
 20
126.8356203985185
 42
-0.4142135626411065
 10
632.1430613681357
 20
126.8356203984678
 10
631.985487774589
 20
126.9931939917531
 42
0.4142135615806079
 10
631.9430613677752
 20
126.9931939917726
 10
631.7854877738072
 20
126.8356203984759
 42
-0.4142135623660014
 10
631.7430613669362
 20
126.8356203985551
 10
631.5854877746471
 20
126.993193991508
 42
0.4142135631273744
 10
631.5430613677214
 20
126.9931939915291
 10
631.3854877749522
 20
126.835620398532
 42
-0.4142135622344651
 10
631.3430613680909
 20
126.8356203984934
 10
631.1854877745433
 20
126.9931939916415
 42
0.4142135624331304
 10
631.1430613676678
 20
126.9931939915951
 10
630.9854877750356
 20
126.8356203985393
 42
-0.4142135622146276
 10
630.9430613681759
 20
126.8356203984841
 10
630.8102796033617
 20
126.968402162829
 42
0.1989123669205033
 10
630.7890663999637
 20
126.9771889593559
 10
630.5969953506233
 20
126.9771889593559
 42
0.4142135623730951
 10
630.5669953506233
 20
126.9471889593559
 10
630.5669953506233
 20
126.7975442798952
 42
0.1989123672718987
 10
630.5757821471789
 20
126.7763310764684
 10
630.68735068965
 20
126.6647625339049
 42
-0.4142135626672099
 10
630.6873506896987
 20
126.6223361270124
 10
630.5297770964179
 20
126.4647625340105
 42
0.4142135615718562
 10
630.5297770963911
 20
126.4223361271973
 10
630.6873506896853
 20
126.2647625332467
 42
-0.414213562146215
 10
630.6873506896247
 20
126.222336126392
 10
630.5297770966598
 20
126.0647625338153
 42
0.4142135631273657
 10
630.5297770966387
 20
126.0223361268895
 10
630.6873506896359
 20
125.8647625343657
 42
-0.4142135622344902
 10
630.6873506896745
 20
125.8223361275046
 10
630.5297770965264
 20
125.6647625339566
 42
0.414213562433163
 10
630.5297770965727
 20
125.622336127081
 10
630.6873506896287
 20
125.4647625344489
 42
-0.4142135622146184
 10
630.6873506896837
 20
125.4223361275892
 10
630.5757821470481
 20
125.3107675845504
 42
0.198912367317297
  0
LWPOLYLINE
  5
180A6
330
1F
100
AcDbEntity
  8
RCK_钼铝钼_MASK
100
AcDbPolyline
 90
       80
 70
     1
 43
0.0
 10
632.4818482005556
 20
125.2895543811519
 10
632.4818482007237
 20
125.1823361094163
 42
0.414213561914182
 10
632.5118482007236
 20
125.1523361094633
 10
632.7022035213988
 20
125.1523361094632
 42
-0.1989123671005855
 10
632.7234167248116
 20
125.1435493129216
 10
632.8579142182006
 20
125.0090518198215
 42
0.4142135623731109
 10
632.9003406250717
 20
125.0090518198214
 10
633.0579142181416
 20
125.1666254129378
 42
-0.4142135626420365
 10
633.1003406250322
 20
125.1666254129566
 10
633.2579142178996
 20
125.0090518198367
 42
0.414213562529312
 10
633.300340624782
 20
125.0090518198167
 10
633.4579142177156
 20
125.1666254129654
 42
-0.4142135627681608
 10
633.5003406246154
 20
125.1666254129253
 10
633.6579142178407
 20
125.0090518198213
 42
0.414213562180583
 10
633.7003406246979
 20
125.009051819773
 10
633.8579142179396
 20
125.1666254129287
 42
-0.4142135616652886
 10
633.9003406247595
 20
125.1666254129435
 10
634.0579142181525
 20
125.0090518198149
 42
0.4142135623369744
 10
634.100340625021
 20
125.0090518198705
 10
634.2348381176232
 20
125.1435493128677
 42
-0.1989123677611811
 10
634.2560513210901
 20
125.1523361094633
 10
634.3067010507447
 20
125.1523361094633
 42
0.4142135627466165
 10
634.3367010507448
 20
125.1823361095015
 10
634.3367010505719
 20
125.3178386526448
 42
-0.1989123677117991
 10
634.3454878471365
 20
125.3390518561187
 10
634.4287721183789
 20
125.4223361273608
 42
0.414213562373049
 10
634.428772118379
 20
125.4647625342319
 10
634.2711985252496
 20
125.6223361273623
 42
-0.4142135623770585
 10
634.27119852525
 20
125.6647625342337
 10
634.4287721183841
 20
125.8223361273576
 42
0.4142135623181579
 10
634.4287721183888
 20
125.8647625342248
 10
634.2711985252442
 20
126.0223361274515
 42
-0.4142135624210665
 10
634.2711985252573
 20
126.0647625343262
 10
634.4287721183468
 20
126.2223361275268
 42
0.4142135626070603
 10
634.4287721183477
 20
126.2647625344149
 10
634.2711985252992
 20
126.4223361270352
 42
-0.4142135623190682
 10
634.2711985252449
 20
126.4647625339025
 10
634.42877211839
 20
126.6223361275908
 42
0.4142135622889527
 10
634.428772118331
 20
126.6647625344559
 10
634.3454878472895
 20
126.7480468052263
 42
-0.1989123678027939
 10
634.3367010506906
 20
126.7692600086964
 10
634.3367010506906
 20
126.9471889593547
 42
0.4142135623728862
 10
634.3067010506906
 20
126.9771889593547
 10
634.2543355922816
 20
126.9771889593547
 42
0.1989123678561587
 10
634.2331223888073
 20
126.9684021627514
 10
634.1003406250599
 20
126.8356203985173
 42
-0.4142135626411065
 10
634.0579142181692
 20
126.8356203984666
 10
633.9003406246226
 20
126.9931939917518
 42
0.4142135615806079
 10
633.8579142178088
 20
126.9931939917714
 10
633.7003406238407
 20
126.8356203984747
 42
-0.4142135623660014
 10
633.6579142169701
 20
126.8356203985539
 10
633.5003406246809
 20
126.9931939915068
 42
0.4142135631273744
 10
633.4579142177553
 20
126.9931939915279
 10
633.300340624986
 20
126.8356203985308
 42
-0.4142135622344651
 10
633.2579142181248
 20
126.8356203984922
 10
633.1003406245766
 20
126.9931939916403
 42
0.4142135624331304
 10
633.0579142177013
 20
126.9931939915938
 10
632.9003406250692
 20
126.835620398538
 42
-0.4142135622146276
 10
632.8579142182095
 20
126.8356203984829
 10
632.7251324533952
 20
126.9684021628277
 42
0.1989123669205033
 10
632.7039192499974
 20
126.9771889593547
 10
632.5118482006569
 20
126.9771889593547
 42
0.4142135623730951
 10
632.4818482006569
 20
126.9471889593546
 10
632.4818482006569
 20
126.797544279894
 42
0.1989123672718987
 10
632.4906349972125
 20
126.7763310764672
 10
632.6022035396836
 20
126.6647625339036
 42
-0.4142135626672099
 10
632.6022035397325
 20
126.6223361270112
 10
632.4446299464516
 20
126.4647625340093
 42
0.4142135615718562
 10
632.4446299464247
 20
126.4223361271961
 10
632.602203539719
 20
126.2647625332455
 42
-0.414213562146215
 10
632.6022035396585
 20
126.2223361263907
 10
632.4446299466933
 20
126.0647625338141
 42
0.4142135631273657
 10
632.4446299466723
 20
126.0223361268882
 10
632.6022035396695
 20
125.8647625343645
 42
-0.4142135622344902
 10
632.602203539708
 20
125.8223361275033
 10
632.4446299465598
 20
125.6647625339553
 42
0.414213562433163
 10
632.4446299466065
 20
125.6223361270798
 10
632.6022035396622
 20
125.4647625344477
 42
-0.4142135622146184
 10
632.6022035397175
 20
125.422336127588
 10
632.4906349970818
 20
125.3107675845491
 42
0.198912367317297
  0
LWPOLYLINE
  5
180A7
330
1F
100
AcDbEntity
  8
RCK_钼铝钼_MASK
100
AcDbPolyline
 90
       80
 70
     1
 43
0.0
 10
634.3967010505892
 20
125.2895543811519
 10
634.396701050757
 20
125.1823361094163
 42
0.414213561914182
 10
634.4267010507572
 20
125.1523361094633
 10
634.6170563714322
 20
125.1523361094633
 42
-0.1989123671005855
 10
634.6382695748452
 20
125.1435493129216
 10
634.7727670682342
 20
125.0090518198215
 42
0.4142135623731109
 10
634.8151934751053
 20
125.0090518198214
 10
634.9727670681752
 20
125.1666254129378
 42
-0.4142135626420365
 10
635.0151934750657
 20
125.1666254129566
 10
635.1727670679332
 20
125.0090518198367
 42
0.414213562529312
 10
635.2151934748158
 20
125.0090518198167
 10
635.3727670677492
 20
125.1666254129655
 42
-0.4142135627681608
 10
635.4151934746489
 20
125.1666254129253
 10
635.5727670678742
 20
125.0090518198213
 42
0.414213562180583
 10
635.6151934747315
 20
125.009051819773
 10
635.7727670679732
 20
125.1666254129287
 42
-0.4142135616652886
 10
635.815193474793
 20
125.1666254129435
 10
635.9727670681861
 20
125.0090518198149
 42
0.4142135623369744
 10
636.0151934750547
 20
125.0090518198705
 10
636.1496909676571
 20
125.1435493128677
 42
-0.1989123677611811
 10
636.1709041711237
 20
125.1523361094633
 10
636.2215539007783
 20
125.1523361094633
 42
0.4142135627466165
 10
636.2515539007784
 20
125.1823361095015
 10
636.2515539006055
 20
125.3178386526448
 42
-0.1989123677117991
 10
636.2603406971701
 20
125.3390518561187
 10
636.3436249684124
 20
125.4223361273608
 42
0.414213562373049
 10
636.3436249684126
 20
125.4647625342319
 10
636.1860513752832
 20
125.6223361273623
 42
-0.4142135623770585
 10
636.1860513752836
 20
125.6647625342338
 10
636.3436249684177
 20
125.8223361273576
 42
0.4142135623181579
 10
636.3436249684224
 20
125.8647625342248
 10
636.1860513752779
 20
126.0223361274515
 42
-0.4142135624210665
 10
636.1860513752907
 20
126.0647625343262
 10
636.3436249683805
 20
126.2223361275268
 42
0.4142135626070603
 10
636.3436249683815
 20
126.2647625344149
 10
636.1860513753327
 20
126.4223361270352
 42
-0.4142135623190682
 10
636.1860513752787
 20
126.4647625339025
 10
636.3436249684236
 20
126.6223361275909
 42
0.4142135622889527
 10
636.3436249683647
 20
126.6647625344559
 10
636.2603406973232
 20
126.7480468052263
 42
-0.1989123678027939
 10
636.2515539007242
 20
126.7692600086964
 10
636.2515539007242
 20
126.9471889593547
 42
0.4142135623728862
 10
636.2215539007243
 20
126.9771889593547
 10
636.1691884423152
 20
126.9771889593547
 42
0.1989123678561587
 10
636.1479752388409
 20
126.9684021627514
 10
636.0151934750936
 20
126.8356203985173
 42
-0.4142135626411065
 10
635.972767068203
 20
126.8356203984666
 10
635.8151934746562
 20
126.9931939917519
 42
0.4142135615806079
 10
635.7727670678424
 20
126.9931939917714
 10
635.6151934738742
 20
126.8356203984747
 42
-0.4142135623660014
 10
635.5727670670038
 20
126.8356203985539
 10
635.4151934747145
 20
126.9931939915068
 42
0.4142135631273744
 10
635.3727670677888
 20
126.9931939915279
 10
635.2151934750196
 20
126.8356203985308
 42
-0.4142135622344651
 10
635.1727670681582
 20
126.8356203984922
 10
635.0151934746102
 20
126.9931939916403
 42
0.4142135624331304
 10
634.9727670677349
 20
126.9931939915938
 10
634.8151934751029
 20
126.835620398538
 42
-0.4142135622146276
 10
634.7727670682433
 20
126.8356203984829
 10
634.6399853034291
 20
126.9684021628277
 42
0.1989123669205033
 10
634.6187721000309
 20
126.9771889593547
 10
634.4267010506905
 20
126.9771889593547
 42
0.4142135623730951
 10
634.3967010506905
 20
126.9471889593547
 10
634.3967010506905
 20
126.797544279894
 42
0.1989123672718987
 10
634.4054878472461
 20
126.7763310764673
 10
634.5170563897172
 20
126.6647625339036
 42
-0.4142135626672099
 10
634.5170563897661
 20
126.6223361270112
 10
634.3594827964851
 20
126.4647625340093
 42
0.4142135615718562
 10
634.3594827964583
 20
126.4223361271961
 10
634.5170563897527
 20
126.2647625332455
 42
-0.414213562146215
 10
634.5170563896921
 20
126.2223361263908
 10
634.3594827967272
 20
126.0647625338141
 42
0.4142135631273657
 10
634.359482796706
 20
126.0223361268883
 10
634.5170563897031
 20
125.8647625343645
 42
-0.4142135622344902
 10
634.5170563897417
 20
125.8223361275033
 10
634.3594827965937
 20
125.6647625339554
 42
0.414213562433163
 10
634.3594827966401
 20
125.6223361270798
 10
634.5170563896957
 20
125.4647625344477
 42
-0.4142135622146184
 10
634.5170563897511
 20
125.422336127588
 10
634.4054878471154
 20
125.3107675845491
 42
0.198912367317297
  0
LWPOLYLINE
  5
180A8
330
1F
100
AcDbEntity
  8
RCK_钼铝钼_MASK
100
AcDbPolyline
 90
       80
 70
     1
 43
0.0
 10
636.3115539006228
 20
125.2895543811513
 10
636.3115539007908
 20
125.1823361094157
 42
0.414213561914182
 10
636.3415539007908
 20
125.1523361094627
 10
636.5319092214661
 20
125.1523361094626
 42
-0.1989123671005855
 10
636.5531224248789
 20
125.143549312921
 10
636.6876199182676
 20
125.0090518198209
 42
0.4142135623731109
 10
636.730046325139
 20
125.0090518198208
 10
636.8876199182087
 20
125.1666254129372
 42
-0.4142135626420365
 10
636.9300463250993
 20
125.166625412956
 10
637.0876199179669
 20
125.0090518198361
 42
0.414213562529312
 10
637.1300463248494
 20
125.0090518198161
 10
637.2876199177831
 20
125.1666254129648
 42
-0.4142135627681608
 10
637.3300463246827
 20
125.1666254129247
 10
637.4876199179077
 20
125.0090518198208
 42
0.414213562180583
 10
637.5300463247651
 20
125.0090518197724
 10
637.6876199180069
 20
125.1666254129281
 42
-0.4142135616652886
 10
637.7300463248267
 20
125.1666254129429
 10
637.8876199182197
 20
125.0090518198143
 42
0.4142135623369744
 10
637.9300463250882
 20
125.0090518198699
 10
638.0645438176907
 20
125.1435493128671
 42
-0.1989123677611811
 10
638.0857570211574
 20
125.1523361094627
 10
638.1364067508118
 20
125.1523361094627
 42
0.4142135627466165
 10
638.166406750812
 20
125.1823361095009
 10
638.1664067506392
 20
125.3178386526442
 42
-0.1989123677117991
 10
638.1751935472038
 20
125.3390518561181
 10
638.2584778184463
 20
125.4223361273601
 42
0.414213562373049
 10
638.2584778184463
 20
125.4647625342313
 10
638.1009042253167
 20
125.6223361273617
 42
-0.4142135623770585
 10
638.1009042253174
 20
125.6647625342331
 10
638.2584778184514
 20
125.822336127357
 42
0.4142135623181579
 10
638.2584778184558
 20
125.8647625342242
 10
638.1009042253118
 20
126.0223361274509
 42
-0.4142135624210665
 10
638.1009042253245
 20
126.0647625343256
 10
638.2584778184141
 20
126.2223361275262
 42
0.4142135626070603
 10
638.2584778184153
 20
126.2647625344143
 10
638.1009042253666
 20
126.4223361270346
 42
-0.4142135623190682
 10
638.1009042253123
 20
126.4647625339019
 10
638.2584778184572
 20
126.6223361275903
 42
0.4142135622889527
 10
638.2584778183983
 20
126.6647625344553
 10
638.1751935473566
 20
126.7480468052257
 42
-0.1989123678027939
 10
638.1664067507577
 20
126.7692600086958
 10
638.1664067507577
 20
126.9471889593541
 42
0.4142135623728862
 10
638.1364067507579
 20
126.977188959354
 10
638.0840412923491
 20
126.9771889593541
 42
0.1989123678561587
 10
638.0628280888745
 20
126.9684021627508
 10
637.9300463251272
 20
126.8356203985167
 42
-0.4142135626411065
 10
637.8876199182366
 20
126.835620398466
 10
637.7300463246897
 20
126.9931939917512
 42
0.4142135615806079
 10
637.6876199178759
 20
126.9931939917708
 10
637.530046323908
 20
126.8356203984741
 42
-0.4142135623660014
 10
637.4876199170373
 20
126.8356203985533
 10
637.3300463247481
 20
126.9931939915062
 42
0.4142135631273744
 10
637.2876199178222
 20
126.9931939915273
 10
637.1300463250532
 20
126.8356203985302
 42
-0.4142135622344651
 10
637.0876199181921
 20
126.8356203984916
 10
636.9300463246441
 20
126.9931939916397
 42
0.4142135624331304
 10
636.8876199177686
 20
126.9931939915932
 10
636.7300463251365
 20
126.8356203985374
 42
-0.4142135622146276
 10
636.6876199182767
 20
126.8356203984823
 10
636.5548381534627
 20
126.9684021628271
 42
0.1989123669205033
 10
636.5336249500646
 20
126.977188959354
 10
636.3415539007243
 20
126.977188959354
 42
0.4142135623730951
 10
636.3115539007242
 20
126.947188959354
 10
636.3115539007242
 20
126.7975442798934
 42
0.1989123672718987
 10
636.3203406972798
 20
126.7763310764666
 10
636.4319092397509
 20
126.664762533903
 42
-0.4142135626672099
 10
636.4319092397997
 20
126.6223361270105
 10
636.2743356465188
 20
126.4647625340087
 42
0.4142135615718562
 10
636.2743356464918
 20
126.4223361271955
 10
636.4319092397862
 20
126.2647625332449
 42
-0.414213562146215
 10
636.4319092397257
 20
126.2223361263901
 10
636.2743356467607
 20
126.0647625338135
 42
0.4142135631273657
 10
636.2743356467396
 20
126.0223361268876
 10
636.4319092397368
 20
125.8647625343639
 42
-0.4142135622344902
 10
636.4319092397752
 20
125.8223361275027
 10
636.2743356466274
 20
125.6647625339548
 42
0.414213562433163
 10
636.2743356466737
 20
125.6223361270792
 10
636.4319092397296
 20
125.4647625344471
 42
-0.4142135622146184
 10
636.4319092397847
 20
125.4223361275874
 10
636.3203406971489
 20
125.3107675845486
 42
0.198912367317297
  0
LWPOLYLINE
  5
180A9
330
1F
100
AcDbEntity
  8
RCK_钼铝钼_MASK
100
AcDbPolyline
 90
       80
 70
     1
 43
0.0
 10
638.2264067506565
 20
125.2895543811513
 10
638.2264067508247
 20
125.1823361094157
 42
0.414213561914182
 10
638.2564067508243
 20
125.1523361094627
 10
638.4467620714997
 20
125.1523361094627
 42
-0.1989123671005855
 10
638.4679752749125
 20
125.143549312921
 10
638.6024727683015
 20
125.0090518198209
 42
0.4142135623731109
 10
638.6448991751726
 20
125.0090518198208
 10
638.8024727682425
 20
125.1666254129372
 42
-0.4142135626420365
 10
638.8448991751332
 20
125.166625412956
 10
639.0024727680005
 20
125.0090518198361
 42
0.414213562529312
 10
639.0448991748828
 20
125.0090518198161
 10
639.2024727678167
 20
125.1666254129649
 42
-0.4142135627681608
 10
639.2448991747165
 20
125.1666254129247
 10
639.4024727679416
 20
125.0090518198208
 42
0.414213562180583
 10
639.4448991747987
 20
125.0090518197724
 10
639.6024727680403
 20
125.1666254129281
 42
-0.4142135616652886
 10
639.6448991748605
 20
125.1666254129429
 10
639.8024727682534
 20
125.0090518198143
 42
0.4142135623369744
 10
639.8448991751219
 20
125.0090518198699
 10
639.9793966677242
 20
125.1435493128671
 42
-0.1989123677611811
 10
640.000609871191
 20
125.1523361094627
 10
640.0512596008456
 20
125.1523361094627
 42
0.4142135627466165
 10
640.0812596008456
 20
125.1823361095009
 10
640.081259600673
 20
125.3178386526442
 42
-0.1989123677117991
 10
640.0900463972374
 20
125.3390518561181
 10
640.1733306684798
 20
125.4223361273601
 42
0.414213562373049
 10
640.1733306684798
 20
125.4647625342313
 10
640.0157570753506
 20
125.6223361273617
 42
-0.4142135623770585
 10
640.0157570753511
 20
125.6647625342332
 10
640.173330668485
 20
125.822336127357
 42
0.4142135623181579
 10
640.1733306684897
 20
125.8647625342242
 10
640.0157570753454
 20
126.0223361274509
 42
-0.4142135624210665
 10
640.0157570753581
 20
126.0647625343256
 10
640.1733306684477
 20
126.2223361275262
 42
0.4142135626070603
 10
640.1733306684489
 20
126.2647625344143
 10
640.0157570754002
 20
126.4223361270346
 42
-0.4142135623190682
 10
640.0157570753457
 20
126.4647625339019
 10
640.1733306684909
 20
126.6223361275903
 42
0.4142135622889527
 10
640.1733306684317
 20
126.6647625344553
 10
640.0900463973901
 20
126.7480468052257
 42
-0.1989123678027939
 10
640.0812596007916
 20
126.7692600086958
 10
640.0812596007916
 20
126.9471889593541
 42
0.4142135623728862
 10
640.0512596007915
 20
126.9771889593541
 10
639.9988941423827
 20
126.9771889593541
 42
0.1989123678561587
 10
639.9776809389082
 20
126.9684021627508
 10
639.8448991751608
 20
126.8356203985167
 42
-0.4142135626411065
 10
639.8024727682702
 20
126.835620398466
 10
639.6448991747234
 20
126.9931939917513
 42
0.4142135615806079
 10
639.6024727679098
 20
126.9931939917708
 10
639.4448991739416
 20
126.8356203984741
 42
-0.4142135623660014
 10
639.402472767071
 20
126.8356203985533
 10
639.2448991747817
 20
126.9931939915062
 42
0.4142135631273744
 10
639.2024727678562
 20
126.9931939915273
 10
639.0448991750869
 20
126.8356203985302
 42
-0.4142135622344651
 10
639.0024727682257
 20
126.8356203984916
 10
638.8448991746777
 20
126.9931939916397
 42
0.4142135624331304
 10
638.8024727678023
 20
126.9931939915932
 10
638.6448991751701
 20
126.8356203985374
 42
-0.4142135622146276
 10
638.6024727683102
 20
126.8356203984823
 10
638.4696910034961
 20
126.9684021628271
 42
0.1989123669205033
 10
638.4484778000983
 20
126.9771889593541
 10
638.2564067507577
 20
126.977188959354
 42
0.4142135623730951
 10
638.2264067507577
 20
126.9471889593541
 10
638.2264067507577
 20
126.7975442798934
 42
0.1989123672718987
 10
638.2351935473134
 20
126.7763310764666
 10
638.3467620897844
 20
126.664762533903
 42
-0.4142135626672099
 10
638.3467620898334
 20
126.6223361270105
 10
638.1891884965527
 20
126.4647625340087
 42
0.4142135615718562
 10
638.1891884965257
 20
126.4223361271955
 10
638.3467620898199
 20
126.2647625332449
 42
-0.414213562146215
 10
638.3467620897594
 20
126.2223361263902
 10
638.1891884967942
 20
126.0647625338135
 42
0.4142135631273657
 10
638.1891884967732
 20
126.0223361268877
 10
638.3467620897703
 20
125.8647625343639
 42
-0.4142135622344902
 10
638.346762089809
 20
125.8223361275027
 10
638.189188496661
 20
125.6647625339548
 42
0.414213562433163
 10
638.1891884967074
 20
125.6223361270792
 10
638.3467620897633
 20
125.4647625344471
 42
-0.4142135622146184
 10
638.3467620898183
 20
125.4223361275874
 10
638.2351935471826
 20
125.3107675845486
 42
0.198912367317297
  0
LWPOLYLINE
  5
180AA
330
1F
100
AcDbEntity
  8
RCK_钼铝钼_MASK
100
AcDbPolyline
 90
       80
 70
     1
 43
0.0
 10
640.1412596006902
 20
125.2895543811501
 10
640.1412596008582
 20
125.1823361094144
 42
0.414213561914182
 10
640.1712596008581
 20
125.1523361094614
 10
640.3616149215332
 20
125.1523361094614
 42
-0.1989123671005855
 10
640.3828281249461
 20
125.1435493129198
 10
640.5173256183351
 20
125.0090518198196
 42
0.4142135623731109
 10
640.5597520252062
 20
125.0090518198196
 10
640.7173256182761
 20
125.166625412936
 42
-0.4142135626420365
 10
640.7597520251668
 20
125.1666254129548
 10
640.9173256180341
 20
125.0090518198349
 42
0.414213562529312
 10
640.9597520249167
 20
125.0090518198149
 10
641.1173256178503
 20
125.1666254129636
 42
-0.4142135627681608
 10
641.1597520247501
 20
125.1666254129235
 10
641.3173256179752
 20
125.0090518198195
 42
0.414213562180583
 10
641.3597520248322
 20
125.0090518197711
 10
641.5173256180742
 20
125.1666254129269
 42
-0.4142135616652886
 10
641.5597520248941
 20
125.1666254129417
 10
641.7173256182868
 20
125.0090518198131
 42
0.4142135623369744
 10
641.7597520251556
 20
125.0090518198686
 10
641.894249517758
 20
125.1435493128659
 42
-0.1989123677611811
 10
641.9154627212248
 20
125.1523361094614
 10
641.9661124508793
 20
125.1523361094614
 42
0.4142135627466165
 10
641.9961124508793
 20
125.1823361094997
 10
641.9961124507066
 20
125.317838652643
 42
-0.1989123677117991
 10
642.0048992472709
 20
125.3390518561169
 10
642.0881835185134
 20
125.4223361273589
 42
0.414213562373049
 10
642.0881835185134
 20
125.4647625342301
 10
641.9306099253843
 20
125.6223361273605
 42
-0.4142135623770585
 10
641.9306099253847
 20
125.6647625342319
 10
642.0881835185188
 20
125.8223361273558
 42
0.4142135623181579
 10
642.0881835185232
 20
125.864762534223
 10
641.930609925379
 20
126.0223361274497
 42
-0.4142135624210665
 10
641.9306099253917
 20
126.0647625343243
 10
642.0881835184814
 20
126.2223361275249
 42
0.4142135626070603
 10
642.0881835184825
 20
126.2647625344131
 10
641.9306099254336
 20
126.4223361270334
 42
-0.4142135623190682
 10
641.9306099253795
 20
126.4647625339007
 10
642.0881835185245
 20
126.622336127589
 42
0.4142135622889527
 10
642.0881835184656
 20
126.6647625344541
 10
642.004899247424
 20
126.7480468052244
 42
-0.1989123678027939
 10
641.9961124508253
 20
126.7692600086946
 10
641.9961124508253
 20
126.9471889593528
 42
0.4142135623728862
 10
641.9661124508252
 20
126.9771889593529
 10
641.9137469924162
 20
126.9771889593529
 42
0.1989123678561587
 10
641.8925337889417
 20
126.9684021627496
 10
641.7597520251945
 20
126.8356203985154
 42
-0.4142135626411065
 10
641.7173256183039
 20
126.8356203984648
 10
641.5597520247573
 20
126.99319399175
 42
0.4142135615806079
 10
641.5173256179435
 20
126.9931939917696
 10
641.3597520239752
 20
126.8356203984729
 42
-0.4142135623660014
 10
641.3173256171046
 20
126.8356203985521
 10
641.1597520248155
 20
126.9931939915049
 42
0.4142135631273744
 10
641.1173256178898
 20
126.9931939915261
 10
640.9597520251203
 20
126.835620398529
 42
-0.4142135622344651
 10
640.9173256182594
 20
126.8356203984904
 10
640.7597520247112
 20
126.9931939916384
 42
0.4142135624331304
 10
640.7173256178357
 20
126.993193991592
 10
640.5597520252038
 20
126.8356203985362
 42
-0.4142135622146276
 10
640.5173256183441
 20
126.835620398481
 10
640.38454385353
 20
126.9684021628259
 42
0.1989123669205033
 10
640.3633306501319
 20
126.9771889593529
 10
640.1712596007912
 20
126.9771889593528
 42
0.4142135623730951
 10
640.1412596007915
 20
126.9471889593528
 10
640.1412596007915
 20
126.7975442798922
 42
0.1989123672718987
 10
640.150046397347
 20
126.7763310764654
 10
640.2616149398181
 20
126.6647625339018
 42
-0.4142135626672099
 10
640.261614939867
 20
126.6223361270093
 10
640.1040413465862
 20
126.4647625340074
 42
0.4142135615718562
 10
640.1040413465594
 20
126.4223361271943
 10
640.2616149398536
 20
126.2647625332437
 42
-0.414213562146215
 10
640.261614939793
 20
126.2223361263889
 10
640.1040413468281
 20
126.0647625338122
 42
0.4142135631273657
 10
640.1040413468067
 20
126.0223361268864
 10
640.2616149398038
 20
125.8647625343627
 42
-0.4142135622344902
 10
640.2616149398427
 20
125.8223361275015
 10
640.1040413466946
 20
125.6647625339535
 42
0.414213562433163
 10
640.104041346741
 20
125.622336127078
 10
640.2616149397969
 20
125.4647625344459
 42
-0.4142135622146184
 10
640.2616149398518
 20
125.4223361275862
 10
640.1500463972162
 20
125.3107675845473
 42
0.198912367317297
  0
LWPOLYLINE
  5
180AB
330
1F
100
AcDbEntity
  8
RCK_钼铝钼_MASK
100
AcDbPolyline
 90
       80
 70
     1
 43
0.0
 10
642.0561124507237
 20
125.2895543811501
 10
642.0561124508918
 20
125.1823361094144
 42
0.414213561914182
 10
642.0861124508917
 20
125.1523361094615
 10
642.276467771567
 20
125.1523361094614
 42
-0.1989123671005855
 10
642.2976809749798
 20
125.1435493129198
 10
642.4321784683687
 20
125.0090518198196
 42
0.4142135623731109
 10
642.4746048752397
 20
125.0090518198196
 10
642.6321784683097
 20
125.166625412936
 42
-0.4142135626420365
 10
642.6746048752002
 20
125.1666254129548
 10
642.8321784680678
 20
125.0090518198349
 42
0.414213562529312
 10
642.8746048749502
 20
125.0090518198149
 10
643.032178467884
 20
125.1666254129636
 42
-0.4142135627681608
 10
643.0746048747837
 20
125.1666254129235
 10
643.2321784680087
 20
125.0090518198195
 42
0.414213562180583
 10
643.274604874866
 20
125.0090518197711
 10
643.4321784681077
 20
125.1666254129269
 42
-0.4142135616652886
 10
643.4746048749278
 20
125.1666254129417
 10
643.6321784683207
 20
125.0090518198131
 42
0.4142135623369744
 10
643.6746048751892
 20
125.0090518198687
 10
643.8091023677916
 20
125.1435493128659
 42
-0.1989123677611811
 10
643.830315571258
 20
125.1523361094614
 10
643.880965300913
 20
125.1523361094614
 42
0.4142135627466165
 10
643.9109653009128
 20
125.1823361094997
 10
643.9109653007403
 20
125.317838652643
 42
-0.1989123677117991
 10
643.9197520973046
 20
125.3390518561169
 10
644.0030363685471
 20
125.4223361273589
 42
0.414213562373049
 10
644.0030363685472
 20
125.4647625342301
 10
643.8454627754179
 20
125.6223361273605
 42
-0.4142135623770585
 10
643.8454627754182
 20
125.6647625342319
 10
644.0030363685522
 20
125.8223361273558
 42
0.4142135623181579
 10
644.0030363685568
 20
125.864762534223
 10
643.8454627754127
 20
126.0223361274497
 42
-0.4142135624210665
 10
643.8454627754253
 20
126.0647625343243
 10
644.003036368515
 20
126.222336127525
 42
0.4142135626070603
 10
644.0030363685163
 20
126.2647625344131
 10
643.8454627754675
 20
126.4223361270334
 42
-0.4142135623190682
 10
643.8454627754131
 20
126.4647625339007
 10
644.0030363685582
 20
126.622336127589
 42
0.4142135622889527
 10
644.0030363684992
 20
126.6647625344541
 10
643.9197520974577
 20
126.7480468052244
 42
-0.1989123678027939
 10
643.9109653008586
 20
126.7692600086946
 10
643.9109653008586
 20
126.9471889593528
 42
0.4142135623728862
 10
643.8809653008587
 20
126.9771889593529
 10
643.82859984245
 20
126.9771889593529
 42
0.1989123678561587
 10
643.8073866389752
 20
126.9684021627496
 10
643.6746048752281
 20
126.8356203985155
 42
-0.4142135626411065
 10
643.6321784683374
 20
126.8356203984648
 10
643.4746048747909
 20
126.99319399175
 42
0.4142135615806079
 10
643.4321784679771
 20
126.9931939917696
 10
643.2746048740089
 20
126.8356203984729
 42
-0.4142135623660014
 10
643.2321784671382
 20
126.8356203985521
 10
643.0746048748491
 20
126.9931939915049
 42
0.4142135631273744
 10
643.0321784679232
 20
126.9931939915261
 10
642.874604875154
 20
126.835620398529
 42
-0.4142135622344651
 10
642.832178468293
 20
126.8356203984904
 10
642.674604874745
 20
126.9931939916384
 42
0.4142135624331304
 10
642.6321784678695
 20
126.993193991592
 10
642.4746048752372
 20
126.8356203985362
 42
-0.4142135622146276
 10
642.4321784683777
 20
126.835620398481
 10
642.2993967035636
 20
126.9684021628259
 42
0.1989123669205033
 10
642.2781835001655
 20
126.9771889593529
 10
642.0861124508251
 20
126.9771889593529
 42
0.4142135623730951
 10
642.0561124508251
 20
126.9471889593528
 10
642.0561124508251
 20
126.7975442798922
 42
0.1989123672718987
 10
642.0648992473807
 20
126.7763310764654
 10
642.1764677898518
 20
126.6647625339018
 42
-0.4142135626672099
 10
642.1764677899004
 20
126.6223361270093
 10
642.0188941966197
 20
126.4647625340074
 42
0.4142135615718562
 10
642.018894196593
 20
126.4223361271943
 10
642.1764677898872
 20
126.2647625332437
 42
-0.414213562146215
 10
642.1764677898266
 20
126.2223361263889
 10
642.0188941968618
 20
126.0647625338123
 42
0.4142135631273657
 10
642.0188941968405
 20
126.0223361268864
 10
642.1764677898377
 20
125.8647625343627
 42
-0.4142135622344902
 10
642.1764677898764
 20
125.8223361275015
 10
642.0188941967283
 20
125.6647625339535
 42
0.414213562433163
 10
642.0188941967746
 20
125.622336127078
 10
642.1764677898304
 20
125.4647625344459
 42
-0.4142135622146184
 10
642.1764677898856
 20
125.4223361275862
 10
642.0648992472497
 20
125.3107675845473
 42
0.198912367317297
  0
LWPOLYLINE
  5
180AC
330
1F
100
AcDbEntity
  8
RCK_钼铝钼_MASK
100
AcDbPolyline
 90
       80
 70
     1
 43
0.0
 10
619.0778782503197
 20
123.3747015312641
 10
619.0778782504877
 20
123.2674832595285
 42
0.414213561914182
 10
619.1078782504876
 20
123.2374832595755
 10
619.2982335711631
 20
123.2374832595755
 42
-0.1989123671005855
 10
619.3194467745759
 20
123.2286964630339
 10
619.4539442679647
 20
123.0941989699337
 42
0.4142135623731109
 10
619.4963706748359
 20
123.0941989699336
 10
619.6539442679059
 20
123.2517725630501
 42
-0.4142135626420365
 10
619.6963706747965
 20
123.2517725630689
 10
619.8539442676636
 20
123.0941989699489
 42
0.414213562529312
 10
619.8963706745462
 20
123.094198969929
 10
620.0539442674799
 20
123.2517725630777
 42
-0.4142135627681608
 10
620.0963706743797
 20
123.2517725630376
 10
620.253944267605
 20
123.0941989699336
 42
0.414213562180583
 10
620.2963706744623
 20
123.0941989698852
 10
620.4539442677038
 20
123.251772563041
 42
-0.4142135616652886
 10
620.4963706745237
 20
123.2517725630557
 10
620.6539442679167
 20
123.0941989699271
 42
0.4142135623369744
 10
620.6963706747854
 20
123.0941989699827
 10
620.8308681673877
 20
123.22869646298
 42
-0.1989123677611811
 10
620.8520813708543
 20
123.2374832595755
 10
620.902731100509
 20
123.2374832595755
 42
0.4142135627466165
 10
620.932731100509
 20
123.2674832596138
 10
620.9327311003362
 20
123.4029858027571
 42
-0.1989123677117991
 10
620.9415178969006
 20
123.424199006231
 10
621.0248021681431
 20
123.507483277473
 42
0.414213562373049
 10
621.0248021681431
 20
123.5499096843442
 10
620.8672285750139
 20
123.7074832774746
 42
-0.4142135623770585
 10
620.8672285750142
 20
123.749909684346
 10
621.0248021681483
 20
123.9074832774698
 42
0.4142135623181579
 10
621.0248021681527
 20
123.9499096843371
 10
620.8672285750086
 20
124.1074832775638
 42
-0.4142135624210665
 10
620.8672285750215
 20
124.1499096844384
 10
621.0248021681111
 20
124.307483277639
 42
0.4142135626070603
 10
621.0248021681121
 20
124.3499096845272
 10
620.8672285750634
 20
124.5074832771475
 42
-0.4142135623190682
 10
620.8672285750092
 20
124.5499096840147
 10
621.0248021681542
 20
124.7074832777031
 42
0.4142135622889527
 10
621.0248021680952
 20
124.7499096845682
 10
620.9415178970536
 20
124.8331939553386
 42
-0.1989123678027939
 10
620.9327311004547
 20
124.8544071588087
 10
620.9327311004547
 20
125.0323361094669
 42
0.4142135623728862
 10
620.9027311004547
 20
125.0623361094669
 10
620.8503656420457
 20
125.0623361094669
 42
0.1989123678561587
 10
620.8291524385714
 20
125.0535493128637
 10
620.6963706748243
 20
124.9207675486295
 42
-0.4142135626411065
 10
620.6539442679336
 20
124.9207675485788
 10
620.4963706743868
 20
125.0783411418641
 42
0.4142135615806079
 10
620.4539442675731
 20
125.0783411418837
 10
620.2963706736047
 20
124.920767548587
 42
-0.4142135623660014
 10
620.2539442667344
 20
124.9207675486661
 10
620.0963706744451
 20
125.078341141619
 42
0.4142135631273744
 10
620.0539442675192
 20
125.0783411416401
 10
619.8963706747502
 20
124.9207675486431
 42
-0.4142135622344651
 10
619.8539442678891
 20
124.9207675486045
 10
619.6963706743408
 20
125.0783411417525
 42
0.4142135624331304
 10
619.6539442674652
 20
125.0783411417061
 10
619.4963706748335
 20
124.9207675486503
 42
-0.4142135622146276
 10
619.4539442679738
 20
124.9207675485951
 10
619.3211625031596
 20
125.05354931294
 42
0.1989123669205033
 10
619.2999492997613
 20
125.0623361094669
 10
619.1078782504209
 20
125.0623361094669
 42
0.4142135623730951
 10
619.0778782504211
 20
125.0323361094669
 10
619.0778782504211
 20
124.8826914300063
 42
0.1989123672718987
 10
619.0866650469764
 20
124.8614782265795
 10
619.1982335894479
 20
124.7499096840159
 42
-0.4142135626672099
 10
619.1982335894968
 20
124.7074832771234
 10
619.0406599962159
 20
124.5499096841215
 42
0.4142135615718562
 10
619.0406599961891
 20
124.5074832773084
 10
619.1982335894833
 20
124.3499096833578
 42
-0.414213562146215
 10
619.1982335894225
 20
124.307483276503
 10
619.0406599964577
 20
124.1499096839263
 42
0.4142135631273657
 10
619.0406599964367
 20
124.1074832770005
 10
619.1982335894337
 20
123.9499096844768
 42
-0.4142135622344902
 10
619.1982335894722
 20
123.9074832776156
 10
619.0406599963242
 20
123.7499096840676
 42
0.414213562433163
 10
619.0406599963708
 20
123.7074832771921
 10
619.1982335894265
 20
123.54990968456
 42
-0.4142135622146184
 10
619.1982335894818
 20
123.5074832777002
 10
619.0866650468457
 20
123.3959147346614
 42
0.198912367317297
  0
LWPOLYLINE
  5
180AD
330
1F
100
AcDbEntity
  8
RCK_钼铝钼_MASK
100
AcDbPolyline
 90
       80
 70
     1
 43
0.0
 10
620.9927311003532
 20
123.3747015312635
 10
620.9927311005214
 20
123.2674832595279
 42
0.414213561914182
 10
621.0227311005215
 20
123.2374832595749
 10
621.2130864211967
 20
123.2374832595749
 42
-0.1989123671005855
 10
621.2342996246095
 20
123.2286964630333
 10
621.3687971179982
 20
123.0941989699331
 42
0.4142135623731109
 10
621.4112235248697
 20
123.094198969933
 10
621.5687971179395
 20
123.2517725630495
 42
-0.4142135626420365
 10
621.61122352483
 20
123.2517725630683
 10
621.7687971176972
 20
123.0941989699483
 42
0.414213562529312
 10
621.81122352458
 20
123.0941989699283
 10
621.9687971175136
 20
123.2517725630771
 42
-0.4142135627681608
 10
622.0112235244132
 20
123.251772563037
 10
622.1687971176386
 20
123.094198969933
 42
0.414213562180583
 10
622.2112235244956
 20
123.0941989698846
 10
622.3687971177374
 20
123.2517725630404
 42
-0.4142135616652886
 10
622.4112235245573
 20
123.2517725630551
 10
622.5687971179503
 20
123.0941989699265
 42
0.4142135623369744
 10
622.611223524819
 20
123.0941989699821
 10
622.7457210174214
 20
123.2286964629794
 42
-0.1989123677611811
 10
622.7669342208879
 20
123.2374832595749
 10
622.8175839505427
 20
123.2374832595749
 42
0.4142135627466165
 10
622.8475839505428
 20
123.2674832596132
 10
622.8475839503698
 20
123.4029858027565
 42
-0.1989123677117991
 10
622.8563707469342
 20
123.4241990062304
 10
622.9396550181767
 20
123.5074832774724
 42
0.414213562373049
 10
622.9396550181767
 20
123.5499096843436
 10
622.7820814250476
 20
123.7074832774739
 42
-0.4142135623770585
 10
622.7820814250478
 20
123.7499096843454
 10
622.9396550181818
 20
123.9074832774692
 42
0.4142135623181579
 10
622.9396550181866
 20
123.9499096843365
 10
622.7820814250422
 20
124.1074832775632
 42
-0.4142135624210665
 10
622.7820814250551
 20
124.1499096844378
 10
622.9396550181448
 20
124.3074832776384
 42
0.4142135626070603
 10
622.9396550181458
 20
124.3499096845265
 10
622.7820814250971
 20
124.5074832771468
 42
-0.4142135623190682
 10
622.7820814250427
 20
124.5499096840141
 10
622.9396550181879
 20
124.7074832777025
 42
0.4142135622889527
 10
622.9396550181287
 20
124.7499096845676
 10
622.8563707470872
 20
124.8331939553379
 42
-0.1989123678027939
 10
622.8475839504882
 20
124.8544071588081
 10
622.8475839504883
 20
125.0323361094663
 42
0.4142135623728862
 10
622.8175839504887
 20
125.0623361094663
 10
622.7652184920795
 20
125.0623361094663
 42
0.1989123678561587
 10
622.7440052886053
 20
125.053549312863
 10
622.6112235248579
 20
124.9207675486289
 42
-0.4142135626411065
 10
622.5687971179673
 20
124.9207675485782
 10
622.4112235244205
 20
125.0783411418635
 42
0.4142135615806079
 10
622.3687971176067
 20
125.0783411418831
 10
622.2112235236386
 20
124.9207675485863
 42
-0.4142135623660014
 10
622.168797116768
 20
124.9207675486655
 10
622.0112235244787
 20
125.0783411416184
 42
0.4142135631273744
 10
621.9687971175527
 20
125.0783411416395
 10
621.8112235247838
 20
124.9207675486424
 42
-0.4142135622344651
 10
621.7687971179227
 20
124.9207675486038
 10
621.6112235243747
 20
125.0783411417519
 42
0.4142135624331304
 10
621.5687971174991
 20
125.0783411417055
 10
621.4112235248673
 20
124.9207675486497
 42
-0.4142135622146276
 10
621.3687971180075
 20
124.9207675485945
 10
621.2360153531932
 20
125.0535493129394
 42
0.1989123669205033
 10
621.2148021497952
 20
125.0623361094663
 10
621.0227311004547
 20
125.0623361094663
 42
0.4142135623730951
 10
620.9927311004547
 20
125.0323361094663
 10
620.9927311004547
 20
124.8826914300057
 42
0.1989123672718987
 10
621.0015178970102
 20
124.8614782265789
 10
621.1130864394815
 20
124.7499096840153
 42
-0.4142135626672099
 10
621.11308643953
 20
124.7074832771228
 10
620.9555128462493
 20
124.5499096841209
 42
0.4142135615718562
 10
620.9555128462227
 20
124.5074832773078
 10
621.1130864395169
 20
124.3499096833572
 42
-0.414213562146215
 10
621.1130864394561
 20
124.3074832765024
 10
620.9555128464915
 20
124.1499096839257
 42
0.4142135631273657
 10
620.9555128464702
 20
124.1074832769999
 10
621.1130864394672
 20
123.9499096844762
 42
-0.4142135622344902
 10
621.113086439506
 20
123.907483277615
 10
620.955512846358
 20
123.749909684067
 42
0.414213562433163
 10
620.9555128464042
 20
123.7074832771915
 10
621.1130864394601
 20
123.5499096845593
 42
-0.4142135622146184
 10
621.1130864395154
 20
123.5074832776996
 10
621.0015178968793
 20
123.3959147346608
 42
0.198912367317297
  0
LWPOLYLINE
  5
180AE
330
1F
100
AcDbEntity
  8
RCK_钼铝钼_MASK
100
AcDbPolyline
 90
       80
 70
     1
 43
0.0
 10
622.9075839503869
 20
123.3747015312635
 10
622.9075839505551
 20
123.2674832595279
 42
0.414213561914182
 10
622.9375839505551
 20
123.2374832595749
 10
623.1279392712304
 20
123.2374832595749
 42
-0.1989123671005855
 10
623.1491524746433
 20
123.2286964630333
 10
623.283649968032
 20
123.0941989699331
 42
0.4142135623731109
 10
623.3260763749032
 20
123.094198969933
 10
623.483649967973
 20
123.2517725630495
 42
-0.4142135626420365
 10
623.5260763748637
 20
123.2517725630683
 10
623.683649967731
 20
123.0941989699483
 42
0.414213562529312
 10
623.7260763746136
 20
123.0941989699283
 10
623.8836499675471
 20
123.2517725630771
 42
-0.4142135627681608
 10
623.9260763744471
 20
123.251772563037
 10
624.0836499676722
 20
123.094198969933
 42
0.414213562180583
 10
624.1260763745295
 20
123.0941989698846
 10
624.2836499677712
 20
123.2517725630404
 42
-0.4142135616652886
 10
624.3260763745911
 20
123.2517725630551
 10
624.483649967984
 20
123.0941989699265
 42
0.4142135623369744
 10
624.5260763748525
 20
123.0941989699821
 10
624.660573867455
 20
123.2286964629794
 42
-0.1989123677611811
 10
624.6817870709215
 20
123.2374832595749
 10
624.7324368005762
 20
123.2374832595749
 42
0.4142135627466165
 10
624.7624368005761
 20
123.2674832596132
 10
624.7624368004035
 20
123.4029858027565
 42
-0.1989123677117991
 10
624.7712235969677
 20
123.4241990062304
 10
624.8545078682105
 20
123.5074832774724
 42
0.414213562373049
 10
624.8545078682105
 20
123.5499096843436
 10
624.6969342750812
 20
123.7074832774739
 42
-0.4142135623770585
 10
624.6969342750817
 20
123.7499096843454
 10
624.8545078682155
 20
123.9074832774692
 42
0.4142135623181579
 10
624.8545078682202
 20
123.9499096843365
 10
624.6969342750759
 20
124.1074832775632
 42
-0.4142135624210665
 10
624.6969342750888
 20
124.1499096844378
 10
624.8545078681784
 20
124.3074832776384
 42
0.4142135626070603
 10
624.8545078681794
 20
124.3499096845266
 10
624.6969342751307
 20
124.5074832771469
 42
-0.4142135623190682
 10
624.6969342750765
 20
124.5499096840141
 10
624.8545078682216
 20
124.7074832777025
 42
0.4142135622889527
 10
624.8545078681623
 20
124.7499096845676
 10
624.7712235971207
 20
124.833193955338
 42
-0.1989123678027939
 10
624.7624368005221
 20
124.8544071588081
 10
624.7624368005221
 20
125.0323361094663
 42
0.4142135623728862
 10
624.7324368005222
 20
125.0623361094663
 10
624.6800713421132
 20
125.0623361094663
 42
0.1989123678561587
 10
624.6588581386387
 20
125.053549312863
 10
624.5260763748915
 20
124.9207675486289
 42
-0.4142135626411065
 10
624.4836499680009
 20
124.9207675485782
 10
624.3260763744541
 20
125.0783411418635
 42
0.4142135615806079
 10
624.2836499676402
 20
125.0783411418831
 10
624.1260763736723
 20
124.9207675485863
 42
-0.4142135623660014
 10
624.0836499668017
 20
124.9207675486655
 10
623.9260763745122
 20
125.0783411416184
 42
0.4142135631273744
 10
623.8836499675866
 20
125.0783411416395
 10
623.7260763748174
 20
124.9207675486424
 42
-0.4142135622344651
 10
623.6836499679562
 20
124.9207675486038
 10
623.5260763744084
 20
125.0783411417519
 42
0.4142135624331304
 10
623.4836499675327
 20
125.0783411417055
 10
623.3260763749007
 20
124.9207675486497
 42
-0.4142135622146276
 10
623.2836499680411
 20
124.9207675485945
 10
623.150868203227
 20
125.0535493129394
 42
0.1989123669205033
 10
623.1296549998289
 20
125.0623361094663
 10
622.9375839504882
 20
125.0623361094663
 42
0.4142135623730951
 10
622.9075839504884
 20
125.0323361094663
 10
622.9075839504884
 20
124.8826914300057
 42
0.1989123672718987
 10
622.916370747044
 20
124.8614782265789
 10
623.0279392895152
 20
124.7499096840153
 42
-0.4142135626672099
 10
623.0279392895639
 20
124.7074832771228
 10
622.8703656962832
 20
124.5499096841209
 42
0.4142135615718562
 10
622.8703656962562
 20
124.5074832773078
 10
623.0279392895504
 20
124.3499096833572
 42
-0.414213562146215
 10
623.02793928949
 20
124.3074832765024
 10
622.8703656965251
 20
124.1499096839257
 42
0.4142135631273657
 10
622.870365696504
 20
124.1074832769999
 10
623.0279392895011
 20
123.9499096844762
 42
-0.4142135622344902
 10
623.0279392895396
 20
123.907483277615
 10
622.8703656963915
 20
123.749909684067
 42
0.414213562433163
 10
622.8703656964379
 20
123.7074832771915
 10
623.0279392894937
 20
123.5499096845594
 42
-0.4142135622146184
 10
623.027939289549
 20
123.5074832776996
 10
622.9163707469132
 20
123.3959147346608
 42
0.198912367317297
  0
LWPOLYLINE
  5
180AF
330
1F
100
AcDbEntity
  8
RCK_钼铝钼_MASK
100
AcDbPolyline
 90
       80
 70
     1
 43
0.0
 10
624.8224368004207
 20
123.3747015312623
 10
624.8224368005887
 20
123.2674832595267
 42
0.414213561914182
 10
624.8524368005887
 20
123.2374832595737
 10
625.042792121264
 20
123.2374832595737
 42
-0.1989123671005855
 10
625.0640053246767
 20
123.228696463032
 10
625.1985028180656
 20
123.0941989699319
 42
0.4142135623731109
 10
625.2409292249367
 20
123.0941989699318
 10
625.3985028180067
 20
123.2517725630482
 42
-0.4142135626420365
 10
625.4409292248972
 20
123.251772563067
 10
625.5985028177647
 20
123.0941989699471
 42
0.414213562529312
 10
625.6409292246472
 20
123.0941989699271
 10
625.7985028175809
 20
123.2517725630759
 42
-0.4142135627681608
 10
625.8409292244807
 20
123.2517725630358
 10
625.9985028177058
 20
123.0941989699318
 42
0.414213562180583
 10
626.0409292245631
 20
123.0941989698834
 10
626.1985028178047
 20
123.2517725630391
 42
-0.4142135616652886
 10
626.2409292246247
 20
123.2517725630539
 10
626.3985028180177
 20
123.0941989699253
 42
0.4142135623369744
 10
626.4409292248862
 20
123.0941989699809
 10
626.5754267174886
 20
123.2286964629781
 42
-0.1989123677611811
 10
626.5966399209552
 20
123.2374832595737
 10
626.6472896506098
 20
123.2374832595737
 42
0.4142135627466165
 10
626.67728965061
 20
123.2674832596119
 10
626.677289650437
 20
123.4029858027552
 42
-0.1989123677117991
 10
626.6860764470016
 20
123.4241990062292
 10
626.7693607182441
 20
123.5074832774712
 42
0.414213562373049
 10
626.7693607182441
 20
123.5499096843422
 10
626.6117871251148
 20
123.7074832774727
 42
-0.4142135623770585
 10
626.6117871251154
 20
123.7499096843442
 10
626.7693607182494
 20
123.907483277468
 42
0.4142135623181579
 10
626.7693607182539
 20
123.9499096843352
 10
626.6117871251094
 20
124.1074832775619
 42
-0.4142135624210665
 10
626.6117871251224
 20
124.1499096844366
 10
626.7693607182119
 20
124.3074832776372
 42
0.4142135626070603
 10
626.7693607182128
 20
124.3499096845253
 10
626.6117871251642
 20
124.5074832771456
 42
-0.4142135623190682
 10
626.6117871251101
 20
124.5499096840129
 10
626.7693607182552
 20
124.7074832777013
 42
0.4142135622889527
 10
626.7693607181961
 20
124.7499096845664
 10
626.6860764471545
 20
124.8331939553367
 42
-0.1989123678027939
 10
626.6772896505557
 20
124.8544071588069
 10
626.6772896505557
 20
125.0323361094651
 42
0.4142135623728862
 10
626.6472896505558
 20
125.0623361094651
 10
626.5949241921467
 20
125.0623361094651
 42
0.1989123678561587
 10
626.5737109886725
 20
125.0535493128618
 10
626.4409292249252
 20
124.9207675486277
 42
-0.4142135626411065
 10
626.3985028180345
 20
124.920767548577
 10
626.2409292244877
 20
125.0783411418623
 42
0.4142135615806079
 10
626.198502817674
 20
125.0783411418818
 10
626.0409292237059
 20
124.9207675485851
 42
-0.4142135623660014
 10
625.9985028168353
 20
124.9207675486643
 10
625.840929224546
 20
125.0783411416172
 42
0.4142135631273744
 10
625.7985028176202
 20
125.0783411416383
 10
625.6409292248511
 20
124.9207675486412
 42
-0.4142135622344651
 10
625.59850281799
 20
124.9207675486026
 10
625.440929224442
 20
125.0783411417507
 42
0.4142135624331304
 10
625.3985028175661
 20
125.0783411417042
 10
625.2409292249342
 20
124.9207675486485
 42
-0.4142135622146276
 10
625.1985028180747
 20
124.9207675485933
 10
625.0657210532606
 20
125.0535493129381
 42
0.1989123669205033
 10
625.0445078498625
 20
125.0623361094651
 10
624.852436800522
 20
125.0623361094651
 42
0.4142135623730951
 10
624.822436800522
 20
125.0323361094651
 10
624.822436800522
 20
124.8826914300044
 42
0.1989123672718987
 10
624.8312235970776
 20
124.8614782265776
 10
624.9427921395485
 20
124.7499096840141
 42
-0.4142135626672099
 10
624.9427921395976
 20
124.7074832771216
 10
624.7852185463167
 20
124.5499096841197
 42
0.4142135615718562
 10
624.78521854629
 20
124.5074832773065
 10
624.9427921395843
 20
124.3499096833559
 42
-0.414213562146215
 10
624.9427921395236
 20
124.3074832765012
 10
624.7852185465587
 20
124.1499096839245
 42
0.4142135631273657
 10
624.7852185465376
 20
124.1074832769987
 10
624.9427921395347
 20
123.9499096844749
 42
-0.4142135622344902
 10
624.9427921395732
 20
123.9074832776138
 10
624.7852185464251
 20
123.7499096840658
 42
0.414213562433163
 10
624.7852185464718
 20
123.7074832771902
 10
624.9427921395272
 20
123.5499096845581
 42
-0.4142135622146184
 10
624.9427921395827
 20
123.5074832776984
 10
624.8312235969469
 20
123.3959147346596
 42
0.198912367317297
  0
LWPOLYLINE
  5
180B0
330
1F
100
AcDbEntity
  8
RCK_钼铝钼_MASK
100
AcDbPolyline
 90
       80
 70
     1
 43
0.0
 10
626.7372896504544
 20
123.3747015312623
 10
626.7372896506222
 20
123.2674832595267
 42
0.414213561914182
 10
626.7672896506224
 20
123.2374832595737
 10
626.9576449712976
 20
123.2374832595737
 42
-0.1989123671005855
 10
626.9788581747102
 20
123.228696463032
 10
627.1133556680991
 20
123.0941989699319
 42
0.4142135623731109
 10
627.1557820749706
 20
123.0941989699318
 10
627.3133556680402
 20
123.2517725630482
 42
-0.4142135626420365
 10
627.355782074931
 20
123.251772563067
 10
627.5133556677984
 20
123.0941989699471
 42
0.414213562529312
 10
627.5557820746809
 20
123.0941989699271
 10
627.7133556676146
 20
123.2517725630759
 42
-0.4142135627681608
 10
627.7557820745144
 20
123.2517725630358
 10
627.9133556677394
 20
123.0941989699318
 42
0.414213562180583
 10
627.9557820745967
 20
123.0941989698834
 10
628.1133556678383
 20
123.2517725630392
 42
-0.4142135616652886
 10
628.1557820746582
 20
123.2517725630539
 10
628.3133556680512
 20
123.0941989699253
 42
0.4142135623369744
 10
628.3557820749199
 20
123.0941989699809
 10
628.4902795675223
 20
123.2286964629781
 42
-0.1989123677611811
 10
628.511492770989
 20
123.2374832595737
 10
628.5621425006436
 20
123.2374832595737
 42
0.4142135627466165
 10
628.5921425006436
 20
123.2674832596119
 10
628.5921425004707
 20
123.4029858027552
 42
-0.1989123677117991
 10
628.6009292970352
 20
123.4241990062292
 10
628.6842135682777
 20
123.5074832774712
 42
0.414213562373049
 10
628.6842135682777
 20
123.5499096843424
 10
628.5266399751484
 20
123.7074832774727
 42
-0.4142135623770585
 10
628.526639975149
 20
123.7499096843442
 10
628.684213568283
 20
123.907483277468
 42
0.4142135623181579
 10
628.6842135682875
 20
123.9499096843353
 10
628.5266399751431
 20
124.1074832775619
 42
-0.4142135624210665
 10
628.526639975156
 20
124.1499096844366
 10
628.6842135682458
 20
124.3074832776372
 42
0.4142135626070603
 10
628.6842135682467
 20
124.3499096845253
 10
628.5266399751979
 20
124.5074832771456
 42
-0.4142135623190682
 10
628.5266399751438
 20
124.5499096840129
 10
628.6842135682888
 20
124.7074832777013
 42
0.4142135622889527
 10
628.6842135682298
 20
124.7499096845664
 10
628.6009292971883
 20
124.8331939553367
 42
-0.1989123678027939
 10
628.5921425005892
 20
124.8544071588069
 10
628.5921425005895
 20
125.0323361094651
 42
0.4142135623728862
 10
628.5621425005895
 20
125.0623361094651
 10
628.5097770421805
 20
125.0623361094651
 42
0.1989123678561587
 10
628.4885638387061
 20
125.0535493128618
 10
628.3557820749587
 20
124.9207675486277
 42
-0.4142135626411065
 10
628.3133556680682
 20
124.920767548577
 10
628.1557820745214
 20
125.0783411418623
 42
0.4142135615806079
 10
628.1133556677076
 20
125.0783411418818
 10
627.9557820737394
 20
124.9207675485851
 42
-0.4142135623660014
 10
627.9133556668689
 20
124.9207675486643
 10
627.7557820745796
 20
125.0783411416172
 42
0.4142135631273744
 10
627.7133556676537
 20
125.0783411416383
 10
627.5557820748847
 20
124.9207675486412
 42
-0.4142135622344651
 10
627.5133556680238
 20
124.9207675486026
 10
627.3557820744756
 20
125.0783411417507
 42
0.4142135624331304
 10
627.3133556676
 20
125.0783411417043
 10
627.1557820749681
 20
124.9207675486485
 42
-0.4142135622146276
 10
627.1133556681084
 20
124.9207675485933
 10
626.9805739032943
 20
125.0535493129382
 42
0.1989123669205033
 10
626.9593606998961
 20
125.0623361094651
 10
626.7672896505557
 20
125.0623361094651
 42
0.4142135623730951
 10
626.7372896505556
 20
125.0323361094651
 10
626.7372896505556
 20
124.8826914300044
 42
0.1989123672718987
 10
626.7460764471112
 20
124.8614782265776
 10
626.8576449895824
 20
124.7499096840141
 42
-0.4142135626672099
 10
626.8576449896312
 20
124.7074832771216
 10
626.7000713963502
 20
124.5499096841197
 42
0.4142135615718562
 10
626.7000713963236
 20
124.5074832773065
 10
626.8576449896177
 20
124.3499096833559
 42
-0.414213562146215
 10
626.8576449895572
 20
124.3074832765012
 10
626.7000713965924
 20
124.1499096839245
 42
0.4142135631273657
 10
626.7000713965712
 20
124.1074832769987
 10
626.8576449895682
 20
123.9499096844749
 42
-0.4142135622344902
 10
626.8576449896069
 20
123.9074832776138
 10
626.700071396459
 20
123.7499096840658
 42
0.414213562433163
 10
626.7000713965052
 20
123.7074832771902
 10
626.857644989561
 20
123.5499096845581
 42
-0.4142135622146184
 10
626.8576449896162
 20
123.5074832776984
 10
626.7460764469805
 20
123.3959147346596
 42
0.198912367317297
  0
LWPOLYLINE
  5
180B1
330
1F
100
AcDbEntity
  8
RCK_钼铝钼_MASK
100
AcDbPolyline
 90
       80
 70
     1
 43
0.0
 10
628.652142500488
 20
123.3747015312617
 10
628.6521425006561
 20
123.2674832595261
 42
0.414213561914182
 10
628.682142500656
 20
123.2374832595731
 10
628.8724978213313
 20
123.2374832595731
 42
-0.1989123671005855
 10
628.8937110247441
 20
123.2286964630314
 10
629.0282085181328
 20
123.0941989699313
 42
0.4142135623731109
 10
629.0706349250042
 20
123.0941989699312
 10
629.2282085180739
 20
123.2517725630476
 42
-0.4142135626420365
 10
629.2706349249647
 20
123.2517725630664
 10
629.428208517832
 20
123.0941989699465
 42
0.414213562529312
 10
629.4706349247145
 20
123.0941989699265
 10
629.6282085176482
 20
123.2517725630753
 42
-0.4142135627681608
 10
629.670634924548
 20
123.2517725630352
 10
629.8282085177731
 20
123.0941989699312
 42
0.414213562180583
 10
629.8706349246304
 20
123.0941989698828
 10
630.0282085178722
 20
123.2517725630385
 42
-0.4142135616652886
 10
630.0706349246921
 20
123.2517725630533
 10
630.2282085180847
 20
123.0941989699247
 42
0.4142135623369744
 10
630.2706349249535
 20
123.0941989699803
 10
630.4051324175558
 20
123.2286964629775
 42
-0.1989123677611811
 10
630.4263456210226
 20
123.2374832595731
 10
630.4769953506772
 20
123.2374832595731
 42
0.4142135627466165
 10
630.5069953506772
 20
123.2674832596113
 10
630.5069953505042
 20
123.4029858027546
 42
-0.1989123677117991
 10
630.5157821470689
 20
123.4241990062286
 10
630.5990664183114
 20
123.5074832774706
 42
0.414213562373049
 10
630.5990664183114
 20
123.5499096843417
 10
630.4414928251823
 20
123.7074832774721
 42
-0.4142135623770585
 10
630.4414928251826
 20
123.7499096843436
 10
630.5990664183166
 20
123.9074832774674
 42
0.4142135623181579
 10
630.5990664183211
 20
123.9499096843346
 10
630.4414928251767
 20
124.1074832775613
 42
-0.4142135624210665
 10
630.4414928251897
 20
124.149909684436
 10
630.5990664182792
 20
124.3074832776366
 42
0.4142135626070603
 10
630.5990664182802
 20
124.3499096845247
 10
630.4414928252316
 20
124.507483277145
 42
-0.4142135623190682
 10
630.4414928251774
 20
124.5499096840123
 10
630.5990664183225
 20
124.7074832777007
 42
0.4142135622889527
 10
630.5990664182634
 20
124.7499096845658
 10
630.5157821472219
 20
124.8331939553361
 42
-0.1989123678027939
 10
630.506995350623
 20
124.8544071588063
 10
630.5069953506231
 20
125.0323361094645
 42
0.4142135623728862
 10
630.476995350623
 20
125.0623361094645
 10
630.4246298922143
 20
125.0623361094645
 42
0.1989123678561587
 10
630.4034166887397
 20
125.0535493128612
 10
630.2706349249922
 20
124.9207675486271
 42
-0.4142135626411065
 10
630.2282085181017
 20
124.9207675485764
 10
630.0706349245549
 20
125.0783411418617
 42
0.4142135615806079
 10
630.0282085177412
 20
125.0783411418812
 10
629.8706349237733
 20
124.9207675485845
 42
-0.4142135623660014
 10
629.8282085169025
 20
124.9207675486637
 10
629.6706349246132
 20
125.0783411416166
 42
0.4142135631273744
 10
629.6282085176875
 20
125.0783411416377
 10
629.4706349249182
 20
124.9207675486406
 42
-0.4142135622344651
 10
629.428208518057
 20
124.920767548602
 10
629.2706349245093
 20
125.0783411417501
 42
0.4142135624331304
 10
629.2282085176338
 20
125.0783411417037
 10
629.0706349250017
 20
124.9207675486478
 42
-0.4142135622146276
 10
629.028208518142
 20
124.9207675485927
 10
628.8954267533279
 20
125.0535493129375
 42
0.1989123669205033
 10
628.8742135499298
 20
125.0623361094645
 10
628.6821425005891
 20
125.0623361094645
 42
0.4142135623730951
 10
628.6521425005892
 20
125.0323361094645
 10
628.6521425005892
 20
124.8826914300039
 42
0.1989123672718987
 10
628.6609292971449
 20
124.861478226577
 10
628.7724978396161
 20
124.7499096840135
 42
-0.4142135626672099
 10
628.7724978396648
 20
124.707483277121
 10
628.6149242463841
 20
124.5499096841191
 42
0.4142135615718562
 10
628.6149242463572
 20
124.5074832773059
 10
628.7724978396514
 20
124.3499096833553
 42
-0.414213562146215
 10
628.7724978395909
 20
124.3074832765006
 10
628.6149242466259
 20
124.1499096839239
 42
0.4142135631273657
 10
628.6149242466048
 20
124.1074832769981
 10
628.772497839602
 20
123.9499096844743
 42
-0.4142135622344902
 10
628.7724978396405
 20
123.9074832776132
 10
628.6149242464926
 20
123.7499096840652
 42
0.414213562433163
 10
628.6149242465389
 20
123.7074832771897
 10
628.7724978395947
 20
123.5499096845575
 42
-0.4142135622146184
 10
628.7724978396497
 20
123.5074832776978
 10
628.6609292970141
 20
123.395914734659
 42
0.198912367317297
  0
LWPOLYLINE
  5
180B2
330
1F
100
AcDbEntity
  8
RCK_钼铝钼_MASK
100
AcDbPolyline
 90
       80
 70
     1
 43
0.0
 10
630.5669953505216
 20
123.3747015312617
 10
630.5669953506898
 20
123.2674832595261
 42
0.414213561914182
 10
630.5969953506896
 20
123.2374832595731
 10
630.7873506713649
 20
123.2374832595731
 42
-0.1989123671005855
 10
630.8085638747777
 20
123.2286964630314
 10
630.9430613681667
 20
123.0941989699313
 42
0.4142135623731109
 10
630.9854877750377
 20
123.0941989699312
 10
631.1430613681077
 20
123.2517725630476
 42
-0.4142135626420365
 10
631.1854877749984
 20
123.2517725630664
 10
631.3430613678656
 20
123.0941989699465
 42
0.414213562529312
 10
631.3854877747481
 20
123.0941989699265
 10
631.5430613676817
 20
123.2517725630753
 42
-0.4142135627681608
 10
631.5854877745818
 20
123.2517725630352
 10
631.7430613678068
 20
123.0941989699312
 42
0.414213562180583
 10
631.785487774664
 20
123.0941989698828
 10
631.9430613679058
 20
123.2517725630385
 42
-0.4142135616652886
 10
631.9854877747257
 20
123.2517725630533
 10
632.1430613681187
 20
123.0941989699247
 42
0.4142135623369744
 10
632.1854877749871
 20
123.0941989699803
 10
632.3199852675895
 20
123.2286964629775
 42
-0.1989123677611811
 10
632.3411984710562
 20
123.2374832595731
 10
632.3918482007107
 20
123.2374832595731
 42
0.4142135627466165
 10
632.4218482007109
 20
123.2674832596113
 10
632.421848200538
 20
123.4029858027547
 42
-0.1989123677117991
 10
632.4306349971025
 20
123.4241990062286
 10
632.513919268345
 20
123.5074832774706
 42
0.414213562373049
 10
632.513919268345
 20
123.5499096843418
 10
632.3563456752157
 20
123.7074832774721
 42
-0.4142135623770585
 10
632.3563456752161
 20
123.7499096843436
 10
632.5139192683502
 20
123.9074832774674
 42
0.4142135623181579
 10
632.5139192683547
 20
123.9499096843347
 10
632.3563456752102
 20
124.1074832775613
 42
-0.4142135624210665
 10
632.3563456752232
 20
124.149909684436
 10
632.5139192683129
 20
124.3074832776366
 42
0.4142135626070603
 10
632.5139192683137
 20
124.3499096845247
 10
632.3563456752652
 20
124.507483277145
 42
-0.4142135623190682
 10
632.356345675211
 20
124.5499096840123
 10
632.513919268356
 20
124.7074832777007
 42
0.4142135622889527
 10
632.5139192682969
 20
124.7499096845658
 10
632.4306349972554
 20
124.8331939553361
 42
-0.1989123678027939
 10
632.4218482006566
 20
124.8544071588063
 10
632.4218482006568
 20
125.0323361094645
 42
0.4142135623728862
 10
632.3918482006567
 20
125.0623361094645
 10
632.3394827422478
 20
125.0623361094645
 42
0.1989123678561587
 10
632.3182695387734
 20
125.0535493128612
 10
632.1854877750261
 20
124.9207675486271
 42
-0.4142135626411065
 10
632.1430613681354
 20
124.9207675485764
 10
631.9854877745886
 20
125.0783411418617
 42
0.4142135615806079
 10
631.9430613677749
 20
125.0783411418812
 10
631.7854877738067
 20
124.9207675485845
 42
-0.4142135623660014
 10
631.7430613669362
 20
124.9207675486637
 10
631.5854877746469
 20
125.0783411416166
 42
0.4142135631273744
 10
631.5430613677213
 20
125.0783411416377
 10
631.385487774952
 20
124.9207675486406
 42
-0.4142135622344651
 10
631.3430613680907
 20
124.920767548602
 10
631.1854877745428
 20
125.0783411417501
 42
0.4142135624331304
 10
631.1430613676671
 20
125.0783411417037
 10
630.9854877750352
 20
124.9207675486479
 42
-0.4142135622146276
 10
630.9430613681756
 20
124.9207675485927
 10
630.8102796033615
 20
125.0535493129376
 42
0.1989123669205033
 10
630.7890663999634
 20
125.0623361094645
 10
630.5969953506227
 20
125.0623361094645
 42
0.4142135623730951
 10
630.5669953506227
 20
125.0323361094645
 10
630.5669953506227
 20
124.8826914300039
 42
0.1989123672718987
 10
630.5757821471785
 20
124.861478226577
 10
630.6873506896497
 20
124.7499096840135
 42
-0.4142135626672099
 10
630.6873506896985
 20
124.707483277121
 10
630.5297770964178
 20
124.5499096841191
 42
0.4142135615718562
 10
630.5297770963907
 20
124.5074832773059
 10
630.6873506896851
 20
124.3499096833553
 42
-0.414213562146215
 10
630.6873506896245
 20
124.3074832765006
 10
630.5297770966594
 20
124.1499096839239
 42
0.4142135631273657
 10
630.5297770966384
 20
124.1074832769981
 10
630.6873506896356
 20
123.9499096844743
 42
-0.4142135622344902
 10
630.6873506896741
 20
123.9074832776132
 10
630.5297770965262
 20
123.7499096840652
 42
0.414213562433163
 10
630.5297770965726
 20
123.7074832771897
 10
630.6873506896282
 20
123.5499096845575
 42
-0.4142135622146184
 10
630.6873506896836
 20
123.5074832776978
 10
630.5757821470477
 20
123.395914734659
 42
0.198912367317297
  0
LWPOLYLINE
  5
180B3
330
1F
100
AcDbEntity
  8
RCK_钼铝钼_MASK
100
AcDbPolyline
 90
       80
 70
     1
 43
0.0
 10
632.4818482005553
 20
123.3747015312605
 10
632.4818482007231
 20
123.2674832595249
 42
0.414213561914182
 10
632.5118482007233
 20
123.2374832595719
 10
632.7022035213984
 20
123.2374832595718
 42
-0.1989123671005855
 10
632.7234167248112
 20
123.2286964630302
 10
632.8579142182002
 20
123.0941989699301
 42
0.4142135623731109
 10
632.9003406250715
 20
123.09419896993
 10
633.0579142181412
 20
123.2517725630464
 42
-0.4142135626420365
 10
633.100340625032
 20
123.2517725630652
 10
633.2579142178992
 20
123.0941989699453
 42
0.414213562529312
 10
633.3003406247817
 20
123.0941989699253
 10
633.4579142177155
 20
123.251772563074
 42
-0.4142135627681608
 10
633.500340624615
 20
123.2517725630339
 10
633.6579142178402
 20
123.0941989699299
 42
0.414213562180583
 10
633.7003406246976
 20
123.0941989698816
 10
633.8579142179394
 20
123.2517725630373
 42
-0.4142135616652886
 10
633.9003406247591
 20
123.2517725630521
 10
634.0579142181523
 20
123.0941989699235
 42
0.4142135623369744
 10
634.1003406250209
 20
123.0941989699791
 10
634.2348381176232
 20
123.2286964629763
 42
-0.1989123677611811
 10
634.2560513210899
 20
123.2374832595719
 10
634.3067010507446
 20
123.2374832595719
 42
0.4142135627466165
 10
634.3367010507445
 20
123.2674832596101
 10
634.3367010505716
 20
123.4029858027534
 42
-0.1989123677117991
 10
634.3454878471361
 20
123.4241990062273
 10
634.4287721183786
 20
123.5074832774693
 42
0.414213562373049
 10
634.4287721183786
 20
123.5499096843405
 10
634.2711985252495
 20
123.7074832774709
 42
-0.4142135623770585
 10
634.2711985252498
 20
123.7499096843424
 10
634.4287721183839
 20
123.9074832774662
 42
0.4142135623181579
 10
634.4287721183881
 20
123.9499096843334
 10
634.2711985252441
 20
124.1074832775601
 42
-0.4142135624210665
 10
634.2711985252567
 20
124.1499096844348
 10
634.4287721183466
 20
124.3074832776354
 42
0.4142135626070603
 10
634.4287721183476
 20
124.3499096845235
 10
634.2711985252988
 20
124.5074832771438
 42
-0.4142135623190682
 10
634.2711985252447
 20
124.5499096840111
 10
634.4287721183897
 20
124.7074832776995
 42
0.4142135622889527
 10
634.4287721183308
 20
124.7499096845646
 10
634.3454878472893
 20
124.8331939553349
 42
-0.1989123678027939
 10
634.3367010506901
 20
124.854407158805
 10
634.3367010506904
 20
125.0323361094633
 42
0.4142135623728862
 10
634.3067010506904
 20
125.0623361094632
 10
634.2543355922812
 20
125.0623361094633
 42
0.1989123678561587
 10
634.233122388807
 20
125.05354931286
 10
634.1003406250597
 20
124.9207675486259
 42
-0.4142135626411065
 10
634.0579142181691
 20
124.9207675485752
 10
633.9003406246222
 20
125.0783411418604
 42
0.4142135615806079
 10
633.8579142178085
 20
125.07834114188
 10
633.7003406238402
 20
124.9207675485833
 42
-0.4142135623660014
 10
633.6579142169697
 20
124.9207675486625
 10
633.5003406246803
 20
125.0783411416154
 42
0.4142135631273744
 10
633.4579142177545
 20
125.0783411416365
 10
633.3003406249856
 20
124.9207675486394
 42
-0.4142135622344651
 10
633.2579142181246
 20
124.9207675486008
 10
633.1003406245763
 20
125.0783411417489
 42
0.4142135624331304
 10
633.0579142177007
 20
125.0783411417024
 10
632.900340625069
 20
124.9207675486466
 42
-0.4142135622146276
 10
632.8579142182092
 20
124.9207675485915
 10
632.7251324533952
 20
125.0535493129363
 42
0.1989123669205033
 10
632.703919249997
 20
125.0623361094632
 10
632.5118482006566
 20
125.0623361094632
 42
0.4142135623730951
 10
632.4818482006564
 20
125.0323361094632
 10
632.4818482006564
 20
124.8826914300027
 42
0.1989123672718987
 10
632.4906349972121
 20
124.8614782265758
 10
632.6022035396833
 20
124.7499096840122
 42
-0.4142135626672099
 10
632.6022035397321
 20
124.7074832771197
 10
632.4446299464512
 20
124.5499096841179
 42
0.4142135615718562
 10
632.4446299464246
 20
124.5074832773047
 10
632.6022035397187
 20
124.3499096833541
 42
-0.414213562146215
 10
632.6022035396581
 20
124.3074832764992
 10
632.4446299466932
 20
124.1499096839227
 42
0.4142135631273657
 10
632.4446299466719
 20
124.1074832769968
 10
632.6022035396692
 20
123.9499096844731
 42
-0.4142135622344902
 10
632.6022035397077
 20
123.907483277612
 10
632.4446299465598
 20
123.749909684064
 42
0.414213562433163
 10
632.4446299466062
 20
123.7074832771884
 10
632.6022035396619
 20
123.5499096845563
 42
-0.4142135622146184
 10
632.6022035397173
 20
123.5074832776966
 10
632.4906349970814
 20
123.3959147346578
 42
0.198912367317297
  0
LWPOLYLINE
  5
180B4
330
1F
100
AcDbEntity
  8
RCK_钼铝钼_MASK
100
AcDbPolyline
 90
       80
 70
     1
 43
0.0
 10
634.3967010505889
 20
123.3747015312605
 10
634.396701050757
 20
123.2674832595249
 42
0.414213561914182
 10
634.4267010507569
 20
123.2374832595719
 10
634.6170563714322
 20
123.2374832595719
 42
-0.1989123671005855
 10
634.638269574845
 20
123.2286964630302
 10
634.7727670682338
 20
123.0941989699301
 42
0.4142135623731109
 10
634.8151934751051
 20
123.09419896993
 10
634.972767068175
 20
123.2517725630464
 42
-0.4142135626420365
 10
635.0151934750656
 20
123.2517725630652
 10
635.1727670679329
 20
123.0941989699453
 42
0.414213562529312
 10
635.2151934748152
 20
123.0941989699253
 10
635.3727670677491
 20
123.2517725630741
 42
-0.4142135627681608
 10
635.4151934746487
 20
123.2517725630339
 10
635.572767067874
 20
123.0941989699299
 42
0.414213562180583
 10
635.6151934747312
 20
123.0941989698816
 10
635.772767067973
 20
123.2517725630373
 42
-0.4142135616652886
 10
635.815193474793
 20
123.2517725630521
 10
635.9727670681859
 20
123.0941989699235
 42
0.4142135623369744
 10
636.0151934750545
 20
123.0941989699791
 10
636.1496909676567
 20
123.2286964629763
 42
-0.1989123677611811
 10
636.1709041711235
 20
123.2374832595719
 10
636.2215539007783
 20
123.2374832595719
 42
0.4142135627466165
 10
636.2515539007781
 20
123.2674832596101
 10
636.2515539006054
 20
123.4029858027534
 42
-0.1989123677117991
 10
636.2603406971697
 20
123.4241990062273
 10
636.3436249684122
 20
123.5074832774693
 42
0.414213562373049
 10
636.3436249684122
 20
123.5499096843405
 10
636.1860513752831
 20
123.7074832774709
 42
-0.4142135623770585
 10
636.1860513752835
 20
123.7499096843424
 10
636.3436249684175
 20
123.9074832774662
 42
0.4142135623181579
 10
636.343624968422
 20
123.9499096843334
 10
636.1860513752778
 20
124.1074832775601
 42
-0.4142135624210665
 10
636.1860513752906
 20
124.1499096844348
 10
636.3436249683802
 20
124.3074832776354
 42
0.4142135626070603
 10
636.3436249683813
 20
124.3499096845235
 10
636.1860513753327
 20
124.5074832771438
 42
-0.4142135623190682
 10
636.1860513752782
 20
124.5499096840111
 10
636.3436249684232
 20
124.7074832776995
 42
0.4142135622889527
 10
636.3436249683642
 20
124.7499096845646
 10
636.2603406973228
 20
124.8331939553349
 42
-0.1989123678027939
 10
636.2515539007237
 20
124.854407158805
 10
636.251553900724
 20
125.0323361094633
 42
0.4142135623728862
 10
636.221553900724
 20
125.0623361094633
 10
636.1691884423151
 20
125.0623361094633
 42
0.1989123678561587
 10
636.1479752388406
 20
125.05354931286
 10
636.0151934750932
 20
124.9207675486259
 42
-0.4142135626411065
 10
635.9727670682027
 20
124.9207675485752
 10
635.8151934746557
 20
125.0783411418605
 42
0.4142135615806079
 10
635.772767067842
 20
125.07834114188
 10
635.6151934738741
 20
124.9207675485833
 42
-0.4142135623660014
 10
635.5727670670034
 20
124.9207675486625
 10
635.4151934747143
 20
125.0783411416154
 42
0.4142135631273744
 10
635.3727670677884
 20
125.0783411416365
 10
635.2151934750192
 20
124.9207675486394
 42
-0.4142135622344651
 10
635.1727670681582
 20
124.9207675486008
 10
635.0151934746102
 20
125.0783411417489
 42
0.4142135624331304
 10
634.9727670677346
 20
125.0783411417024
 10
634.8151934751026
 20
124.9207675486466
 42
-0.4142135622146276
 10
634.7727670682427
 20
124.9207675485915
 10
634.6399853034287
 20
125.0535493129363
 42
0.1989123669205033
 10
634.6187721000307
 20
125.0623361094633
 10
634.4267010506902
 20
125.0623361094632
 42
0.4142135623730951
 10
634.3967010506902
 20
125.0323361094633
 10
634.3967010506902
 20
124.8826914300027
 42
0.1989123672718987
 10
634.4054878472457
 20
124.8614782265758
 10
634.517056389717
 20
124.7499096840122
 42
-0.4142135626672099
 10
634.5170563897657
 20
124.7074832771197
 10
634.3594827964849
 20
124.5499096841179
 42
0.4142135615718562
 10
634.3594827964583
 20
124.5074832773047
 10
634.5170563897522
 20
124.3499096833541
 42
-0.414213562146215
 10
634.5170563896918
 20
124.3074832764994
 10
634.359482796727
 20
124.1499096839227
 42
0.4142135631273657
 10
634.3594827967058
 20
124.1074832769969
 10
634.5170563897029
 20
123.9499096844731
 42
-0.4142135622344902
 10
634.5170563897412
 20
123.907483277612
 10
634.3594827965935
 20
123.749909684064
 42
0.414213562433163
 10
634.3594827966398
 20
123.7074832771884
 10
634.5170563896957
 20
123.5499096845563
 42
-0.4142135622146184
 10
634.5170563897509
 20
123.5074832776966
 10
634.405487847115
 20
123.3959147346578
 42
0.198912367317297
  0
LWPOLYLINE
  5
180B5
330
1F
100
AcDbEntity
  8
RCK_钼铝钼_MASK
100
AcDbPolyline
 90
       80
 70
     1
 43
0.0
 10
636.3115539006225
 20
123.3747015312599
 10
636.3115539007906
 20
123.2674832595243
 42
0.414213561914182
 10
636.3415539007903
 20
123.2374832595713
 10
636.5319092214657
 20
123.2374832595712
 42
-0.1989123671005855
 10
636.5531224248786
 20
123.2286964630296
 10
636.6876199182675
 20
123.0941989699295
 42
0.4142135623731109
 10
636.7300463251388
 20
123.0941989699294
 10
636.8876199182087
 20
123.2517725630458
 42
-0.4142135626420365
 10
636.9300463250993
 20
123.2517725630646
 10
637.0876199179665
 20
123.0941989699447
 42
0.414213562529312
 10
637.1300463248489
 20
123.0941989699247
 10
637.2876199177827
 20
123.2517725630734
 42
-0.4142135627681608
 10
637.3300463246826
 20
123.2517725630333
 10
637.4876199179077
 20
123.0941989699294
 42
0.414213562180583
 10
637.5300463247648
 20
123.094198969881
 10
637.6876199180067
 20
123.2517725630367
 42
-0.4142135616652886
 10
637.7300463248266
 20
123.2517725630515
 10
637.8876199182196
 20
123.0941989699229
 42
0.4142135623369744
 10
637.9300463250881
 20
123.0941989699785
 10
638.0645438176903
 20
123.2286964629757
 42
-0.1989123677611811
 10
638.0857570211571
 20
123.2374832595712
 10
638.1364067508116
 20
123.2374832595712
 42
0.4142135627466165
 10
638.1664067508117
 20
123.2674832596095
 10
638.166406750639
 20
123.4029858027528
 42
-0.1989123677117991
 10
638.1751935472031
 20
123.4241990062267
 10
638.2584778184457
 20
123.5074832774687
 42
0.414213562373049
 10
638.2584778184457
 20
123.5499096843399
 10
638.1009042253167
 20
123.7074832774703
 42
-0.4142135623770585
 10
638.1009042253172
 20
123.7499096843418
 10
638.2584778184511
 20
123.9074832774656
 42
0.4142135623181579
 10
638.2584778184557
 20
123.9499096843328
 10
638.1009042253114
 20
124.1074832775595
 42
-0.4142135624210665
 10
638.1009042253242
 20
124.1499096844342
 10
638.2584778184138
 20
124.3074832776348
 42
0.4142135626070603
 10
638.2584778184147
 20
124.3499096845229
 10
638.1009042253663
 20
124.5074832771432
 42
-0.4142135623190682
 10
638.1009042253118
 20
124.5499096840105
 10
638.2584778184571
 20
124.7074832776989
 42
0.4142135622889527
 10
638.2584778183979
 20
124.749909684564
 10
638.1751935473562
 20
124.8331939553343
 42
-0.1989123678027939
 10
638.1664067507576
 20
124.8544071588044
 10
638.1664067507577
 20
125.0323361094626
 42
0.4142135623728862
 10
638.1364067507576
 20
125.0623361094627
 10
638.0840412923487
 20
125.0623361094627
 42
0.1989123678561587
 10
638.0628280888743
 20
125.0535493128594
 10
637.9300463251269
 20
124.9207675486253
 42
-0.4142135626411065
 10
637.8876199182363
 20
124.9207675485746
 10
637.7300463246896
 20
125.0783411418598
 42
0.4142135615806079
 10
637.6876199178759
 20
125.0783411418794
 10
637.5300463239077
 20
124.9207675485827
 42
-0.4142135623660014
 10
637.4876199170371
 20
124.9207675486619
 10
637.3300463247479
 20
125.0783411416148
 42
0.4142135631273744
 10
637.2876199178221
 20
125.0783411416359
 10
637.1300463250527
 20
124.9207675486388
 42
-0.4142135622344651
 10
637.0876199181918
 20
124.9207675486002
 10
636.9300463246437
 20
125.0783411417483
 42
0.4142135624331304
 10
636.8876199177682
 20
125.0783411417018
 10
636.7300463251362
 20
124.920767548646
 42
-0.4142135622146276
 10
636.6876199182764
 20
124.9207675485909
 10
636.5548381534622
 20
125.0535493129357
 42
0.1989123669205033
 10
636.5336249500642
 20
125.0623361094627
 10
636.3415539007237
 20
125.0623361094627
 42
0.4142135623730951
 10
636.3115539007239
 20
125.0323361094626
 10
636.3115539007239
 20
124.8826914300021
 42
0.1989123672718987
 10
636.3203406972793
 20
124.8614782265752
 10
636.4319092397505
 20
124.7499096840116
 42
-0.4142135626672099
 10
636.4319092397993
 20
124.7074832771192
 10
636.2743356465188
 20
124.5499096841173
 42
0.4142135615718562
 10
636.2743356464918
 20
124.5074832773041
 10
636.431909239786
 20
124.3499096833535
 42
-0.414213562146215
 10
636.4319092397253
 20
124.3074832764987
 10
636.2743356467606
 20
124.1499096839221
 42
0.4142135631273657
 10
636.2743356467395
 20
124.1074832769962
 10
636.4319092397368
 20
123.9499096844725
 42
-0.4142135622344902
 10
636.4319092397749
 20
123.9074832776114
 10
636.2743356466271
 20
123.7499096840634
 42
0.414213562433163
 10
636.2743356466735
 20
123.7074832771878
 10
636.4319092397291
 20
123.5499096845557
 42
-0.4142135622146184
 10
636.4319092397844
 20
123.507483277696
 10
636.3203406971487
 20
123.3959147346572
 42
0.198912367317297
  0
LWPOLYLINE
  5
180B6
330
1F
100
AcDbEntity
  8
RCK_钼铝钼_MASK
100
AcDbPolyline
 90
       80
 70
     1
 43
0.0
 10
638.2264067506562
 20
123.3747015312599
 10
638.2264067508242
 20
123.2674832595243
 42
0.414213561914182
 10
638.2564067508242
 20
123.2374832595713
 10
638.4467620714993
 20
123.2374832595712
 42
-0.1989123671005855
 10
638.4679752749122
 20
123.2286964630296
 10
638.6024727683011
 20
123.0941989699295
 42
0.4142135623731109
 10
638.6448991751723
 20
123.0941989699294
 10
638.8024727682423
 20
123.2517725630458
 42
-0.4142135626420365
 10
638.8448991751329
 20
123.2517725630646
 10
639.0024727680001
 20
123.0941989699447
 42
0.414213562529312
 10
639.0448991748827
 20
123.0941989699247
 10
639.2024727678164
 20
123.2517725630734
 42
-0.4142135627681608
 10
639.2448991747162
 20
123.2517725630333
 10
639.4024727679414
 20
123.0941989699294
 42
0.414213562180583
 10
639.4448991747983
 20
123.094198969881
 10
639.6024727680402
 20
123.2517725630367
 42
-0.4142135616652886
 10
639.6448991748602
 20
123.2517725630515
 10
639.8024727682532
 20
123.0941989699229
 42
0.4142135623369744
 10
639.8448991751218
 20
123.0941989699785
 10
639.9793966677241
 20
123.2286964629757
 42
-0.1989123677611811
 10
640.0006098711907
 20
123.2374832595712
 10
640.0512596008455
 20
123.2374832595712
 42
0.4142135627466165
 10
640.0812596008452
 20
123.2674832596095
 10
640.0812596006726
 20
123.4029858027528
 42
-0.1989123677117991
 10
640.0900463972369
 20
123.4241990062267
 10
640.1733306684795
 20
123.5074832774687
 42
0.414213562373049
 10
640.1733306684795
 20
123.5499096843399
 10
640.0157570753504
 20
123.7074832774703
 42
-0.4142135623770585
 10
640.0157570753507
 20
123.7499096843418
 10
640.1733306684847
 20
123.9074832774656
 42
0.4142135623181579
 10
640.1733306684892
 20
123.9499096843328
 10
640.015757075345
 20
124.1074832775595
 42
-0.4142135624210665
 10
640.0157570753577
 20
124.1499096844342
 10
640.1733306684475
 20
124.3074832776348
 42
0.4142135626070603
 10
640.1733306684484
 20
124.3499096845229
 10
640.0157570753997
 20
124.5074832771432
 42
-0.4142135623190682
 10
640.0157570753456
 20
124.5499096840105
 10
640.1733306684907
 20
124.7074832776989
 42
0.4142135622889527
 10
640.1733306684316
 20
124.749909684564
 10
640.0900463973901
 20
124.8331939553343
 42
-0.1989123678027939
 10
640.0812596007912
 20
124.8544071588044
 10
640.0812596007912
 20
125.0323361094626
 42
0.4142135623728862
 10
640.0512596007914
 20
125.0623361094627
 10
639.9988941423822
 20
125.0623361094627
 42
0.1989123678561587
 10
639.9776809389077
 20
125.0535493128594
 10
639.8448991751608
 20
124.9207675486253
 42
-0.4142135626411065
 10
639.80247276827
 20
124.9207675485746
 10
639.6448991747233
 20
125.0783411418598
 42
0.4142135615806079
 10
639.6024727679095
 20
125.0783411418794
 10
639.4448991739412
 20
124.9207675485827
 42
-0.4142135623660014
 10
639.4024727670707
 20
124.9207675486619
 10
639.2448991747815
 20
125.0783411416148
 42
0.4142135631273744
 10
639.2024727678557
 20
125.0783411416359
 10
639.0448991750863
 20
124.9207675486388
 42
-0.4142135622344651
 10
639.0024727682255
 20
124.9207675486002
 10
638.8448991746773
 20
125.0783411417483
 42
0.4142135624331304
 10
638.8024727678017
 20
125.0783411417018
 10
638.6448991751699
 20
124.920767548646
 42
-0.4142135622146276
 10
638.6024727683102
 20
124.9207675485909
 10
638.4696910034961
 20
125.0535493129357
 42
0.1989123669205033
 10
638.4484778000977
 20
125.0623361094627
 10
638.2564067507574
 20
125.0623361094627
 42
0.4142135623730951
 10
638.2264067507575
 20
125.0323361094626
 10
638.2264067507575
 20
124.8826914300021
 42
0.1989123672718987
 10
638.2351935473129
 20
124.8614782265752
 10
638.3467620897842
 20
124.7499096840116
 42
-0.4142135626672099
 10
638.3467620898328
 20
124.7074832771192
 10
638.1891884965523
 20
124.5499096841173
 42
0.4142135615718562
 10
638.1891884965255
 20
124.5074832773041
 10
638.3467620898196
 20
124.3499096833535
 42
-0.414213562146215
 10
638.3467620897589
 20
124.3074832764987
 10
638.1891884967942
 20
124.1499096839221
 42
0.4142135631273657
 10
638.1891884967731
 20
124.1074832769962
 10
638.3467620897703
 20
123.9499096844725
 42
-0.4142135622344902
 10
638.3467620898088
 20
123.9074832776114
 10
638.1891884966607
 20
123.7499096840634
 42
0.414213562433163
 10
638.1891884967071
 20
123.7074832771878
 10
638.3467620897629
 20
123.5499096845557
 42
-0.4142135622146184
 10
638.3467620898183
 20
123.507483277696
 10
638.2351935471822
 20
123.3959147346572
 42
0.198912367317297
  0
LWPOLYLINE
  5
180B7
330
1F
100
AcDbEntity
  8
RCK_钼铝钼_MASK
100
AcDbPolyline
 90
       80
 70
     1
 43
0.0
 10
640.1412596006897
 20
123.3747015312587
 10
640.1412596008579
 20
123.267483259523
 42
0.414213561914182
 10
640.1712596008579
 20
123.23748325957
 10
640.3616149215331
 20
123.23748325957
 42
-0.1989123671005855
 10
640.382828124946
 20
123.2286964630284
 10
640.5173256183347
 20
123.0941989699283
 42
0.4142135623731109
 10
640.5597520252062
 20
123.0941989699282
 10
640.7173256182759
 20
123.2517725630446
 42
-0.4142135626420365
 10
640.7597520251664
 20
123.2517725630634
 10
640.9173256180337
 20
123.0941989699434
 42
0.414213562529312
 10
640.9597520249164
 20
123.0941989699234
 10
641.11732561785
 20
123.2517725630722
 42
-0.4142135627681608
 10
641.1597520247497
 20
123.2517725630321
 10
641.317325617975
 20
123.0941989699281
 42
0.414213562180583
 10
641.3597520248322
 20
123.0941989698798
 10
641.5173256180739
 20
123.2517725630355
 42
-0.4142135616652886
 10
641.5597520248939
 20
123.2517725630503
 10
641.7173256182867
 20
123.0941989699217
 42
0.4142135623369744
 10
641.7597520251554
 20
123.0941989699772
 10
641.8942495177577
 20
123.2286964629745
 42
-0.1989123677611811
 10
641.9154627212242
 20
123.23748325957
 10
641.9661124508791
 20
123.23748325957
 42
0.4142135627466165
 10
641.9961124508788
 20
123.2674832596083
 10
641.9961124507063
 20
123.4029858027516
 42
-0.1989123677117991
 10
642.0048992472707
 20
123.4241990062255
 10
642.0881835185132
 20
123.5074832774675
 42
0.414213562373049
 10
642.0881835185132
 20
123.5499096843387
 10
641.930609925384
 20
123.7074832774691
 42
-0.4142135623770585
 10
641.9306099253843
 20
123.7499096843405
 10
642.0881835185182
 20
123.9074832774644
 42
0.4142135623181579
 10
642.0881835185229
 20
123.9499096843316
 10
641.9306099253787
 20
124.1074832775583
 42
-0.4142135624210665
 10
641.9306099253914
 20
124.149909684433
 10
642.0881835184811
 20
124.3074832776335
 42
0.4142135626070603
 10
642.0881835184823
 20
124.3499096845217
 10
641.9306099254335
 20
124.507483277142
 42
-0.4142135623190682
 10
641.9306099253792
 20
124.5499096840092
 10
642.0881835185244
 20
124.7074832776976
 42
0.4142135622889527
 10
642.0881835184652
 20
124.7499096845627
 10
642.0048992474237
 20
124.8331939553331
 42
-0.1989123678027939
 10
641.9961124508247
 20
124.8544071588032
 10
641.9961124508247
 20
125.0323361094614
 42
0.4142135623728862
 10
641.966112450825
 20
125.0623361094614
 10
641.913746992416
 20
125.0623361094615
 42
0.1989123678561587
 10
641.8925337889413
 20
125.0535493128582
 10
641.759752025194
 20
124.920767548624
 42
-0.4142135626411065
 10
641.7173256183035
 20
124.9207675485734
 10
641.5597520247569
 20
125.0783411418586
 42
0.4142135615806079
 10
641.5173256179431
 20
125.0783411418782
 10
641.359752023975
 20
124.9207675485815
 42
-0.4142135623660014
 10
641.3173256171043
 20
124.9207675486607
 10
641.1597520248151
 20
125.0783411416136
 42
0.4142135631273744
 10
641.1173256178892
 20
125.0783411416346
 10
640.9597520251202
 20
124.9207675486376
 42
-0.4142135622344651
 10
640.9173256182591
 20
124.920767548599
 10
640.7597520247111
 20
125.078341141747
 42
0.4142135624331304
 10
640.7173256178355
 20
125.0783411417006
 10
640.5597520252036
 20
124.9207675486448
 42
-0.4142135622146276
 10
640.5173256183437
 20
124.9207675485896
 10
640.3845438535297
 20
125.0535493129345
 42
0.1989123669205033
 10
640.3633306501316
 20
125.0623361094614
 10
640.1712596007911
 20
125.0623361094614
 42
0.4142135623730951
 10
640.1412596007912
 20
125.0323361094614
 10
640.1412596007912
 20
124.8826914300008
 42
0.1989123672718987
 10
640.1500463973467
 20
124.861478226574
 10
640.2616149398177
 20
124.7499096840104
 42
-0.4142135626672099
 10
640.2616149398667
 20
124.7074832771179
 10
640.1040413465857
 20
124.5499096841161
 42
0.4142135615718562
 10
640.1040413465591
 20
124.5074832773029
 10
640.2616149398532
 20
124.3499096833523
 42
-0.414213562146215
 10
640.2616149397928
 20
124.3074832764975
 10
640.1040413468279
 20
124.1499096839209
 42
0.4142135631273657
 10
640.1040413468067
 20
124.107483276995
 10
640.2616149398037
 20
123.9499096844713
 42
-0.4142135622344902
 10
640.2616149398424
 20
123.9074832776101
 10
640.1040413466944
 20
123.7499096840622
 42
0.414213562433163
 10
640.1040413467407
 20
123.7074832771866
 10
640.2616149397966
 20
123.5499096845545
 42
-0.4142135622146184
 10
640.2616149398517
 20
123.5074832776948
 10
640.1500463972157
 20
123.395914734656
 42
0.198912367317297
  0
LWPOLYLINE
  5
180B8
330
1F
100
AcDbEntity
  8
RCK_钼铝钼_MASK
100
AcDbPolyline
 90
       80
 70
     1
 43
0.0
 10
642.0561124507234
 20
123.3747015312587
 10
642.0561124508915
 20
123.2674832595231
 42
0.414213561914182
 10
642.0861124508915
 20
123.23748325957
 10
642.2764677715668
 20
123.23748325957
 42
-0.1989123671005855
 10
642.2976809749796
 20
123.2286964630284
 10
642.4321784683684
 20
123.0941989699283
 42
0.4142135623731109
 10
642.4746048752397
 20
123.0941989699282
 10
642.6321784683096
 20
123.2517725630446
 42
-0.4142135626420365
 10
642.6746048752002
 20
123.2517725630634
 10
642.8321784680672
 20
123.0941989699434
 42
0.414213562529312
 10
642.87460487495
 20
123.0941989699235
 10
643.0321784678835
 20
123.2517725630722
 42
-0.4142135627681608
 10
643.0746048747835
 20
123.2517725630321
 10
643.2321784680087
 20
123.0941989699281
 42
0.414213562180583
 10
643.2746048748659
 20
123.0941989698798
 10
643.4321784681076
 20
123.2517725630355
 42
-0.4142135616652886
 10
643.4746048749275
 20
123.2517725630503
 10
643.6321784683205
 20
123.0941989699217
 42
0.4142135623369744
 10
643.6746048751889
 20
123.0941989699773
 10
643.8091023677912
 20
123.2286964629745
 42
-0.1989123677611811
 10
643.830315571258
 20
123.23748325957
 10
643.8809653009127
 20
123.23748325957
 42
0.4142135627466165
 10
643.9109653009126
 20
123.2674832596083
 10
643.9109653007399
 20
123.4029858027516
 42
-0.1989123677117991
 10
643.9197520973042
 20
123.4241990062255
 10
644.0030363685467
 20
123.5074832774675
 42
0.414213562373049
 10
644.0030363685467
 20
123.5499096843387
 10
643.8454627754176
 20
123.7074832774691
 42
-0.4142135623770585
 10
643.8454627754181
 20
123.7499096843405
 10
644.003036368552
 20
123.9074832774644
 42
0.4142135623181579
 10
644.0030363685566
 20
123.9499096843316
 10
643.8454627754122
 20
124.1074832775583
 42
-0.4142135624210665
 10
643.8454627754253
 20
124.149909684433
 10
644.0030363685147
 20
124.3074832776336
 42
0.4142135626070603
 10
644.0030363685157
 20
124.3499096845217
 10
643.8454627754671
 20
124.507483277142
 42
-0.4142135623190682
 10
643.8454627754127
 20
124.5499096840092
 10
644.003036368558
 20
124.7074832776976
 42
0.4142135622889527
 10
644.0030363684988
 20
124.7499096845627
 10
643.9197520974572
 20
124.8331939553331
 42
-0.1989123678027939
 10
643.9109653008585
 20
124.8544071588032
 10
643.9109653008586
 20
125.0323361094615
 42
0.4142135623728862
 10
643.8809653008586
 20
125.0623361094614
 10
643.8285998424496
 20
125.0623361094615
 42
0.1989123678561587
 10
643.8073866389752
 20
125.0535493128582
 10
643.6746048752279
 20
124.9207675486241
 42
-0.4142135626411065
 10
643.6321784683372
 20
124.9207675485734
 10
643.4746048747905
 20
125.0783411418586
 42
0.4142135615806079
 10
643.4321784679768
 20
125.0783411418782
 10
643.2746048740086
 20
124.9207675485815
 42
-0.4142135623660014
 10
643.2321784671379
 20
124.9207675486607
 10
643.0746048748487
 20
125.0783411416136
 42
0.4142135631273744
 10
643.032178467923
 20
125.0783411416346
 10
642.8746048751539
 20
124.9207675486376
 42
-0.4142135622344651
 10
642.8321784682927
 20
124.920767548599
 10
642.6746048747447
 20
125.078341141747
 42
0.4142135624331304
 10
642.6321784678691
 20
125.0783411417006
 10
642.4746048752372
 20
124.9207675486448
 42
-0.4142135622146276
 10
642.4321784683775
 20
124.9207675485896
 10
642.2993967035632
 20
125.0535493129345
 42
0.1989123669205033
 10
642.2781835001652
 20
125.0623361094614
 10
642.0861124508247
 20
125.0623361094614
 42
0.4142135623730951
 10
642.0561124508246
 20
125.0323361094614
 10
642.0561124508246
 20
124.8826914300008
 42
0.1989123672718987
 10
642.0648992473802
 20
124.861478226574
 10
642.1764677898515
 20
124.7499096840104
 42
-0.4142135626672099
 10
642.1764677899004
 20
124.7074832771179
 10
642.0188941966196
 20
124.5499096841161
 42
0.4142135615718562
 10
642.0188941965927
 20
124.5074832773029
 10
642.1764677898868
 20
124.3499096833523
 42
-0.414213562146215
 10
642.1764677898262
 20
124.3074832764975
 10
642.0188941968615
 20
124.1499096839209
 42
0.4142135631273657
 10
642.0188941968404
 20
124.107483276995
 10
642.1764677898375
 20
123.9499096844713
 42
-0.4142135622344902
 10
642.176467789876
 20
123.9074832776101
 10
642.0188941967279
 20
123.7499096840622
 42
0.414213562433163
 10
642.0188941967742
 20
123.7074832771866
 10
642.1764677898302
 20
123.5499096845545
 42
-0.4142135622146184
 10
642.1764677898852
 20
123.5074832776948
 10
642.0648992472496
 20
123.395914734656
 42
0.198912367317297
  0
LWPOLYLINE
  5
180B9
330
1F
100
AcDbEntity
  8
RCK_钼铝钼_MASK
100
AcDbPolyline
 90
       80
 70
     1
 43
0.0
 10
619.0778782503196
 20
121.4598486813728
 10
619.0778782504876
 20
121.3526304096371
 42
0.414213561914182
 10
619.1078782504876
 20
121.322630409684
 10
619.2982335711628
 20
121.322630409684
 42
-0.1989123671005855
 10
619.3194467745755
 20
121.3138436131425
 10
619.4539442679645
 20
121.1793461200423
 42
0.4142135623731109
 10
619.4963706748357
 20
121.1793461200423
 10
619.6539442679055
 20
121.3369197131587
 42
-0.4142135626420365
 10
619.6963706747961
 20
121.3369197131775
 10
619.8539442676636
 20
121.1793461200576
 42
0.414213562529312
 10
619.896370674546
 20
121.1793461200375
 10
620.0539442674796
 20
121.3369197131863
 42
-0.4142135627681608
 10
620.0963706743796
 20
121.3369197131462
 10
620.2539442676046
 20
121.1793461200422
 42
0.414213562180583
 10
620.2963706744617
 20
121.1793461199938
 10
620.4539442677038
 20
121.3369197131496
 42
-0.4142135616652886
 10
620.4963706745236
 20
121.3369197131644
 10
620.6539442679163
 20
121.1793461200358
 42
0.4142135623369744
 10
620.6963706747851
 20
121.1793461200914
 10
620.8308681673874
 20
121.3138436130886
 42
-0.1989123677611811
 10
620.8520813708543
 20
121.322630409684
 10
620.9027311005087
 20
121.322630409684
 42
0.4142135627466165
 10
620.9327311005087
 20
121.3526304097224
 10
620.9327311003359
 20
121.4881329528657
 42
-0.1989123677117991
 10
620.9415178969004
 20
121.5093461563396
 10
621.0248021681429
 20
121.5926304275816
 42
0.414213562373049
 10
621.0248021681429
 20
121.6350568344528
 10
620.8672285750138
 20
121.7926304275831
 42
-0.4142135623770585
 10
620.8672285750139
 20
121.8350568344546
 10
621.0248021681478
 20
121.9926304275785
 42
0.4142135623181579
 10
621.0248021681527
 20
122.0350568344457
 10
620.8672285750082
 20
122.1926304276724
 42
-0.4142135624210665
 10
620.8672285750211
 20
122.235056834547
 10
621.0248021681109
 20
122.3926304277476
 42
0.4142135626070603
 10
621.0248021681117
 20
122.4350568346358
 10
620.8672285750631
 20
122.592630427256
 42
-0.4142135623190682
 10
620.8672285750089
 20
122.6350568341233
 10
621.024802168154
 20
122.7926304278117
 42
0.4142135622889527
 10
621.024802168095
 20
122.8350568346768
 10
620.9415178970535
 20
122.9183411054472
 42
-0.1989123678027939
 10
620.9327311004543
 20
122.9395543089173
 10
620.9327311004543
 20
123.1174832595755
 42
0.4142135623728862
 10
620.9027311004546
 20
123.1474832595755
 10
620.8503656420457
 20
123.1474832595756
 42
0.1989123678561587
 10
620.8291524385712
 20
123.1386964629723
 10
620.6963706748238
 20
123.0059146987381
 42
-0.4142135626411065
 10
620.6539442679333
 20
123.0059146986874
 10
620.4963706743865
 20
123.1634882919727
 42
0.4142135615806079
 10
620.4539442675727
 20
123.1634882919923
 10
620.2963706736047
 20
123.0059146986955
 42
-0.4142135623660014
 10
620.253944266734
 20
123.0059146987747
 10
620.0963706744447
 20
123.1634882917276
 42
0.4142135631273744
 10
620.0539442675188
 20
123.1634882917487
 10
619.8963706747499
 20
123.0059146987516
 42
-0.4142135622344651
 10
619.8539442678889
 20
123.005914698713
 10
619.6963706743408
 20
123.1634882918611
 42
0.4142135624331304
 10
619.6539442674652
 20
123.1634882918147
 10
619.4963706748332
 20
123.0059146987589
 42
-0.4142135622146276
 10
619.4539442679735
 20
123.0059146987037
 10
619.3211625031595
 20
123.1386964630486
 42
0.1989123669205033
 10
619.2999492997612
 20
123.1474832595755
 10
619.1078782504207
 20
123.1474832595755
 42
0.4142135623730951
 10
619.0778782504207
 20
123.1174832595755
 10
619.0778782504207
 20
122.9678385801149
 42
0.1989123672718987
 10
619.0866650469764
 20
122.9466253766881
 10
619.1982335894476
 20
122.8350568341245
 42
-0.4142135626672099
 10
619.1982335894962
 20
122.792630427232
 10
619.0406599962154
 20
122.6350568342301
 42
0.4142135615718562
 10
619.0406599961889
 20
122.592630427417
 10
619.1982335894829
 20
122.4350568334664
 42
-0.414213562146215
 10
619.1982335894222
 20
122.3926304266116
 10
619.0406599964575
 20
122.2350568340349
 42
0.4142135631273657
 10
619.0406599964362
 20
122.1926304271091
 10
619.1982335894332
 20
122.0350568345854
 42
-0.4142135622344902
 10
619.198233589472
 20
121.9926304277242
 10
619.040659996324
 20
121.8350568341763
 42
0.414213562433163
 10
619.0406599963704
 20
121.7926304273007
 10
619.1982335894262
 20
121.6350568346686
 42
-0.4142135622146184
 10
619.1982335894813
 20
121.5926304278089
 10
619.0866650468456
 20
121.48106188477
 42
0.198912367317297
  0
LWPOLYLINE
  5
180BA
330
1F
100
AcDbEntity
  8
RCK_钼铝钼_MASK
100
AcDbPolyline
 90
       80
 70
     1
 43
0.0
 10
620.9927311003532
 20
121.4598486813721
 10
620.9927311005213
 20
121.3526304096365
 42
0.414213561914182
 10
621.0227311005212
 20
121.3226304096835
 10
621.2130864211964
 20
121.3226304096835
 42
-0.1989123671005855
 10
621.2342996246092
 20
121.3138436131419
 10
621.3687971179981
 20
121.1793461200417
 42
0.4142135623731109
 10
621.4112235248692
 20
121.1793461200416
 10
621.5687971179391
 20
121.336919713158
 42
-0.4142135626420365
 10
621.6112235248297
 20
121.3369197131769
 10
621.7687971176972
 20
121.1793461200569
 42
0.414213562529312
 10
621.8112235245796
 20
121.179346120037
 10
621.9687971175133
 20
121.3369197131857
 42
-0.4142135627681608
 10
622.0112235244132
 20
121.3369197131456
 10
622.1687971176383
 20
121.1793461200416
 42
0.414213562180583
 10
622.2112235244956
 20
121.1793461199932
 10
622.3687971177374
 20
121.336919713149
 42
-0.4142135616652886
 10
622.4112235245573
 20
121.3369197131637
 10
622.5687971179503
 20
121.1793461200352
 42
0.4142135623369744
 10
622.6112235248186
 20
121.1793461200908
 10
622.745721017421
 20
121.313843613088
 42
-0.1989123677611811
 10
622.7669342208876
 20
121.3226304096835
 10
622.8175839505425
 20
121.3226304096835
 42
0.4142135627466165
 10
622.8475839505422
 20
121.3526304097217
 10
622.8475839503696
 20
121.4881329528651
 42
-0.1989123677117991
 10
622.8563707469341
 20
121.509346156339
 10
622.9396550181765
 20
121.592630427581
 42
0.414213562373049
 10
622.9396550181766
 20
121.6350568344522
 10
622.7820814250474
 20
121.7926304275825
 42
-0.4142135623770585
 10
622.7820814250478
 20
121.835056834454
 10
622.9396550181817
 20
121.9926304275778
 42
0.4142135623181579
 10
622.9396550181864
 20
122.035056834445
 10
622.7820814250417
 20
122.1926304276718
 42
-0.4142135624210665
 10
622.7820814250548
 20
122.2350568345464
 10
622.9396550181445
 20
122.392630427747
 42
0.4142135626070603
 10
622.9396550181452
 20
122.4350568346352
 10
622.7820814250967
 20
122.5926304272555
 42
-0.4142135623190682
 10
622.7820814250425
 20
122.6350568341227
 10
622.9396550181877
 20
122.7926304278111
 42
0.4142135622889527
 10
622.9396550181286
 20
122.8350568346762
 10
622.8563707470871
 20
122.9183411054465
 42
-0.1989123678027939
 10
622.8475839504881
 20
122.9395543089166
 10
622.8475839504882
 20
123.1174832595749
 42
0.4142135623728862
 10
622.8175839504882
 20
123.1474832595749
 10
622.7652184920794
 20
123.147483259575
 42
0.1989123678561587
 10
622.7440052886047
 20
123.1386964629717
 10
622.6112235248574
 20
123.0059146987375
 42
-0.4142135626411065
 10
622.5687971179667
 20
123.0059146986868
 10
622.41122352442
 20
123.1634882919721
 42
0.4142135615806079
 10
622.3687971176063
 20
123.1634882919917
 10
622.2112235236384
 20
123.0059146986949
 42
-0.4142135623660014
 10
622.1687971167677
 20
123.0059146987741
 10
622.0112235244783
 20
123.163488291727
 42
0.4142135631273744
 10
621.9687971175526
 20
123.1634882917481
 10
621.8112235247835
 20
123.005914698751
 42
-0.4142135622344651
 10
621.7687971179225
 20
123.0059146987124
 10
621.6112235243745
 20
123.1634882918605
 42
0.4142135624331304
 10
621.5687971174989
 20
123.1634882918141
 10
621.4112235248667
 20
123.0059146987583
 42
-0.4142135622146276
 10
621.3687971180071
 20
123.0059146987031
 10
621.2360153531931
 20
123.138696463048
 42
0.1989123669205033
 10
621.2148021497949
 20
123.1474832595749
 10
621.0227311004544
 20
123.1474832595749
 42
0.4142135623730951
 10
620.9927311004544
 20
123.1174832595749
 10
620.9927311004544
 20
122.9678385801143
 42
0.1989123672718987
 10
621.00151789701
 20
122.9466253766875
 10
621.1130864394813
 20
122.8350568341239
 42
-0.4142135626672099
 10
621.11308643953
 20
122.7926304272314
 10
620.9555128462492
 20
122.6350568342295
 42
0.4142135615718562
 10
620.9555128462225
 20
122.5926304274164
 10
621.1130864395165
 20
122.4350568334658
 42
-0.414213562146215
 10
621.1130864394561
 20
122.392630426611
 10
620.955512846491
 20
122.2350568340343
 42
0.4142135631273657
 10
620.9555128464701
 20
122.1926304271085
 10
621.1130864394671
 20
122.0350568345848
 42
-0.4142135622344902
 10
621.1130864395056
 20
121.9926304277236
 10
620.9555128463577
 20
121.8350568341756
 42
0.414213562433163
 10
620.9555128464042
 20
121.7926304273001
 10
621.1130864394597
 20
121.6350568346679
 42
-0.4142135622146184
 10
621.1130864395149
 20
121.5926304278083
 10
621.0015178968792
 20
121.4810618847694
 42
0.198912367317297
  0
LWPOLYLINE
  5
180BB
330
1F
100
AcDbEntity
  8
RCK_钼铝钼_MASK
100
AcDbPolyline
 90
       80
 70
     1
 43
0.0
 10
622.9075839503869
 20
121.4598486813722
 10
622.9075839505549
 20
121.3526304096365
 42
0.414213561914182
 10
622.9375839505547
 20
121.3226304096835
 10
623.12793927123
 20
121.3226304096835
 42
-0.1989123671005855
 10
623.1491524746427
 20
121.3138436131419
 10
623.2836499680318
 20
121.1793461200417
 42
0.4142135623731109
 10
623.3260763749028
 20
121.1793461200416
 10
623.4836499679727
 20
121.3369197131581
 42
-0.4142135626420365
 10
623.5260763748637
 20
121.3369197131769
 10
623.6836499677307
 20
121.179346120057
 42
0.414213562529312
 10
623.7260763746133
 20
121.179346120037
 10
623.8836499675467
 20
121.3369197131857
 42
-0.4142135627681608
 10
623.9260763744469
 20
121.3369197131456
 10
624.0836499676719
 20
121.1793461200416
 42
0.414213562180583
 10
624.1260763745292
 20
121.1793461199932
 10
624.283649967771
 20
121.336919713149
 42
-0.4142135616652886
 10
624.3260763745909
 20
121.3369197131638
 10
624.4836499679839
 20
121.1793461200352
 42
0.4142135623369744
 10
624.5260763748522
 20
121.1793461200908
 10
624.6605738674547
 20
121.313843613088
 42
-0.1989123677611811
 10
624.6817870709215
 20
121.3226304096835
 10
624.7324368005761
 20
121.3226304096835
 42
0.4142135627466165
 10
624.7624368005761
 20
121.3526304097218
 10
624.7624368004031
 20
121.4881329528651
 42
-0.1989123677117991
 10
624.7712235969677
 20
121.509346156339
 10
624.8545078682101
 20
121.592630427581
 42
0.414213562373049
 10
624.8545078682102
 20
121.6350568344522
 10
624.696934275081
 20
121.7926304275825
 42
-0.4142135623770585
 10
624.6969342750814
 20
121.835056834454
 10
624.8545078682154
 20
121.9926304275778
 42
0.4142135623181579
 10
624.85450786822
 20
122.035056834445
 10
624.6969342750753
 20
122.1926304276718
 42
-0.4142135624210665
 10
624.6969342750883
 20
122.2350568345464
 10
624.8545078681781
 20
122.392630427747
 42
0.4142135626070603
 10
624.8545078681789
 20
122.4350568346352
 10
624.6969342751302
 20
122.5926304272555
 42
-0.4142135623190682
 10
624.6969342750761
 20
122.6350568341227
 10
624.8545078682212
 20
122.7926304278111
 42
0.4142135622889527
 10
624.8545078681623
 20
122.8350568346762
 10
624.7712235971207
 20
122.9183411054466
 42
-0.1989123678027939
 10
624.7624368005217
 20
122.9395543089167
 10
624.7624368005219
 20
123.1174832595749
 42
0.4142135623728862
 10
624.7324368005219
 20
123.1474832595749
 10
624.680071342113
 20
123.147483259575
 42
0.1989123678561587
 10
624.6588581386386
 20
123.1386964629717
 10
624.5260763748913
 20
123.0059146987375
 42
-0.4142135626411065
 10
624.4836499680006
 20
123.0059146986868
 10
624.3260763744537
 20
123.1634882919721
 42
0.4142135615806079
 10
624.28364996764
 20
123.1634882919917
 10
624.126076373672
 20
123.0059146986949
 42
-0.4142135623660014
 10
624.0836499668012
 20
123.0059146987741
 10
623.9260763745122
 20
123.163488291727
 42
0.4142135631273744
 10
623.8836499675861
 20
123.1634882917481
 10
623.7260763748172
 20
123.005914698751
 42
-0.4142135622344651
 10
623.6836499679561
 20
123.0059146987124
 10
623.5260763744081
 20
123.1634882918605
 42
0.4142135624331304
 10
623.4836499675325
 20
123.1634882918141
 10
623.3260763749004
 20
123.0059146987583
 42
-0.4142135622146276
 10
623.2836499680407
 20
123.0059146987031
 10
623.1508682032267
 20
123.138696463048
 42
0.1989123669205033
 10
623.1296549998285
 20
123.1474832595749
 10
622.9375839504879
 20
123.1474832595749
 42
0.4142135623730951
 10
622.9075839504879
 20
123.1174832595749
 10
622.9075839504879
 20
122.9678385801143
 42
0.1989123672718987
 10
622.9163707470436
 20
122.9466253766875
 10
623.0279392895147
 20
122.8350568341239
 42
-0.4142135626672099
 10
623.0279392895636
 20
122.7926304272314
 10
622.8703656962827
 20
122.6350568342295
 42
0.4142135615718562
 10
622.8703656962562
 20
122.5926304274164
 10
623.0279392895502
 20
122.4350568334658
 42
-0.414213562146215
 10
623.0279392894897
 20
122.392630426611
 10
622.8703656965246
 20
122.2350568340343
 42
0.4142135631273657
 10
622.8703656965038
 20
122.1926304271085
 10
623.0279392895007
 20
122.0350568345848
 42
-0.4142135622344902
 10
623.0279392895393
 20
121.9926304277236
 10
622.8703656963912
 20
121.8350568341756
 42
0.414213562433163
 10
622.8703656964377
 20
121.7926304273001
 10
623.0279392894933
 20
121.6350568346679
 42
-0.4142135622146184
 10
623.0279392895487
 20
121.5926304278083
 10
622.9163707469129
 20
121.4810618847694
 42
0.198912367317297
  0
LWPOLYLINE
  5
180BC
330
1F
100
AcDbEntity
  8
RCK_钼铝钼_MASK
100
AcDbPolyline
 90
       80
 70
     1
 43
0.0
 10
624.8224368004205
 20
121.4598486813709
 10
624.8224368005885
 20
121.3526304096353
 42
0.414213561914182
 10
624.8524368005885
 20
121.3226304096823
 10
625.0427921212637
 20
121.3226304096823
 42
-0.1989123671005855
 10
625.0640053246764
 20
121.3138436131407
 10
625.1985028180651
 20
121.1793461200405
 42
0.4142135623731109
 10
625.2409292249366
 20
121.1793461200404
 10
625.3985028180062
 20
121.3369197131568
 42
-0.4142135626420365
 10
625.4409292248972
 20
121.3369197131756
 10
625.5985028177645
 20
121.1793461200557
 42
0.414213562529312
 10
625.6409292246469
 20
121.1793461200357
 10
625.7985028175807
 20
121.3369197131845
 42
-0.4142135627681608
 10
625.8409292244805
 20
121.3369197131444
 10
625.9985028177055
 20
121.1793461200404
 42
0.414213562180583
 10
626.0409292245627
 20
121.179346119992
 10
626.1985028178046
 20
121.3369197131477
 42
-0.4142135616652886
 10
626.2409292246244
 20
121.3369197131625
 10
626.3985028180175
 20
121.1793461200339
 42
0.4142135623369744
 10
626.4409292248861
 20
121.1793461200895
 10
626.5754267174882
 20
121.3138436130867
 42
-0.1989123677611811
 10
626.5966399209551
 20
121.3226304096823
 10
626.6472896506098
 20
121.3226304096823
 42
0.4142135627466165
 10
626.6772896506097
 20
121.3526304097205
 10
626.6772896504368
 20
121.4881329528638
 42
-0.1989123677117991
 10
626.6860764470012
 20
121.5093461563378
 10
626.7693607182437
 20
121.5926304275798
 42
0.414213562373049
 10
626.7693607182437
 20
121.6350568344509
 10
626.6117871251148
 20
121.7926304275813
 42
-0.4142135623770585
 10
626.611787125115
 20
121.8350568344528
 10
626.769360718249
 20
121.9926304275766
 42
0.4142135623181579
 10
626.7693607182536
 20
122.0350568344438
 10
626.6117871251092
 20
122.1926304276705
 42
-0.4142135624210665
 10
626.6117871251218
 20
122.2350568345452
 10
626.7693607182117
 20
122.3926304277458
 42
0.4142135626070603
 10
626.7693607182127
 20
122.435056834634
 10
626.611787125164
 20
122.5926304272542
 42
-0.4142135623190682
 10
626.6117871251098
 20
122.6350568341215
 10
626.769360718255
 20
122.7926304278099
 42
0.4142135622889527
 10
626.7693607181959
 20
122.835056834675
 10
626.6860764471544
 20
122.9183411054453
 42
-0.1989123678027939
 10
626.6772896505552
 20
122.9395543089155
 10
626.6772896505555
 20
123.1174832595737
 42
0.4142135623728862
 10
626.6472896505555
 20
123.1474832595737
 10
626.5949241921465
 20
123.1474832595737
 42
0.1989123678561587
 10
626.5737109886722
 20
123.1386964629704
 10
626.4409292249247
 20
123.0059146987363
 42
-0.4142135626411065
 10
626.3985028180343
 20
123.0059146986856
 10
626.2409292244872
 20
123.1634882919709
 42
0.4142135615806079
 10
626.1985028176736
 20
123.1634882919905
 10
626.0409292237056
 20
123.0059146986937
 42
-0.4142135623660014
 10
625.9985028168347
 20
123.0059146987729
 10
625.8409292245458
 20
123.1634882917258
 42
0.4142135631273744
 10
625.7985028176197
 20
123.1634882917469
 10
625.6409292248507
 20
123.0059146987498
 42
-0.4142135622344651
 10
625.5985028179897
 20
123.0059146987112
 10
625.4409292244417
 20
123.1634882918593
 42
0.4142135624331304
 10
625.3985028175661
 20
123.1634882918129
 10
625.2409292249341
 20
123.0059146987571
 42
-0.4142135622146276
 10
625.1985028180743
 20
123.0059146987019
 10
625.0657210532603
 20
123.1386964630468
 42
0.1989123669205033
 10
625.0445078498621
 20
123.1474832595737
 10
624.8524368005218
 20
123.1474832595737
 42
0.4142135623730951
 10
624.8224368005216
 20
123.1174832595737
 10
624.8224368005216
 20
122.9678385801131
 42
0.1989123672718987
 10
624.8312235970773
 20
122.9466253766863
 10
624.9427921395485
 20
122.8350568341227
 42
-0.4142135626672099
 10
624.9427921395972
 20
122.7926304272302
 10
624.7852185463165
 20
122.6350568342283
 42
0.4142135615718562
 10
624.7852185462898
 20
122.5926304274151
 10
624.9427921395837
 20
122.4350568334645
 42
-0.414213562146215
 10
624.9427921395232
 20
122.3926304266098
 10
624.7852185465582
 20
122.2350568340331
 42
0.4142135631273657
 10
624.7852185465374
 20
122.1926304271073
 10
624.9427921395342
 20
122.0350568345835
 42
-0.4142135622344902
 10
624.9427921395729
 20
121.9926304277224
 10
624.785218546425
 20
121.8350568341744
 42
0.414213562433163
 10
624.7852185464712
 20
121.7926304272989
 10
624.9427921395272
 20
121.6350568346667
 42
-0.4142135622146184
 10
624.9427921395822
 20
121.592630427807
 10
624.8312235969465
 20
121.4810618847682
 42
0.198912367317297
  0
LWPOLYLINE
  5
180BD
330
1F
100
AcDbEntity
  8
RCK_钼铝钼_MASK
100
AcDbPolyline
 90
       80
 70
     1
 43
0.0
 10
626.737289650454
 20
121.4598486813709
 10
626.7372896506222
 20
121.3526304096353
 42
0.414213561914182
 10
626.767289650622
 20
121.3226304096823
 10
626.9576449712972
 20
121.3226304096823
 42
-0.1989123671005855
 10
626.9788581747101
 20
121.3138436131407
 10
627.113355668099
 20
121.1793461200405
 42
0.4142135623731109
 10
627.1557820749702
 20
121.1793461200404
 10
627.31335566804
 20
121.3369197131568
 42
-0.4142135626420365
 10
627.3557820749307
 20
121.3369197131757
 10
627.5133556677981
 20
121.1793461200557
 42
0.414213562529312
 10
627.5557820746804
 20
121.1793461200357
 10
627.7133556676142
 20
121.3369197131845
 42
-0.4142135627681608
 10
627.7557820745141
 20
121.3369197131444
 10
627.9133556677392
 20
121.1793461200404
 42
0.414213562180583
 10
627.9557820745965
 20
121.179346119992
 10
628.1133556678383
 20
121.3369197131477
 42
-0.4142135616652886
 10
628.1557820746582
 20
121.3369197131625
 10
628.3133556680511
 20
121.1793461200339
 42
0.4142135623369744
 10
628.3557820749197
 20
121.1793461200895
 10
628.4902795675219
 20
121.3138436130867
 42
-0.1989123677611811
 10
628.5114927709887
 20
121.3226304096823
 10
628.5621425006434
 20
121.3226304096823
 42
0.4142135627466165
 10
628.5921425006432
 20
121.3526304097205
 10
628.5921425004707
 20
121.4881329528639
 42
-0.1989123677117991
 10
628.600929297035
 20
121.5093461563378
 10
628.6842135682774
 20
121.5926304275798
 42
0.414213562373049
 10
628.6842135682775
 20
121.635056834451
 10
628.5266399751482
 20
121.7926304275813
 42
-0.4142135623770585
 10
628.5266399751487
 20
121.8350568344528
 10
628.6842135682826
 20
121.9926304275766
 42
0.4142135623181579
 10
628.6842135682872
 20
122.0350568344439
 10
628.5266399751427
 20
122.1926304276705
 42
-0.4142135624210665
 10
628.5266399751557
 20
122.2350568345452
 10
628.6842135682452
 20
122.3926304277458
 42
0.4142135626070603
 10
628.6842135682462
 20
122.435056834634
 10
628.5266399751975
 20
122.5926304272542
 42
-0.4142135623190682
 10
628.5266399751433
 20
122.6350568341215
 10
628.6842135682888
 20
122.7926304278099
 42
0.4142135622889527
 10
628.6842135682295
 20
122.835056834675
 10
628.600929297188
 20
122.9183411054453
 42
-0.1989123678027939
 10
628.592142500589
 20
122.9395543089155
 10
628.5921425005891
 20
123.1174832595737
 42
0.4142135623728862
 10
628.5621425005891
 20
123.1474832595737
 10
628.5097770421803
 20
123.1474832595737
 42
0.1989123678561587
 10
628.4885638387057
 20
123.1386964629704
 10
628.3557820749583
 20
123.0059146987363
 42
-0.4142135626411065
 10
628.3133556680677
 20
123.0059146986856
 10
628.1557820745208
 20
123.1634882919709
 42
0.4142135615806079
 10
628.1133556677072
 20
123.1634882919905
 10
627.9557820737392
 20
123.0059146986937
 42
-0.4142135623660014
 10
627.9133556668686
 20
123.0059146987729
 10
627.7557820745794
 20
123.1634882917258
 42
0.4142135631273744
 10
627.7133556676536
 20
123.1634882917469
 10
627.5557820748843
 20
123.0059146987498
 42
-0.4142135622344651
 10
627.5133556680231
 20
123.0059146987112
 10
627.3557820744754
 20
123.1634882918593
 42
0.4142135624331304
 10
627.3133556675997
 20
123.1634882918129
 10
627.1557820749677
 20
123.0059146987571
 42
-0.4142135622146276
 10
627.1133556681079
 20
123.0059146987019
 10
626.980573903294
 20
123.1386964630468
 42
0.1989123669205033
 10
626.9593606998958
 20
123.1474832595737
 10
626.7672896505553
 20
123.1474832595737
 42
0.4142135623730951
 10
626.7372896505552
 20
123.1174832595737
 10
626.7372896505552
 20
122.9678385801131
 42
0.1989123672718987
 10
626.7460764471109
 20
122.9466253766863
 10
626.8576449895821
 20
122.8350568341227
 42
-0.4142135626672099
 10
626.8576449896309
 20
122.7926304272302
 10
626.7000713963502
 20
122.6350568342283
 42
0.4142135615718562
 10
626.7000713963234
 20
122.5926304274151
 10
626.8576449896174
 20
122.4350568334646
 42
-0.414213562146215
 10
626.857644989557
 20
122.3926304266098
 10
626.700071396592
 20
122.2350568340331
 42
0.4142135631273657
 10
626.7000713965709
 20
122.1926304271073
 10
626.857644989568
 20
122.0350568345835
 42
-0.4142135622344902
 10
626.8576449896064
 20
121.9926304277224
 10
626.7000713964586
 20
121.8350568341744
 42
0.414213562433163
 10
626.700071396505
 20
121.7926304272989
 10
626.8576449895609
 20
121.6350568346667
 42
-0.4142135622146184
 10
626.8576449896158
 20
121.592630427807
 10
626.7460764469801
 20
121.4810618847682
 42
0.198912367317297
  0
LWPOLYLINE
  5
180BE
330
1F
100
AcDbEntity
  8
RCK_钼铝钼_MASK
100
AcDbPolyline
 90
       80
 70
     1
 43
0.0
 10
628.6521425004877
 20
121.4598486813703
 10
628.6521425006557
 20
121.3526304096347
 42
0.414213561914182
 10
628.6821425006557
 20
121.3226304096817
 10
628.8724978213307
 20
121.3226304096817
 42
-0.1989123671005855
 10
628.8937110247437
 20
121.3138436131401
 10
629.0282085181328
 20
121.1793461200399
 42
0.4142135623731109
 10
629.0706349250037
 20
121.1793461200398
 10
629.2282085180737
 20
121.3369197131562
 42
-0.4142135626420365
 10
629.2706349249645
 20
121.336919713175
 10
629.4282085178317
 20
121.1793461200551
 42
0.414213562529312
 10
629.4706349247142
 20
121.1793461200351
 10
629.6282085176478
 20
121.3369197131839
 42
-0.4142135627681608
 10
629.6706349245477
 20
121.3369197131438
 10
629.8282085177727
 20
121.1793461200397
 42
0.414213562180583
 10
629.8706349246303
 20
121.1793461199914
 10
630.0282085178718
 20
121.3369197131472
 42
-0.4142135616652886
 10
630.0706349246917
 20
121.3369197131619
 10
630.2282085180847
 20
121.1793461200333
 42
0.4142135623369744
 10
630.2706349249532
 20
121.1793461200889
 10
630.4051324175556
 20
121.3138436130861
 42
-0.1989123677611811
 10
630.4263456210223
 20
121.3226304096817
 10
630.476995350677
 20
121.3226304096817
 42
0.4142135627466165
 10
630.506995350677
 20
121.3526304097199
 10
630.5069953505042
 20
121.4881329528632
 42
-0.1989123677117991
 10
630.5157821470686
 20
121.5093461563372
 10
630.599066418311
 20
121.5926304275792
 42
0.414213562373049
 10
630.5990664183111
 20
121.6350568344504
 10
630.4414928251817
 20
121.7926304275807
 42
-0.4142135623770585
 10
630.4414928251823
 20
121.8350568344522
 10
630.5990664183163
 20
121.992630427576
 42
0.4142135623181579
 10
630.5990664183207
 20
122.0350568344432
 10
630.4414928251765
 20
122.1926304276699
 42
-0.4142135624210665
 10
630.4414928251892
 20
122.2350568345446
 10
630.599066418279
 20
122.3926304277452
 42
0.4142135626070603
 10
630.5990664182797
 20
122.4350568346334
 10
630.441492825231
 20
122.5926304272536
 42
-0.4142135623190682
 10
630.441492825177
 20
122.6350568341209
 10
630.5990664183221
 20
122.7926304278093
 42
0.4142135622889527
 10
630.5990664182631
 20
122.8350568346744
 10
630.5157821472215
 20
122.9183411054447
 42
-0.1989123678027939
 10
630.5069953506226
 20
122.9395543089149
 10
630.5069953506228
 20
123.1174832595731
 42
0.4142135623728862
 10
630.4769953506228
 20
123.1474832595731
 10
630.4246298922139
 20
123.1474832595731
 42
0.1989123678561587
 10
630.4034166887395
 20
123.1386964629698
 10
630.2706349249921
 20
123.0059146987357
 42
-0.4142135626411065
 10
630.2282085181015
 20
123.005914698685
 10
630.0706349245547
 20
123.1634882919703
 42
0.4142135615806079
 10
630.0282085177408
 20
123.1634882919899
 10
629.8706349237727
 20
123.0059146986931
 42
-0.4142135623660014
 10
629.8282085169022
 20
123.0059146987723
 10
629.6706349246131
 20
123.1634882917252
 42
0.4142135631273744
 10
629.6282085176872
 20
123.1634882917463
 10
629.4706349249182
 20
123.0059146987492
 42
-0.4142135622344651
 10
629.428208518057
 20
123.0059146987106
 10
629.2706349245088
 20
123.1634882918587
 42
0.4142135624331304
 10
629.2282085176333
 20
123.1634882918123
 10
629.0706349250012
 20
123.0059146987565
 42
-0.4142135622146276
 10
629.0282085181416
 20
123.0059146987013
 10
628.8954267533276
 20
123.1386964630462
 42
0.1989123669205033
 10
628.8742135499293
 20
123.1474832595731
 10
628.6821425005889
 20
123.1474832595731
 42
0.4142135623730951
 10
628.6521425005887
 20
123.1174832595731
 10
628.6521425005887
 20
122.9678385801124
 42
0.1989123672718987
 10
628.6609292971444
 20
122.9466253766857
 10
628.7724978396157
 20
122.8350568341221
 42
-0.4142135626672099
 10
628.7724978396645
 20
122.7926304272296
 10
628.6149242463838
 20
122.6350568342277
 42
0.4142135615718562
 10
628.614924246357
 20
122.5926304274145
 10
628.7724978396511
 20
122.4350568334639
 42
-0.414213562146215
 10
628.7724978395906
 20
122.3926304266092
 10
628.6149242466257
 20
122.2350568340325
 42
0.4142135631273657
 10
628.6149242466048
 20
122.1926304271067
 10
628.7724978396015
 20
122.035056834583
 42
-0.4142135622344902
 10
628.7724978396401
 20
121.9926304277218
 10
628.6149242464922
 20
121.8350568341738
 42
0.414213562433163
 10
628.6149242465387
 20
121.7926304272982
 10
628.7724978395945
 20
121.6350568346661
 42
-0.4142135622146184
 10
628.7724978396497
 20
121.5926304278064
 10
628.6609292970138
 20
121.4810618847676
 42
0.198912367317297
  0
LWPOLYLINE
  5
180BF
330
1F
100
AcDbEntity
  8
RCK_钼铝钼_MASK
100
AcDbPolyline
 90
       80
 70
     1
 43
0.0
 10
630.5669953505214
 20
121.4598486813703
 10
630.5669953506892
 20
121.3526304096347
 42
0.414213561914182
 10
630.5969953506894
 20
121.3226304096817
 10
630.7873506713645
 20
121.3226304096817
 42
-0.1989123671005855
 10
630.8085638747772
 20
121.3138436131401
 10
630.9430613681662
 20
121.1793461200399
 42
0.4142135623731109
 10
630.9854877750375
 20
121.1793461200398
 10
631.1430613681074
 20
121.3369197131562
 42
-0.4142135626420365
 10
631.1854877749981
 20
121.336919713175
 10
631.3430613678652
 20
121.1793461200551
 42
0.414213562529312
 10
631.3854877747477
 20
121.1793461200351
 10
631.5430613676815
 20
121.3369197131839
 42
-0.4142135627681608
 10
631.5854877745812
 20
121.3369197131438
 10
631.7430613678062
 20
121.1793461200398
 42
0.414213562180583
 10
631.7854877746638
 20
121.1793461199914
 10
631.9430613679055
 20
121.3369197131472
 42
-0.4142135616652886
 10
631.9854877747252
 20
121.3369197131619
 10
632.1430613681183
 20
121.1793461200333
 42
0.4142135623369744
 10
632.185487774987
 20
121.1793461200889
 10
632.3199852675892
 20
121.3138436130861
 42
-0.1989123677611811
 10
632.341198471056
 20
121.3226304096817
 10
632.3918482007107
 20
121.3226304096817
 42
0.4142135627466165
 10
632.4218482007106
 20
121.3526304097199
 10
632.4218482005377
 20
121.4881329528633
 42
-0.1989123677117991
 10
632.4306349971022
 20
121.5093461563372
 10
632.5139192683447
 20
121.5926304275792
 42
0.414213562373049
 10
632.5139192683447
 20
121.6350568344504
 10
632.3563456752156
 20
121.7926304275807
 42
-0.4142135623770585
 10
632.3563456752159
 20
121.8350568344522
 10
632.5139192683498
 20
121.992630427576
 42
0.4142135623181579
 10
632.5139192683543
 20
122.0350568344432
 10
632.3563456752101
 20
122.1926304276699
 42
-0.4142135624210665
 10
632.3563456752228
 20
122.2350568345446
 10
632.5139192683127
 20
122.3926304277452
 42
0.4142135626070603
 10
632.5139192683137
 20
122.4350568346334
 10
632.3563456752649
 20
122.5926304272536
 42
-0.4142135623190682
 10
632.3563456752107
 20
122.6350568341209
 10
632.5139192683557
 20
122.7926304278093
 42
0.4142135622889527
 10
632.5139192682967
 20
122.8350568346744
 10
632.4306349972552
 20
122.9183411054447
 42
-0.1989123678027939
 10
632.4218482006563
 20
122.9395543089149
 10
632.4218482006563
 20
123.1174832595731
 42
0.4142135623728862
 10
632.3918482006562
 20
123.1474832595731
 10
632.3394827422474
 20
123.1474832595731
 42
0.1989123678561587
 10
632.3182695387731
 20
123.1386964629699
 10
632.1854877750257
 20
123.0059146987357
 42
-0.4142135626411065
 10
632.1430613681351
 20
123.005914698685
 10
631.9854877745882
 20
123.1634882919703
 42
0.4142135615806079
 10
631.9430613677743
 20
123.1634882919899
 10
631.7854877738064
 20
123.0059146986931
 42
-0.4142135623660014
 10
631.7430613669357
 20
123.0059146987723
 10
631.5854877746467
 20
123.1634882917252
 42
0.4142135631273744
 10
631.5430613677207
 20
123.1634882917463
 10
631.3854877749518
 20
123.0059146987492
 42
-0.4142135622344651
 10
631.3430613680907
 20
123.0059146987106
 10
631.1854877745425
 20
123.1634882918587
 42
0.4142135624331304
 10
631.143061367667
 20
123.1634882918123
 10
630.985487775035
 20
123.0059146987565
 42
-0.4142135622146276
 10
630.9430613681752
 20
123.0059146987013
 10
630.8102796033613
 20
123.1386964630462
 42
0.1989123669205033
 10
630.7890663999629
 20
123.1474832595731
 10
630.5969953506226
 20
123.1474832595731
 42
0.4142135623730951
 10
630.5669953506225
 20
123.1174832595731
 10
630.5669953506225
 20
122.9678385801125
 42
0.1989123672718987
 10
630.5757821471781
 20
122.9466253766857
 10
630.6873506896494
 20
122.8350568341221
 42
-0.4142135626672099
 10
630.687350689698
 20
122.7926304272296
 10
630.5297770964174
 20
122.6350568342277
 42
0.4142135615718562
 10
630.5297770963907
 20
122.5926304274145
 10
630.6873506896847
 20
122.435056833464
 42
-0.414213562146215
 10
630.6873506896242
 20
122.3926304266092
 10
630.5297770966594
 20
122.2350568340325
 42
0.4142135631273657
 10
630.5297770966382
 20
122.1926304271067
 10
630.6873506896351
 20
122.035056834583
 42
-0.4142135622344902
 10
630.6873506896737
 20
121.9926304277218
 10
630.5297770965259
 20
121.8350568341738
 42
0.414213562433163
 10
630.5297770965722
 20
121.7926304272983
 10
630.6873506896281
 20
121.6350568346661
 42
-0.4142135622146184
 10
630.6873506896831
 20
121.5926304278064
 10
630.5757821470471
 20
121.4810618847676
 42
0.198912367317297
  0
LWPOLYLINE
  5
180C0
330
1F
100
AcDbEntity
  8
RCK_钼铝钼_MASK
100
AcDbPolyline
 90
       80
 70
     1
 43
0.0
 10
632.4818482005548
 20
121.4598486813691
 10
632.4818482007231
 20
121.3526304096335
 42
0.414213561914182
 10
632.5118482007231
 20
121.3226304096805
 10
632.7022035213982
 20
121.3226304096804
 42
-0.1989123671005855
 10
632.723416724811
 20
121.3138436131388
 10
632.8579142181999
 20
121.1793461200387
 42
0.4142135623731109
 10
632.9003406250713
 20
121.1793461200386
 10
633.057914218141
 20
121.336919713155
 42
-0.4142135626420365
 10
633.1003406250317
 20
121.3369197131738
 10
633.257914217899
 20
121.1793461200539
 42
0.414213562529312
 10
633.3003406247812
 20
121.1793461200339
 10
633.4579142177151
 20
121.3369197131827
 42
-0.4142135627681608
 10
633.5003406246149
 20
121.3369197131425
 10
633.6579142178401
 20
121.1793461200386
 42
0.414213562180583
 10
633.7003406246972
 20
121.1793461199902
 10
633.8579142179392
 20
121.3369197131459
 42
-0.4142135616652886
 10
633.9003406247591
 20
121.3369197131607
 10
634.057914218152
 20
121.1793461200321
 42
0.4142135623369744
 10
634.1003406250206
 20
121.1793461200877
 10
634.2348381176227
 20
121.3138436130849
 42
-0.1989123677611811
 10
634.2560513210896
 20
121.3226304096804
 10
634.3067010507442
 20
121.3226304096804
 42
0.4142135627466165
 10
634.3367010507442
 20
121.3526304097187
 10
634.3367010505715
 20
121.488132952862
 42
-0.1989123677117991
 10
634.3454878471358
 20
121.5093461563359
 10
634.4287721183782
 20
121.5926304275779
 42
0.414213562373049
 10
634.4287721183782
 20
121.6350568344491
 10
634.2711985252492
 20
121.7926304275795
 42
-0.4142135623770585
 10
634.2711985252496
 20
121.835056834451
 10
634.4287721183834
 20
121.9926304275748
 42
0.4142135623181579
 10
634.4287721183881
 20
122.035056834442
 10
634.2711985252438
 20
122.1926304276687
 42
-0.4142135624210665
 10
634.2711985252566
 20
122.2350568345434
 10
634.4287721183462
 20
122.392630427744
 42
0.4142135626070603
 10
634.4287721183473
 20
122.4350568346321
 10
634.2711985252986
 20
122.5926304272524
 42
-0.4142135623190682
 10
634.2711985252442
 20
122.6350568341197
 10
634.4287721183896
 20
122.7926304278081
 42
0.4142135622889527
 10
634.4287721183302
 20
122.8350568346732
 10
634.3454878472889
 20
122.9183411054435
 42
-0.1989123678027939
 10
634.3367010506897
 20
122.9395543089136
 10
634.3367010506898
 20
123.1174832595719
 42
0.4142135623728862
 10
634.3067010506898
 20
123.1474832595718
 10
634.2543355922812
 20
123.1474832595719
 42
0.1989123678561587
 10
634.2331223888067
 20
123.1386964629686
 10
634.1003406250592
 20
123.0059146987345
 42
-0.4142135626411065
 10
634.0579142181686
 20
123.0059146986838
 10
633.900340624622
 20
123.1634882919691
 42
0.4142135615806079
 10
633.8579142178082
 20
123.1634882919886
 10
633.7003406238402
 20
123.0059146986919
 42
-0.4142135623660014
 10
633.6579142169695
 20
123.0059146987711
 10
633.5003406246802
 20
123.163488291724
 42
0.4142135631273744
 10
633.4579142177545
 20
123.1634882917451
 10
633.3003406249853
 20
123.005914698748
 42
-0.4142135622344651
 10
633.2579142181242
 20
123.0059146987094
 10
633.1003406245762
 20
123.1634882918575
 42
0.4142135624331304
 10
633.0579142177007
 20
123.163488291811
 10
632.9003406250685
 20
123.0059146987552
 42
-0.4142135622146276
 10
632.8579142182087
 20
123.0059146987001
 10
632.7251324533947
 20
123.1386964630449
 42
0.1989123669205033
 10
632.7039192499967
 20
123.1474832595718
 10
632.5118482006562
 20
123.1474832595718
 42
0.4142135623730951
 10
632.4818482006563
 20
123.1174832595719
 10
632.4818482006563
 20
122.9678385801113
 42
0.1989123672718987
 10
632.4906349972117
 20
122.9466253766844
 10
632.602203539683
 20
122.8350568341208
 42
-0.4142135626672099
 10
632.6022035397317
 20
122.7926304272283
 10
632.444629946451
 20
122.6350568342265
 42
0.4142135615718562
 10
632.4446299464242
 20
122.5926304274133
 10
632.6022035397182
 20
122.4350568334627
 42
-0.414213562146215
 10
632.6022035396579
 20
122.3926304266079
 10
632.444629946693
 20
122.2350568340313
 42
0.4142135631273657
 10
632.4446299466717
 20
122.1926304271055
 10
632.602203539669
 20
122.0350568345817
 42
-0.4142135622344902
 10
632.6022035397072
 20
121.9926304277206
 10
632.4446299465595
 20
121.8350568341726
 42
0.414213562433163
 10
632.444629946606
 20
121.792630427297
 10
632.6022035396617
 20
121.6350568346649
 42
-0.4142135622146184
 10
632.6022035397169
 20
121.5926304278052
 10
632.490634997081
 20
121.4810618847664
 42
0.198912367317297
  0
LWPOLYLINE
  5
180C1
330
1F
100
AcDbEntity
  8
RCK_钼铝钼_MASK
100
AcDbPolyline
 90
       80
 70
     1
 43
0.0
 10
634.3967010505886
 20
121.4598486813691
 10
634.3967010507567
 20
121.3526304096335
 42
0.414213561914182
 10
634.4267010507567
 20
121.3226304096805
 10
634.6170563714317
 20
121.3226304096804
 42
-0.1989123671005855
 10
634.6382695748444
 20
121.3138436131388
 10
634.7727670682336
 20
121.1793461200387
 42
0.4142135623731109
 10
634.8151934751045
 20
121.1793461200386
 10
634.9727670681748
 20
121.336919713155
 42
-0.4142135626420365
 10
635.0151934750654
 20
121.3369197131738
 10
635.1727670679326
 20
121.1793461200539
 42
0.414213562529312
 10
635.215193474815
 20
121.1793461200339
 10
635.3727670677487
 20
121.3369197131827
 42
-0.4142135627681608
 10
635.4151934746487
 20
121.3369197131425
 10
635.5727670678738
 20
121.1793461200386
 42
0.414213562180583
 10
635.6151934747311
 20
121.1793461199902
 10
635.7727670679727
 20
121.3369197131459
 42
-0.4142135616652886
 10
635.8151934747927
 20
121.3369197131607
 10
635.9727670681857
 20
121.1793461200321
 42
0.4142135623369744
 10
636.0151934750542
 20
121.1793461200877
 10
636.1496909676565
 20
121.3138436130849
 42
-0.1989123677611811
 10
636.1709041711232
 20
121.3226304096804
 10
636.2215539007777
 20
121.3226304096804
 42
0.4142135627466165
 10
636.2515539007779
 20
121.3526304097187
 10
636.2515539006051
 20
121.488132952862
 42
-0.1989123677117991
 10
636.2603406971693
 20
121.5093461563359
 10
636.3436249684117
 20
121.5926304275779
 42
0.414213562373049
 10
636.3436249684118
 20
121.6350568344491
 10
636.1860513752827
 20
121.7926304275795
 42
-0.4142135623770585
 10
636.1860513752832
 20
121.835056834451
 10
636.3436249684172
 20
121.9926304275748
 42
0.4142135623181579
 10
636.3436249684219
 20
122.035056834442
 10
636.1860513752774
 20
122.1926304276687
 42
-0.4142135624210665
 10
636.1860513752902
 20
122.2350568345434
 10
636.34362496838
 20
122.392630427744
 42
0.4142135626070603
 10
636.3436249683809
 20
122.4350568346321
 10
636.1860513753322
 20
122.5926304272524
 42
-0.4142135623190682
 10
636.1860513752779
 20
122.6350568341197
 10
636.3436249684232
 20
122.7926304278081
 42
0.4142135622889527
 10
636.343624968364
 20
122.8350568346732
 10
636.2603406973224
 20
122.9183411054435
 42
-0.1989123678027939
 10
636.2515539007236
 20
122.9395543089137
 10
636.2515539007237
 20
123.1174832595719
 42
0.4142135623728862
 10
636.2215539007237
 20
123.1474832595719
 10
636.1691884423147
 20
123.1474832595719
 42
0.1989123678561587
 10
636.1479752388405
 20
123.1386964629686
 10
636.015193475093
 20
123.0059146987345
 42
-0.4142135626411065
 10
635.9727670682024
 20
123.0059146986838
 10
635.8151934746556
 20
123.1634882919691
 42
0.4142135615806079
 10
635.7727670678419
 20
123.1634882919886
 10
635.6151934738739
 20
123.0059146986919
 42
-0.4142135623660014
 10
635.572767067003
 20
123.0059146987711
 10
635.415193474714
 20
123.163488291724
 42
0.4142135631273744
 10
635.3727670677881
 20
123.1634882917451
 10
635.2151934750192
 20
123.005914698748
 42
-0.4142135622344651
 10
635.1727670681579
 20
123.0059146987094
 10
635.01519347461
 20
123.1634882918575
 42
0.4142135624331304
 10
634.9727670677342
 20
123.163488291811
 10
634.8151934751022
 20
123.0059146987552
 42
-0.4142135622146276
 10
634.7727670682425
 20
123.0059146987001
 10
634.6399853034283
 20
123.1386964630449
 42
0.1989123669205033
 10
634.6187721000302
 20
123.1474832595719
 10
634.4267010506897
 20
123.1474832595718
 42
0.4142135623730951
 10
634.3967010506899
 20
123.1174832595719
 10
634.3967010506899
 20
122.9678385801113
 42
0.1989123672718987
 10
634.4054878472452
 20
122.9466253766844
 10
634.5170563897166
 20
122.8350568341209
 42
-0.4142135626672099
 10
634.5170563897652
 20
122.7926304272283
 10
634.3594827964847
 20
122.6350568342265
 42
0.4142135615718562
 10
634.3594827964579
 20
122.5926304274133
 10
634.5170563897519
 20
122.4350568334627
 42
-0.414213562146215
 10
634.5170563896914
 20
122.3926304266079
 10
634.3594827967266
 20
122.2350568340313
 42
0.4142135631273657
 10
634.3594827967056
 20
122.1926304271055
 10
634.5170563897026
 20
122.0350568345817
 42
-0.4142135622344902
 10
634.5170563897411
 20
121.9926304277206
 10
634.359482796593
 20
121.8350568341726
 42
0.414213562433163
 10
634.3594827966398
 20
121.792630427297
 10
634.5170563896953
 20
121.6350568346649
 42
-0.4142135622146184
 10
634.5170563897505
 20
121.5926304278052
 10
634.4054878471147
 20
121.4810618847664
 42
0.198912367317297
  0
LWPOLYLINE
  5
180C2
330
1F
100
AcDbEntity
  8
RCK_钼铝钼_MASK
100
AcDbPolyline
 90
       80
 70
     1
 43
0.0
 10
636.3115539006222
 20
121.4598486813685
 10
636.3115539007902
 20
121.3526304096329
 42
0.414213561914182
 10
636.3415539007903
 20
121.3226304096799
 10
636.5319092214654
 20
121.3226304096798
 42
-0.1989123671005855
 10
636.5531224248782
 20
121.3138436131382
 10
636.6876199182671
 20
121.1793461200381
 42
0.4142135623731109
 10
636.7300463251382
 20
121.179346120038
 10
636.8876199182082
 20
121.3369197131544
 42
-0.4142135626420365
 10
636.930046325099
 20
121.3369197131732
 10
637.0876199179662
 20
121.1793461200533
 42
0.414213562529312
 10
637.1300463248488
 20
121.1793461200333
 10
637.2876199177823
 20
121.3369197131821
 42
-0.4142135627681608
 10
637.3300463246822
 20
121.3369197131419
 10
637.4876199179074
 20
121.1793461200379
 42
0.414213562180583
 10
637.5300463247648
 20
121.1793461199896
 10
637.6876199180062
 20
121.3369197131453
 42
-0.4142135616652886
 10
637.7300463248262
 20
121.3369197131601
 10
637.8876199182192
 20
121.1793461200315
 42
0.4142135623369744
 10
637.9300463250879
 20
121.1793461200871
 10
638.0645438176901
 20
121.3138436130843
 42
-0.1989123677611811
 10
638.0857570211567
 20
121.3226304096798
 10
638.1364067508116
 20
121.3226304096798
 42
0.4142135627466165
 10
638.1664067508116
 20
121.3526304097181
 10
638.1664067506387
 20
121.4881329528614
 42
-0.1989123677117991
 10
638.175193547203
 20
121.5093461563353
 10
638.2584778184456
 20
121.5926304275773
 42
0.414213562373049
 10
638.2584778184457
 20
121.6350568344485
 10
638.1009042253164
 20
121.7926304275789
 42
-0.4142135623770585
 10
638.1009042253167
 20
121.8350568344504
 10
638.2584778184507
 20
121.9926304275742
 42
0.4142135623181579
 10
638.2584778184555
 20
122.0350568344414
 10
638.100904225311
 20
122.1926304276681
 42
-0.4142135624210665
 10
638.1009042253239
 20
122.2350568345428
 10
638.2584778184138
 20
122.3926304277434
 42
0.4142135626070603
 10
638.2584778184146
 20
122.4350568346315
 10
638.1009042253658
 20
122.5926304272518
 42
-0.4142135623190682
 10
638.1009042253116
 20
122.6350568341191
 10
638.2584778184567
 20
122.7926304278075
 42
0.4142135622889527
 10
638.2584778183977
 20
122.8350568346725
 10
638.1751935473562
 20
122.9183411054429
 42
-0.1989123678027939
 10
638.1664067507572
 20
122.939554308913
 10
638.1664067507572
 20
123.1174832595713
 42
0.4142135623728862
 10
638.1364067507574
 20
123.1474832595713
 10
638.0840412923483
 20
123.1474832595713
 42
0.1989123678561587
 10
638.0628280888741
 20
123.138696462968
 10
637.9300463251267
 20
123.0059146987339
 42
-0.4142135626411065
 10
637.887619918236
 20
123.0059146986832
 10
637.7300463246893
 20
123.1634882919685
 42
0.4142135615806079
 10
637.6876199178755
 20
123.163488291988
 10
637.5300463239075
 20
123.0059146986913
 42
-0.4142135623660014
 10
637.4876199170367
 20
123.0059146987705
 10
637.3300463247476
 20
123.1634882917234
 42
0.4142135631273744
 10
637.2876199178217
 20
123.1634882917445
 10
637.1300463250527
 20
123.0059146987474
 42
-0.4142135622344651
 10
637.0876199181916
 20
123.0059146987088
 10
636.9300463246436
 20
123.1634882918569
 42
0.4142135624331304
 10
636.8876199177677
 20
123.1634882918104
 10
636.7300463251361
 20
123.0059146987546
 42
-0.4142135622146276
 10
636.6876199182762
 20
123.0059146986995
 10
636.5548381534622
 20
123.1386964630443
 42
0.1989123669205033
 10
636.5336249500638
 20
123.1474832595713
 10
636.3415539007235
 20
123.1474832595713
 42
0.4142135623730951
 10
636.3115539007235
 20
123.1174832595713
 10
636.3115539007235
 20
122.9678385801106
 42
0.1989123672718987
 10
636.320340697279
 20
122.9466253766839
 10
636.4319092397502
 20
122.8350568341202
 42
-0.4142135626672099
 10
636.4319092397991
 20
122.7926304272278
 10
636.2743356465182
 20
122.6350568342259
 42
0.4142135615718562
 10
636.2743356464916
 20
122.5926304274127
 10
636.4319092397855
 20
122.4350568334621
 42
-0.414213562146215
 10
636.4319092397253
 20
122.3926304266074
 10
636.2743356467603
 20
122.2350568340307
 42
0.4142135631273657
 10
636.2743356467392
 20
122.1926304271049
 10
636.4319092397362
 20
122.0350568345811
 42
-0.4142135622344902
 10
636.4319092397748
 20
121.9926304277199
 10
636.2743356466267
 20
121.835056834172
 42
0.414213562433163
 10
636.2743356466733
 20
121.7926304272964
 10
636.4319092397288
 20
121.6350568346643
 42
-0.4142135622146184
 10
636.4319092397842
 20
121.5926304278045
 10
636.3203406971482
 20
121.4810618847657
 42
0.198912367317297
  0
LWPOLYLINE
  5
180C3
330
1F
100
AcDbEntity
  8
RCK_钼铝钼_MASK
100
AcDbPolyline
 90
       80
 70
     1
 43
0.0
 10
638.226406750656
 20
121.4598486813685
 10
638.226406750824
 20
121.3526304096329
 42
0.414213561914182
 10
638.256406750824
 20
121.3226304096799
 10
638.4467620714993
 20
121.3226304096798
 42
-0.1989123671005855
 10
638.4679752749121
 20
121.3138436131382
 10
638.6024727683007
 20
121.1793461200381
 42
0.4142135623731109
 10
638.6448991751721
 20
121.179346120038
 10
638.8024727682417
 20
121.3369197131544
 42
-0.4142135626420365
 10
638.8448991751324
 20
121.3369197131732
 10
639.0024727680001
 20
121.1793461200533
 42
0.414213562529312
 10
639.0448991748824
 20
121.1793461200333
 10
639.202472767816
 20
121.3369197131821
 42
-0.4142135627681608
 10
639.2448991747158
 20
121.3369197131419
 10
639.4024727679409
 20
121.1793461200379
 42
0.414213562180583
 10
639.4448991747982
 20
121.1793461199896
 10
639.60247276804
 20
121.3369197131453
 42
-0.4142135616652886
 10
639.6448991748598
 20
121.3369197131601
 10
639.8024727682527
 20
121.1793461200315
 42
0.4142135623369744
 10
639.8448991751215
 20
121.1793461200871
 10
639.9793966677237
 20
121.3138436130843
 42
-0.1989123677611811
 10
640.0006098711903
 20
121.3226304096798
 10
640.0512596008452
 20
121.3226304096798
 42
0.4142135627466165
 10
640.0812596008452
 20
121.3526304097181
 10
640.0812596006724
 20
121.4881329528614
 42
-0.1989123677117991
 10
640.0900463972369
 20
121.5093461563353
 10
640.1733306684792
 20
121.5926304275773
 42
0.414213562373049
 10
640.1733306684794
 20
121.6350568344485
 10
640.0157570753501
 20
121.7926304275789
 42
-0.4142135623770585
 10
640.0157570753504
 20
121.8350568344504
 10
640.1733306684842
 20
121.9926304275742
 42
0.4142135623181579
 10
640.1733306684891
 20
122.0350568344414
 10
640.0157570753448
 20
122.1926304276681
 42
-0.4142135624210665
 10
640.0157570753576
 20
122.2350568345428
 10
640.1733306684473
 20
122.3926304277434
 42
0.4142135626070603
 10
640.1733306684482
 20
122.4350568346315
 10
640.0157570753995
 20
122.5926304272518
 42
-0.4142135623190682
 10
640.0157570753452
 20
122.6350568341191
 10
640.1733306684905
 20
122.7926304278075
 42
0.4142135622889527
 10
640.1733306684312
 20
122.8350568346726
 10
640.0900463973897
 20
122.9183411054429
 42
-0.1989123678027939
 10
640.0812596007908
 20
122.939554308913
 10
640.0812596007908
 20
123.1174832595713
 42
0.4142135623728862
 10
640.051259600791
 20
123.1474832595713
 10
639.9988941423821
 20
123.1474832595713
 42
0.1989123678561587
 10
639.9776809389077
 20
123.138696462968
 10
639.84489917516
 20
123.0059146987339
 42
-0.4142135626411065
 10
639.8024727682696
 20
123.0059146986832
 10
639.6448991747229
 20
123.1634882919685
 42
0.4142135615806079
 10
639.602472767909
 20
123.163488291988
 10
639.4448991739412
 20
123.0059146986913
 42
-0.4142135623660014
 10
639.4024727670704
 20
123.0059146987705
 10
639.2448991747812
 20
123.1634882917234
 42
0.4142135631273744
 10
639.2024727678554
 20
123.1634882917445
 10
639.0448991750862
 20
123.0059146987474
 42
-0.4142135622344651
 10
639.0024727682252
 20
123.0059146987088
 10
638.8448991746773
 20
123.1634882918569
 42
0.4142135624331304
 10
638.8024727678016
 20
123.1634882918104
 10
638.6448991751696
 20
123.0059146987546
 42
-0.4142135622146276
 10
638.6024727683099
 20
123.0059146986995
 10
638.4696910034959
 20
123.1386964630443
 42
0.1989123669205033
 10
638.4484778000976
 20
123.1474832595713
 10
638.2564067507571
 20
123.1474832595713
 42
0.4142135623730951
 10
638.2264067507572
 20
123.1174832595713
 10
638.2264067507572
 20
122.9678385801106
 42
0.1989123672718987
 10
638.2351935473127
 20
122.9466253766839
 10
638.3467620897837
 20
122.8350568341203
 42
-0.4142135626672099
 10
638.3467620898327
 20
122.7926304272278
 10
638.1891884965519
 20
122.6350568342259
 42
0.4142135615718562
 10
638.1891884965252
 20
122.5926304274127
 10
638.3467620898191
 20
122.4350568334621
 42
-0.414213562146215
 10
638.3467620897587
 20
122.3926304266074
 10
638.1891884967939
 20
122.2350568340307
 42
0.4142135631273657
 10
638.1891884967727
 20
122.1926304271049
 10
638.3467620897699
 20
122.0350568345811
 42
-0.4142135622344902
 10
638.3467620898082
 20
121.9926304277199
 10
638.1891884966602
 20
121.835056834172
 42
0.414213562433163
 10
638.1891884967067
 20
121.7926304272964
 10
638.3467620897627
 20
121.6350568346643
 42
-0.4142135622146184
 10
638.3467620898177
 20
121.5926304278045
 10
638.2351935471819
 20
121.4810618847658
 42
0.198912367317297
  0
LWPOLYLINE
  5
180C4
330
1F
100
AcDbEntity
  8
RCK_钼铝钼_MASK
100
AcDbPolyline
 90
       80
 70
     1
 43
0.0
 10
640.1412596006896
 20
121.4598486813673
 10
640.1412596008576
 20
121.3526304096316
 42
0.414213561914182
 10
640.1712596008576
 20
121.3226304096787
 10
640.3616149215325
 20
121.3226304096786
 42
-0.1989123671005855
 10
640.3828281249456
 20
121.313843613137
 10
640.5173256183346
 20
121.1793461200369
 42
0.4142135623731109
 10
640.5597520252057
 20
121.1793461200368
 10
640.7173256182756
 20
121.3369197131532
 42
-0.4142135626420365
 10
640.7597520251662
 20
121.336919713172
 10
640.9173256180336
 20
121.1793461200521
 42
0.414213562529312
 10
640.959752024916
 20
121.179346120032
 10
641.1173256178496
 20
121.3369197131808
 42
-0.4142135627681608
 10
641.1597520247497
 20
121.3369197131407
 10
641.3173256179748
 20
121.1793461200367
 42
0.414213562180583
 10
641.359752024832
 20
121.1793461199884
 10
641.5173256180737
 20
121.3369197131441
 42
-0.4142135616652886
 10
641.5597520248937
 20
121.3369197131589
 10
641.7173256182866
 20
121.1793461200303
 42
0.4142135623369744
 10
641.759752025155
 20
121.1793461200858
 10
641.8942495177573
 20
121.3138436130831
 42
-0.1989123677611811
 10
641.9154627212242
 20
121.3226304096786
 10
641.9661124508787
 20
121.3226304096786
 42
0.4142135627466165
 10
641.9961124508787
 20
121.3526304097169
 10
641.996112450706
 20
121.4881329528602
 42
-0.1989123677117991
 10
642.0048992472705
 20
121.5093461563341
 10
642.0881835185127
 20
121.5926304275761
 42
0.414213562373049
 10
642.088183518513
 20
121.6350568344473
 10
641.9306099253837
 20
121.7926304275777
 42
-0.4142135623770585
 10
641.9306099253841
 20
121.8350568344491
 10
642.0881835185181
 20
121.992630427573
 42
0.4142135623181579
 10
642.0881835185227
 20
122.0350568344402
 10
641.9306099253782
 20
122.1926304276669
 42
-0.4142135624210665
 10
641.9306099253912
 20
122.2350568345416
 10
642.0881835184809
 20
122.3926304277421
 42
0.4142135626070603
 10
642.0881835184817
 20
122.4350568346303
 10
641.9306099254331
 20
122.5926304272506
 42
-0.4142135623190682
 10
641.9306099253787
 20
122.6350568341179
 10
642.0881835185241
 20
122.7926304278063
 42
0.4142135622889527
 10
642.0881835184649
 20
122.8350568346713
 10
642.0048992474235
 20
122.9183411054417
 42
-0.1989123678027939
 10
641.9961124508245
 20
122.9395543089118
 10
641.9961124508246
 20
123.11748325957
 42
0.4142135623728862
 10
641.9661124508246
 20
123.1474832595701
 10
641.9137469924158
 20
123.1474832595701
 42
0.1989123678561587
 10
641.8925337889412
 20
123.1386964629668
 10
641.7597520251937
 20
123.0059146987326
 42
-0.4142135626411065
 10
641.7173256183032
 20
123.005914698682
 10
641.5597520247565
 20
123.1634882919673
 42
0.4142135615806079
 10
641.5173256179428
 20
123.1634882919868
 10
641.3597520239748
 20
123.0059146986901
 42
-0.4142135623660014
 10
641.3173256171041
 20
123.0059146987693
 10
641.1597520248148
 20
123.1634882917221
 42
0.4142135631273744
 10
641.117325617889
 20
123.1634882917433
 10
640.95975202512
 20
123.0059146987462
 42
-0.4142135622344651
 10
640.9173256182589
 20
123.0059146987076
 10
640.7597520247108
 20
123.1634882918557
 42
0.4142135624331304
 10
640.7173256178353
 20
123.1634882918092
 10
640.5597520252032
 20
123.0059146987534
 42
-0.4142135622146276
 10
640.5173256183435
 20
123.0059146986983
 10
640.3845438535295
 20
123.1386964630431
 42
0.1989123669205033
 10
640.3633306501312
 20
123.1474832595701
 10
640.1712596007907
 20
123.1474832595701
 42
0.4142135623730951
 10
640.1412596007908
 20
123.11748325957
 10
640.1412596007908
 20
122.9678385801094
 42
0.1989123672718987
 10
640.1500463973462
 20
122.9466253766826
 10
640.2616149398176
 20
122.835056834119
 42
-0.4142135626672099
 10
640.2616149398664
 20
122.7926304272265
 10
640.1040413465856
 20
122.6350568342246
 42
0.4142135615718562
 10
640.1040413465588
 20
122.5926304274115
 10
640.261614939853
 20
122.4350568334609
 42
-0.414213562146215
 10
640.2616149397925
 20
122.3926304266061
 10
640.1040413468274
 20
122.2350568340295
 42
0.4142135631273657
 10
640.1040413468065
 20
122.1926304271036
 10
640.2616149398035
 20
122.0350568345799
 42
-0.4142135622344902
 10
640.261614939842
 20
121.9926304277187
 10
640.1040413466938
 20
121.8350568341707
 42
0.414213562433163
 10
640.1040413467407
 20
121.7926304272952
 10
640.2616149397962
 20
121.6350568346631
 42
-0.4142135622146184
 10
640.2616149398514
 20
121.5926304278034
 10
640.1500463972156
 20
121.4810618847646
 42
0.198912367317297
  0
LWPOLYLINE
  5
180C5
330
1F
100
AcDbEntity
  8
RCK_钼铝钼_MASK
100
AcDbPolyline
 90
       80
 70
     1
 43
0.0
 10
642.0561124507233
 20
121.4598486813673
 10
642.0561124508913
 20
121.3526304096316
 42
0.414213561914182
 10
642.0861124508912
 20
121.3226304096787
 10
642.2764677715664
 20
121.3226304096786
 42
-0.1989123671005855
 10
642.2976809749792
 20
121.313843613137
 10
642.4321784683682
 20
121.1793461200369
 42
0.4142135623731109
 10
642.4746048752393
 20
121.1793461200368
 10
642.6321784683092
 20
121.3369197131532
 42
-0.4142135626420365
 10
642.6746048752
 20
121.336919713172
 10
642.8321784680672
 20
121.1793461200521
 42
0.414213562529312
 10
642.8746048749497
 20
121.1793461200321
 10
643.0321784678832
 20
121.3369197131808
 42
-0.4142135627681608
 10
643.0746048747833
 20
121.3369197131407
 10
643.2321784680082
 20
121.1793461200368
 42
0.414213562180583
 10
643.2746048748656
 20
121.1793461199884
 10
643.4321784681074
 20
121.3369197131441
 42
-0.4142135616652886
 10
643.4746048749271
 20
121.3369197131589
 10
643.6321784683202
 20
121.1793461200303
 42
0.4142135623369744
 10
643.6746048751887
 20
121.1793461200858
 10
643.8091023677912
 20
121.3138436130831
 42
-0.1989123677611811
 10
643.8303155712579
 20
121.3226304096786
 10
643.8809653009125
 20
121.3226304096786
 42
0.4142135627466165
 10
643.9109653009125
 20
121.3526304097169
 10
643.9109653007395
 20
121.4881329528602
 42
-0.1989123677117991
 10
643.9197520973041
 20
121.5093461563341
 10
644.0030363685465
 20
121.5926304275761
 42
0.414213562373049
 10
644.0030363685466
 20
121.6350568344473
 10
643.8454627754174
 20
121.7926304275777
 42
-0.4142135623770585
 10
643.8454627754177
 20
121.8350568344491
 10
644.0030363685517
 20
121.992630427573
 42
0.4142135623181579
 10
644.0030363685564
 20
122.0350568344402
 10
643.8454627754119
 20
122.1926304276669
 42
-0.4142135624210665
 10
643.8454627754246
 20
122.2350568345416
 10
644.0030363685146
 20
122.3926304277421
 42
0.4142135626070603
 10
644.0030363685155
 20
122.4350568346303
 10
643.8454627754667
 20
122.5926304272506
 42
-0.4142135623190682
 10
643.8454627754126
 20
122.6350568341179
 10
644.0030363685577
 20
122.7926304278063
 42
0.4142135622889527
 10
644.0030363684988
 20
122.8350568346713
 10
643.9197520974571
 20
122.9183411054417
 42
-0.1989123678027939
 10
643.9109653008581
 20
122.9395543089118
 10
643.9109653008582
 20
123.11748325957
 42
0.4142135623728862
 10
643.8809653008582
 20
123.1474832595701
 10
643.8285998424492
 20
123.1474832595701
 42
0.1989123678561587
 10
643.807386638975
 20
123.1386964629668
 10
643.6746048752277
 20
123.0059146987326
 42
-0.4142135626411065
 10
643.632178468337
 20
123.005914698682
 10
643.4746048747903
 20
123.1634882919673
 42
0.4142135615806079
 10
643.4321784679764
 20
123.1634882919868
 10
643.2746048740084
 20
123.0059146986901
 42
-0.4142135623660014
 10
643.2321784671377
 20
123.0059146987693
 10
643.0746048748484
 20
123.1634882917222
 42
0.4142135631273744
 10
643.0321784679225
 20
123.1634882917433
 10
642.8746048751536
 20
123.0059146987462
 42
-0.4142135622344651
 10
642.8321784682926
 20
123.0059146987076
 10
642.6746048747445
 20
123.1634882918557
 42
0.4142135624331304
 10
642.6321784678689
 20
123.1634882918092
 10
642.4746048752369
 20
123.0059146987534
 42
-0.4142135622146276
 10
642.4321784683772
 20
123.0059146986983
 10
642.2993967035631
 20
123.1386964630431
 42
0.1989123669205033
 10
642.2781835001649
 20
123.1474832595701
 10
642.0861124508243
 20
123.1474832595701
 42
0.4142135623730951
 10
642.0561124508242
 20
123.11748325957
 10
642.0561124508242
 20
122.9678385801094
 42
0.1989123672718987
 10
642.06489924738
 20
122.9466253766826
 10
642.1764677898512
 20
122.835056834119
 42
-0.4142135626672099
 10
642.1764677899
 20
122.7926304272265
 10
642.0188941966192
 20
122.6350568342247
 42
0.4142135615718562
 10
642.0188941965924
 20
122.5926304274115
 10
642.1764677898866
 20
122.4350568334609
 42
-0.414213562146215
 10
642.1764677898261
 20
122.3926304266061
 10
642.0188941968612
 20
122.2350568340295
 42
0.4142135631273657
 10
642.0188941968401
 20
122.1926304271036
 10
642.1764677898371
 20
122.0350568345799
 42
-0.4142135622344902
 10
642.1764677898757
 20
121.9926304277187
 10
642.0188941967277
 20
121.8350568341708
 42
0.414213562433163
 10
642.0188941967742
 20
121.7926304272952
 10
642.1764677898297
 20
121.6350568346631
 42
-0.4142135622146184
 10
642.1764677898851
 20
121.5926304278034
 10
642.0648992472491
 20
121.4810618847646
 42
0.198912367317297
  0
LWPOLYLINE
  5
180C6
330
1F
100
AcDbEntity
  8
RCK_钼铝钼_MASK
100
AcDbPolyline
 90
       80
 70
     1
 43
0.0
 10
619.0778782503192
 20
119.5449958314814
 10
619.0778782504874
 20
119.4377775597457
 42
0.414213561914182
 10
619.1078782504874
 20
119.4077775597927
 10
619.2982335711623
 20
119.4077775597927
 42
-0.1989123671005855
 10
619.3194467745752
 20
119.3989907632511
 10
619.4539442679642
 20
119.264493270151
 42
0.4142135623731109
 10
619.4963706748352
 20
119.2644932701508
 10
619.6539442679052
 20
119.4220668632673
 42
-0.4142135626420365
 10
619.6963706747957
 20
119.4220668632861
 10
619.8539442676632
 20
119.2644932701662
 42
0.414213562529312
 10
619.8963706745457
 20
119.2644932701462
 10
620.0539442674794
 20
119.4220668632949
 42
-0.4142135627681608
 10
620.0963706743793
 20
119.4220668632548
 10
620.2539442676042
 20
119.2644932701508
 42
0.414213562180583
 10
620.2963706744616
 20
119.2644932701024
 10
620.4539442677034
 20
119.4220668632582
 42
-0.4142135616652886
 10
620.4963706745233
 20
119.422066863273
 10
620.6539442679162
 20
119.2644932701444
 42
0.4142135623369744
 10
620.6963706747848
 20
119.2644932702
 10
620.830868167387
 20
119.3989907631972
 42
-0.1989123677611811
 10
620.8520813708537
 20
119.4077775597927
 10
620.9027311005085
 20
119.4077775597927
 42
0.4142135627466165
 10
620.9327311005083
 20
119.437777559831
 10
620.9327311003358
 20
119.5732801029743
 42
-0.1989123677117991
 10
620.9415178969002
 20
119.5944933064482
 10
621.0248021681425
 20
119.6777775776902
 42
0.414213562373049
 10
621.0248021681427
 20
119.7202039845614
 10
620.8672285750132
 20
119.8777775776918
 42
-0.4142135623770585
 10
620.8672285750138
 20
119.9202039845632
 10
621.0248021681477
 20
120.077777577687
 42
0.4142135623181579
 10
621.0248021681525
 20
120.1202039845542
 10
620.8672285750081
 20
120.277777577781
 42
-0.4142135624210665
 10
620.8672285750207
 20
120.3202039846556
 10
621.0248021681103
 20
120.4777775778562
 42
0.4142135626070603
 10
621.0248021681117
 20
120.5202039847444
 10
620.8672285750629
 20
120.6777775773647
 42
-0.4142135623190682
 10
620.8672285750084
 20
120.7202039842319
 10
621.0248021681537
 20
120.8777775779203
 42
0.4142135622889527
 10
621.0248021680947
 20
120.9202039847854
 10
620.9415178970532
 20
121.0034882555558
 42
-0.1989123678027939
 10
620.9327311004543
 20
121.0247014590259
 10
620.9327311004543
 20
121.2026304096841
 42
0.4142135623728862
 10
620.9027311004542
 20
121.2326304096841
 10
620.8503656420455
 20
121.2326304096842
 42
0.1989123678561587
 10
620.8291524385709
 20
121.2238436130809
 10
620.6963706748235
 20
121.0910618488467
 42
-0.4142135626411065
 10
620.6539442679327
 20
121.091061848796
 10
620.4963706743861
 20
121.2486354420813
 42
0.4142135615806079
 10
620.4539442675724
 20
121.2486354421009
 10
620.2963706736043
 20
121.0910618488042
 42
-0.4142135623660014
 10
620.2539442667338
 20
121.0910618488834
 10
620.0963706744446
 20
121.2486354418362
 42
0.4142135631273744
 10
620.0539442675188
 20
121.2486354418573
 10
619.8963706747497
 20
121.0910618488602
 42
-0.4142135622344651
 10
619.8539442678884
 20
121.0910618488217
 10
619.6963706743405
 20
121.2486354419697
 42
0.4142135624331304
 10
619.653944267465
 20
121.2486354419233
 10
619.4963706748327
 20
121.0910618488675
 42
-0.4142135622146276
 10
619.453944267973
 20
121.0910618488123
 10
619.3211625031591
 20
121.2238436131572
 42
0.1989123669205033
 10
619.299949299761
 20
121.2326304096841
 10
619.1078782504205
 20
121.2326304096841
 42
0.4142135623730951
 10
619.0778782504205
 20
121.2026304096841
 10
619.0778782504205
 20
121.0529857302235
 42
0.1989123672718987
 10
619.0866650469761
 20
121.0317725267967
 10
619.1982335894472
 20
120.9202039842331
 42
-0.4142135626672099
 10
619.1982335894961
 20
120.8777775773406
 10
619.0406599962152
 20
120.7202039843387
 42
0.4142135615718562
 10
619.0406599961885
 20
120.6777775775256
 10
619.1982335894826
 20
120.520203983575
 42
-0.414213562146215
 10
619.1982335894222
 20
120.4777775767202
 10
619.0406599964571
 20
120.3202039841436
 42
0.4142135631273657
 10
619.0406599964362
 20
120.2777775772177
 10
619.1982335894331
 20
120.120203984694
 42
-0.4142135622344902
 10
619.1982335894717
 20
120.0777775778328
 10
619.0406599963238
 20
119.9202039842848
 42
0.414213562433163
 10
619.0406599963702
 20
119.8777775774093
 10
619.1982335894261
 20
119.7202039847772
 42
-0.4142135622146184
 10
619.198233589481
 20
119.6777775779175
 10
619.0866650468453
 20
119.5662090348786
 42
0.198912367317297
  0
LWPOLYLINE
  5
180C7
330
1F
100
AcDbEntity
  8
RCK_钼铝钼_MASK
100
AcDbPolyline
 90
       80
 70
     1
 43
0.0
 10
626.7372896504537
 20
119.5449958314795
 10
626.7372896506217
 20
119.4377775597439
 42
0.414213561914182
 10
626.7672896506216
 20
119.4077775597909
 10
626.9576449712968
 20
119.4077775597909
 42
-0.1989123671005855
 10
626.9788581747097
 20
119.3989907632493
 10
627.1133556680987
 20
119.2644932701491
 42
0.4142135623731109
 10
627.1557820749698
 20
119.264493270149
 10
627.3133556680398
 20
119.4220668632654
 42
-0.4142135626420365
 10
627.3557820749305
 20
119.4220668632842
 10
627.5133556677977
 20
119.2644932701643
 42
0.414213562529312
 10
627.5557820746802
 20
119.2644932701442
 10
627.7133556676139
 20
119.4220668632931
 42
-0.4142135627681608
 10
627.7557820745138
 20
119.422066863253
 10
627.9133556677387
 20
119.264493270149
 42
0.414213562180583
 10
627.9557820745963
 20
119.2644932701006
 10
628.1133556678379
 20
119.4220668632564
 42
-0.4142135616652886
 10
628.1557820746577
 20
119.4220668632711
 10
628.3133556680508
 20
119.2644932701425
 42
0.4142135623369744
 10
628.3557820749194
 20
119.2644932701981
 10
628.4902795675216
 20
119.3989907631953
 42
-0.1989123677611811
 10
628.5114927709884
 20
119.4077775597909
 10
628.5621425006428
 20
119.4077775597909
 42
0.4142135627466165
 10
628.592142500643
 20
119.4377775598291
 10
628.5921425004702
 20
119.5732801029725
 42
-0.1989123677117991
 10
628.6009292970348
 20
119.5944933064464
 10
628.6842135682768
 20
119.6777775776884
 42
0.414213562373049
 10
628.6842135682773
 20
119.7202039845596
 10
628.5266399751479
 20
119.8777775776899
 42
-0.4142135623770585
 10
628.5266399751482
 20
119.9202039845614
 10
628.6842135682822
 20
120.0777775776852
 42
0.4142135623181579
 10
628.6842135682871
 20
120.1202039845524
 10
628.5266399751426
 20
120.2777775777791
 42
-0.4142135624210665
 10
628.5266399751552
 20
120.3202039846538
 10
628.6842135682451
 20
120.4777775778544
 42
0.4142135626070603
 10
628.6842135682461
 20
120.5202039847426
 10
628.5266399751971
 20
120.6777775773628
 42
-0.4142135623190682
 10
628.5266399751431
 20
120.7202039842301
 10
628.684213568288
 20
120.8777775779185
 42
0.4142135622889527
 10
628.6842135682292
 20
120.9202039847836
 10
628.6009292971876
 20
121.0034882555539
 42
-0.1989123678027939
 10
628.5921425005888
 20
121.024701459024
 10
628.5921425005888
 20
121.2026304096823
 42
0.4142135623728862
 10
628.5621425005887
 20
121.2326304096823
 10
628.5097770421798
 20
121.2326304096823
 42
0.1989123678561587
 10
628.4885638387055
 20
121.2238436130791
 10
628.3557820749581
 20
121.0910618488449
 42
-0.4142135626411065
 10
628.3133556680675
 20
121.0910618487942
 10
628.1557820745207
 20
121.2486354420795
 42
0.4142135615806079
 10
628.1133556677071
 20
121.2486354420991
 10
627.9557820737387
 20
121.0910618488023
 42
-0.4142135623660014
 10
627.9133556668682
 20
121.0910618488815
 10
627.7557820745792
 20
121.2486354418344
 42
0.4142135631273744
 10
627.7133556676532
 20
121.2486354418555
 10
627.5557820748843
 20
121.0910618488584
 42
-0.4142135622344651
 10
627.5133556680231
 20
121.0910618488198
 10
627.3557820744748
 20
121.2486354419679
 42
0.4142135624331304
 10
627.3133556675994
 20
121.2486354419215
 10
627.1557820749673
 20
121.0910618488657
 42
-0.4142135622146276
 10
627.1133556681077
 20
121.0910618488105
 10
626.9805739032936
 20
121.2238436131554
 42
0.1989123669205033
 10
626.9593606998954
 20
121.2326304096823
 10
626.7672896505549
 20
121.2326304096823
 42
0.4142135623730951
 10
626.7372896505551
 20
121.2026304096823
 10
626.7372896505551
 20
121.0529857302217
 42
0.1989123672718987
 10
626.7460764471105
 20
121.0317725267949
 10
626.8576449895817
 20
120.9202039842313
 42
-0.4142135626672099
 10
626.8576449896308
 20
120.8777775773388
 10
626.7000713963497
 20
120.7202039843369
 42
0.4142135615718562
 10
626.7000713963231
 20
120.6777775775238
 10
626.8576449896173
 20
120.5202039835732
 42
-0.414213562146215
 10
626.8576449895568
 20
120.4777775767184
 10
626.7000713965917
 20
120.3202039841417
 42
0.4142135631273657
 10
626.7000713965707
 20
120.2777775772159
 10
626.8576449895676
 20
120.1202039846922
 42
-0.4142135622344902
 10
626.8576449896062
 20
120.077777577831
 10
626.7000713964582
 20
119.920203984283
 42
0.414213562433163
 10
626.7000713965047
 20
119.8777775774075
 10
626.8576449895606
 20
119.7202039847753
 42
-0.4142135622146184
 10
626.8576449896158
 20
119.6777775779156
 10
626.7460764469799
 20
119.5662090348768
 42
0.198912367317297
  0
LWPOLYLINE
  5
180C8
330
1F
100
AcDbEntity
  8
RCK_钼铝钼_MASK
100
AcDbPolyline
 90
       80
 70
     1
 43
0.0
 10
634.3967010505885
 20
119.5449958314777
 10
634.3967010507565
 20
119.4377775597421
 42
0.414213561914182
 10
634.4267010507564
 20
119.4077775597891
 10
634.6170563714315
 20
119.4077775597891
 42
-0.1989123671005855
 10
634.6382695748442
 20
119.3989907632474
 10
634.7727670682332
 20
119.2644932701473
 42
0.4142135623731109
 10
634.8151934751045
 20
119.2644932701472
 10
634.9727670681743
 20
119.4220668632636
 42
-0.4142135626420365
 10
635.0151934750648
 20
119.4220668632824
 10
635.1727670679322
 20
119.2644932701625
 42
0.414213562529312
 10
635.2151934748149
 20
119.2644932701425
 10
635.3727670677487
 20
119.4220668632913
 42
-0.4142135627681608
 10
635.4151934746482
 20
119.4220668632512
 10
635.5727670678734
 20
119.2644932701471
 42
0.414213562180583
 10
635.6151934747307
 20
119.2644932700988
 10
635.7727670679722
 20
119.4220668632546
 42
-0.4142135616652886
 10
635.8151934747922
 20
119.4220668632693
 10
635.9727670681852
 20
119.2644932701407
 42
0.4142135623369744
 10
636.0151934750538
 20
119.2644932701963
 10
636.149690967656
 20
119.3989907631935
 42
-0.1989123677611811
 10
636.1709041711227
 20
119.4077775597891
 10
636.2215539007776
 20
119.4077775597891
 42
0.4142135627466165
 10
636.2515539007776
 20
119.4377775598273
 10
636.2515539006047
 20
119.5732801029706
 42
-0.1989123677117991
 10
636.2603406971692
 20
119.5944933064446
 10
636.3436249684116
 20
119.6777775776866
 42
0.414213562373049
 10
636.3436249684117
 20
119.7202039845578
 10
636.1860513752825
 20
119.8777775776881
 42
-0.4142135623770585
 10
636.1860513752827
 20
119.9202039845596
 10
636.3436249684167
 20
120.0777775776834
 42
0.4142135623181579
 10
636.3436249684216
 20
120.1202039845506
 10
636.1860513752771
 20
120.2777775777773
 42
-0.4142135624210665
 10
636.1860513752897
 20
120.320203984652
 10
636.3436249683798
 20
120.4777775778526
 42
0.4142135626070603
 10
636.3436249683807
 20
120.5202039847407
 10
636.1860513753319
 20
120.677777577361
 42
-0.4142135623190682
 10
636.1860513752776
 20
120.7202039842283
 10
636.3436249684228
 20
120.8777775779167
 42
0.4142135622889527
 10
636.3436249683639
 20
120.9202039847818
 10
636.2603406973224
 20
121.0034882555521
 42
-0.1989123678027939
 10
636.2515539007232
 20
121.0247014590222
 10
636.2515539007232
 20
121.2026304096805
 42
0.4142135623728862
 10
636.2215539007234
 20
121.2326304096805
 10
636.1691884423146
 20
121.2326304096805
 42
0.1989123678561587
 10
636.1479752388401
 20
121.2238436130772
 10
636.0151934750928
 20
121.0910618488431
 42
-0.4142135626411065
 10
635.9727670682019
 20
121.0910618487924
 10
635.8151934746554
 20
121.2486354420777
 42
0.4142135615806079
 10
635.7727670678416
 20
121.2486354420972
 10
635.6151934738735
 20
121.0910618488005
 42
-0.4142135623660014
 10
635.5727670670026
 20
121.0910618488797
 10
635.4151934747137
 20
121.2486354418326
 42
0.4142135631273744
 10
635.3727670677877
 20
121.2486354418537
 10
635.2151934750187
 20
121.0910618488566
 42
-0.4142135622344651
 10
635.1727670681576
 20
121.091061848818
 10
635.0151934746096
 20
121.2486354419661
 42
0.4142135624331304
 10
634.9727670677341
 20
121.2486354419197
 10
634.815193475102
 20
121.0910618488638
 42
-0.4142135622146276
 10
634.7727670682423
 20
121.0910618488087
 10
634.6399853034283
 20
121.2238436131535
 42
0.1989123669205033
 10
634.6187721000301
 20
121.2326304096805
 10
634.4267010506897
 20
121.2326304096805
 42
0.4142135623730951
 10
634.3967010506896
 20
121.2026304096805
 10
634.3967010506896
 20
121.0529857302198
 42
0.1989123672718987
 10
634.4054878472452
 20
121.031772526793
 10
634.5170563897162
 20
120.9202039842295
 42
-0.4142135626672099
 10
634.5170563897652
 20
120.877777577337
 10
634.3594827964842
 20
120.7202039843351
 42
0.4142135615718562
 10
634.3594827964575
 20
120.6777775775219
 10
634.5170563897517
 20
120.5202039835713
 42
-0.414213562146215
 10
634.5170563896912
 20
120.4777775767166
 10
634.3594827967262
 20
120.3202039841399
 42
0.4142135631273657
 10
634.3594827967052
 20
120.277777577214
 10
634.5170563897022
 20
120.1202039846903
 42
-0.4142135622344902
 10
634.5170563897409
 20
120.0777775778292
 10
634.3594827965927
 20
119.9202039842812
 42
0.414213562433163
 10
634.359482796639
 20
119.8777775774056
 10
634.517056389695
 20
119.7202039847735
 42
-0.4142135622146184
 10
634.5170563897502
 20
119.6777775779138
 10
634.4054878471145
 20
119.566209034875
 42
0.198912367317297
  0
LWPOLYLINE
  5
180C9
330
1F
100
AcDbEntity
  8
RCK_钼铝钼_MASK
100
AcDbPolyline
 90
       80
 70
     1
 43
0.0
 10
642.056112450723
 20
119.5449958314759
 10
642.056112450891
 20
119.4377775597402
 42
0.414213561914182
 10
642.086112450891
 20
119.4077775597873
 10
642.2764677715662
 20
119.4077775597872
 42
-0.1989123671005855
 10
642.2976809749789
 20
119.3989907632456
 10
642.4321784683677
 20
119.2644932701455
 42
0.4142135623731109
 10
642.474604875239
 20
119.2644932701454
 10
642.6321784683087
 20
119.4220668632618
 42
-0.4142135626420365
 10
642.6746048751996
 20
119.4220668632806
 10
642.832178468067
 20
119.2644932701607
 42
0.414213562529312
 10
642.8746048749492
 20
119.2644932701407
 10
643.0321784678831
 20
119.4220668632894
 42
-0.4142135627681608
 10
643.0746048747827
 20
119.4220668632493
 10
643.2321784680079
 20
119.2644932701453
 42
0.414213562180583
 10
643.2746048748652
 20
119.264493270097
 10
643.4321784681068
 20
119.4220668632527
 42
-0.4142135616652886
 10
643.474604874927
 20
119.4220668632675
 10
643.6321784683197
 20
119.2644932701389
 42
0.4142135623369744
 10
643.6746048751885
 20
119.2644932701945
 10
643.8091023677907
 20
119.3989907631917
 42
-0.1989123677611811
 10
643.8303155712575
 20
119.4077775597872
 10
643.8809653009123
 20
119.4077775597872
 42
0.4142135627466165
 10
643.910965300912
 20
119.4377775598255
 10
643.9109653007395
 20
119.5732801029688
 42
-0.1989123677117991
 10
643.9197520973038
 20
119.5944933064427
 10
644.0030363685462
 20
119.6777775776847
 42
0.414213562373049
 10
644.0030363685464
 20
119.7202039845559
 10
643.8454627754171
 20
119.8777775776863
 42
-0.4142135623770585
 10
643.8454627754174
 20
119.9202039845578
 10
644.0030363685514
 20
120.0777775776816
 42
0.4142135623181579
 10
644.003036368556
 20
120.1202039845488
 10
643.8454627754118
 20
120.2777775777755
 42
-0.4142135624210665
 10
643.8454627754245
 20
120.3202039846501
 10
644.0030363685142
 20
120.4777775778508
 42
0.4142135626070603
 10
644.0030363685153
 20
120.5202039847389
 10
643.8454627754666
 20
120.6777775773592
 42
-0.4142135623190682
 10
643.8454627754122
 20
120.7202039842265
 10
644.0030363685573
 20
120.8777775779149
 42
0.4142135622889527
 10
644.0030363684982
 20
120.9202039847799
 10
643.9197520974569
 20
121.0034882555503
 42
-0.1989123678027939
 10
643.9109653008578
 20
121.0247014590204
 10
643.9109653008578
 20
121.2026304096786
 42
0.4142135623728862
 10
643.8809653008576
 20
121.2326304096787
 10
643.8285998424492
 20
121.2326304096787
 42
0.1989123678561587
 10
643.8073866389746
 20
121.2238436130754
 10
643.6746048752272
 20
121.0910618488413
 42
-0.4142135626411065
 10
643.6321784683366
 20
121.0910618487906
 10
643.4746048747897
 20
121.2486354420759
 42
0.4142135615806079
 10
643.4321784679761
 20
121.2486354420954
 10
643.2746048740081
 20
121.0910618487987
 42
-0.4142135623660014
 10
643.2321784671374
 20
121.0910618488779
 10
643.074604874848
 20
121.2486354418308
 42
0.4142135631273744
 10
643.0321784679223
 20
121.2486354418519
 10
642.8746048751532
 20
121.0910618488548
 42
-0.4142135622344651
 10
642.8321784682922
 20
121.0910618488162
 10
642.6746048747443
 20
121.2486354419643
 42
0.4142135624331304
 10
642.6321784678687
 20
121.2486354419178
 10
642.4746048752365
 20
121.091061848862
 42
-0.4142135622146276
 10
642.4321784683767
 20
121.0910618488068
 10
642.2993967035628
 20
121.2238436131517
 42
0.1989123669205033
 10
642.2781835001647
 20
121.2326304096787
 10
642.0861124508243
 20
121.2326304096787
 42
0.4142135623730951
 10
642.0561124508242
 20
121.2026304096786
 10
642.0561124508242
 20
121.052985730218
 42
0.1989123672718987
 10
642.0648992473798
 20
121.0317725267912
 10
642.1764677898508
 20
120.9202039842276
 42
-0.4142135626672099
 10
642.1764677898997
 20
120.8777775773351
 10
642.0188941966189
 20
120.7202039843333
 42
0.4142135615718562
 10
642.0188941965922
 20
120.6777775775201
 10
642.1764677898862
 20
120.5202039835695
 42
-0.414213562146215
 10
642.1764677898258
 20
120.4777775767148
 10
642.0188941968607
 20
120.3202039841381
 42
0.4142135631273657
 10
642.0188941968397
 20
120.2777775772122
 10
642.1764677898367
 20
120.1202039846885
 42
-0.4142135622344902
 10
642.1764677898754
 20
120.0777775778273
 10
642.0188941967274
 20
119.9202039842794
 42
0.414213562433163
 10
642.0188941967738
 20
119.8777775774038
 10
642.1764677898297
 20
119.7202039847717
 42
-0.4142135622146184
 10
642.1764677898846
 20
119.677777577912
 10
642.0648992472488
 20
119.5662090348731
 42
0.198912367317297
  0
LWPOLYLINE
  5
180CA
330
1F
100
AcDbEntity
  8
RCK_钼铝钼_MASK
100
AcDbPolyline
 90
       44
 70
     1
 43
0.0
 10
619.6963706747961
 20
117.5072140133947
 10
619.8539442676636
 20
117.3496404202748
 42
0.414213562529279
 10
619.896370674546
 20
117.3496404202548
 10
620.0539442674796
 20
117.5072140134036
 42
-0.414213562768264
 10
620.0963706743796
 20
117.5072140133634
 10
620.2539442676046
 20
117.3496404202594
 42
0.414213562180416
 10
620.2963706744617
 20
117.349640420211
 10
620.4539442677038
 20
117.5072140133668
 42
-0.414213561665166
 10
620.4963706745236
 20
117.5072140133816
 10
620.6539442679163
 20
117.349640420253
 42
0.4142135623369922
 10
620.6963706747851
 20
117.3496404203086
 10
620.8308681673874
 20
117.4841379133058
 42
-0.1989123677612916
 10
620.8520813708543
 20
117.4929247099013
 10
621.0035889646859
 20
117.4929247099013
 42
0.4142135623730951
 10
621.0335889646859
 20
117.5229247099013
 10
621.0335889646859
 20
119.2877775597927
 42
0.4142135623729362
 10
621.0035889646859
 20
119.3177775597927
 10
620.8503656420457
 20
119.3177775597928
 42
0.1989123678561777
 10
620.8291524385712
 20
119.3089907631895
 10
620.6963706748238
 20
119.1762089989554
 42
-0.4142135626411193
 10
620.6539442679333
 20
119.1762089989047
 10
620.4963706743865
 20
119.33378259219
 42
0.4142135615809915
 10
620.4539442675727
 20
119.3337825922095
 10
620.2963706736047
 20
119.1762089989128
 42
-0.4142135623658352
 10
620.253944266734
 20
119.176208998992
 10
620.0963706744447
 20
119.3337825919449
 42
0.41421356312733
 10
620.0539442675188
 20
119.333782591966
 10
619.8963706747499
 20
119.1762089989689
 42
-0.4142135622345703
 10
619.8539442678889
 20
119.1762089989303
 10
619.6963706743408
 20
119.3337825920784
 42
0.4142135624333318
 10
619.6539442674652
 20
119.3337825920319
 10
619.4963706748332
 20
119.1762089989761
 42
-0.4142135622147528
 10
619.4539442679735
 20
119.1762089989209
 10
619.3211625031595
 20
119.3089907632658
 42
0.1989123669205486
 10
619.2999492997612
 20
119.3177775597928
 10
619.0618731998547
 20
119.3177775597928
 42
0.4142135623730951
 10
619.031873199855
 20
119.2877775597928
 10
619.031873199855
 20
117.5229247099014
 42
0.4142135623730594
 10
619.0618731998547
 20
117.4929247099014
 10
619.2982335711628
 20
117.4929247099013
 42
-0.1989123671006009
 10
619.3194467745755
 20
117.4841379133597
 10
619.4539442679645
 20
117.3496404202596
 42
0.4142135623728989
 10
619.4963706748357
 20
117.3496404202595
 10
619.6539442679055
 20
117.5072140133759
 42
-0.414213562641904
  0
LWPOLYLINE
  5
180CB
330
1F
100
AcDbEntity
  8
RCK_钼铝钼_MASK
100
AcDbPolyline
 90
       26
 70
     1
 43
0.0
 10
620.2539442667338
 20
117.2613561491006
 42
0.4142135623662277
 10
620.2963706736043
 20
117.2613561490214
 10
620.4539442675724
 20
117.4189297423181
 42
-0.4142135615807952
 10
620.4963706743861
 20
117.4189297422986
 10
620.6539442679327
 20
117.2613561490133
 42
0.4142135626411193
 10
620.6963706748235
 20
117.261356149064
 10
620.8291524385709
 20
117.3941379132981
 42
-0.1989123678561478
 10
620.8503656420455
 20
117.4029247099014
 10
621.003588964684
 20
117.4029247099013
 42
-0.4142135623729362
 10
621.033588964684
 20
117.3729247099013
 10
621.033588964684
 20
115.4577165387303
 42
-0.4142135623730951
 10
621.003588964684
 20
115.4277165387303
 10
619.0618731998547
 20
115.4277165387303
 42
-0.4142135623731022
 10
619.031873199855
 20
115.4577165387303
 10
619.031873199855
 20
117.3729247099013
 42
-0.4142135623730518
 10
619.0618731998547
 20
117.4029247099013
 10
619.299949299761
 20
117.4029247099014
 42
-0.1989123669205486
 10
619.3211625031591
 20
117.3941379133744
 10
619.453944267973
 20
117.2613561490296
 42
0.4142135622143602
 10
619.4963706748327
 20
117.2613561490847
 10
619.653944267465
 20
117.4189297421405
 42
-0.4142135624329394
 10
619.6963706743405
 20
117.418929742187
 10
619.8539442678884
 20
117.2613561490388
 42
0.4142135622345701
 10
619.8963706747497
 20
117.2613561490775
 10
620.0539442675188
 20
117.4189297420745
 42
-0.4142135631275263
 10
620.0963706744446
 20
117.4189297420535
  0
LWPOLYLINE
  5
180CC
330
1F
100
AcDbEntity
  8
RCK_钼铝钼_MASK
100
AcDbPolyline
 90
       47
 70
     1
 43
0.0
 10
618.5390914175387
 20
121.2486354421009
 10
618.3815178235708
 20
121.0910618488042
 42
-0.4142135623662277
 10
618.3390914166999
 20
121.0910618488834
 10
618.1815178244107
 20
121.2486354418362
 42
0.41421356312733
 10
618.1390914174851
 20
121.2486354418573
 10
617.9815178247157
 20
121.0910618488602
 42
-0.4142135622345703
 10
617.9390914178547
 20
121.0910618488217
 10
617.7815178243066
 20
121.2486354419697
 42
0.4142135624331356
 10
617.7390914174313
 20
121.2486354419233
 10
617.5815178247992
 20
121.0910618488675
 42
-0.4142135622143602
 10
617.5390914179395
 20
121.0910618488123
 10
617.4063096531254
 20
121.2238436131572
 42
0.1989123669205486
 10
617.3850964497272
 20
121.2326304096841
 10
617.1470203496331
 20
121.2326304096841
 42
0.4142135623730959
 10
617.117020349633
 20
121.2026304096841
 10
617.117020349633
 20
119.285706473609
 42
0.4142135623730998
 10
617.1470203496331
 20
119.2557064736091
 10
618.9418731998548
 20
119.2557064736091
 42
0.4142135623730951
 10
618.9718731998549
 20
119.285706473609
 10
618.9718731998549
 20
119.3794325395406
 42
-0.3468262857186116
 10
618.9948757251684
 20
119.408605049652
 42
0.3468262860760733
 10
619.0178782504747
 20
119.437777559831
 10
619.0178782503019
 20
119.5732801029743
 42
-0.1989123677118371
 10
619.0266650468664
 20
119.5944933064482
 10
619.1099493181089
 20
119.6777775776902
 42
0.4142135623730951
 10
619.109949318109
 20
119.7202039845614
 10
618.9523757249796
 20
119.8777775776918
 42
-0.4142135623778044
 10
618.9523757249801
 20
119.9202039845632
 10
619.1099493181141
 20
120.077777577687
 42
0.4142135623181562
 10
619.1099493181187
 20
120.1202039845542
 10
618.9523757249745
 20
120.277777577781
 42
-0.4142135624201857
 10
618.9523757249872
 20
120.3202039846556
 10
619.1099493180768
 20
120.4777775778562
 42
0.4142135626069785
 10
619.1099493180777
 20
120.5202039847444
 10
618.9523757250292
 20
120.6777775773647
 42
-0.4142135623189409
 10
618.9523757249749
 20
120.7202039842319
 10
619.10994931812
 20
120.8777775779203
 42
0.4142135622891167
 10
619.109949318061
 20
120.9202039847854
 10
619.0266650470195
 20
121.0034882555557
 42
-0.1989123678028301
 10
619.0178782504204
 20
121.0247014590259
 10
619.0178782504204
 20
121.2026304096841
 42
0.4142135623730951
 10
618.9878782504206
 20
121.2326304096841
 10
618.9355127920117
 20
121.2326304096842
 42
0.1989123678560036
 10
618.9142995885372
 20
121.2238436130809
 10
618.7815178247896
 20
121.0910618488467
 42
-0.4142135626411193
 10
618.739091417899
 20
121.091061848796
 10
618.5815178243526
 20
121.2486354420813
 42
0.4142135615809915
  0
LWPOLYLINE
  5
180CD
330
1F
100
AcDbEntity
  8
RCK_钼铝钼_MASK
100
AcDbPolyline
 90
       66
 70
     1
 43
0.0
 10
621.2148021497946
 20
121.2326304096835
 42
-0.1989123669204615
 10
621.2360153531927
 20
121.2238436131566
 10
621.3687971180068
 20
121.0910618488117
 42
0.4142135622145567
 10
621.4112235248665
 20
121.0910618488669
 10
621.5687971174986
 20
121.2486354419227
 42
-0.4142135624331356
 10
621.6112235243741
 20
121.2486354419691
 10
621.7687971179223
 20
121.0910618488211
 42
0.41421356223457
 10
621.8112235247834
 20
121.0910618488597
 10
621.9687971175523
 20
121.2486354418567
 42
-0.41421356312733
 10
622.0112235244783
 20
121.2486354418356
 10
622.1687971167672
 20
121.0910618488827
 42
0.4142135623660315
 10
622.2112235236378
 20
121.0910618488036
 10
622.3687971176063
 20
121.2486354421003
 42
-0.4142135615805989
 10
622.4112235244198
 20
121.2486354420807
 10
622.5687971179666
 20
121.0910618487954
 42
0.4142135626411193
 10
622.6112235248572
 20
121.0910618488461
 10
622.7440052886046
 20
121.2238436130803
 42
-0.1989123678562349
 10
622.7652184920791
 20
121.2326304096835
 10
622.8175839504879
 20
121.2326304096835
 42
-0.4142135623732337
 10
622.8475839504879
 20
121.2026304096835
 10
622.8475839504879
 20
121.0247014590253
 42
0.198912367802518
 10
622.8563707470867
 20
121.0034882555552
 10
622.9396550181284
 20
120.9202039847848
 42
-0.4142135622883322
 10
622.9396550181874
 20
120.8777775779197
 10
622.7820814250422
 20
120.7202039842313
 42
0.4142135623197257
 10
622.7820814250965
 20
120.6777775773641
 10
622.9396550181452
 20
120.5202039847438
 42
-0.4142135626071747
 10
622.9396550181442
 20
120.4777775778556
 10
622.7820814250542
 20
120.320203984655
 42
0.4142135624217554
 10
622.7820814250417
 20
120.2777775777804
 10
622.9396550181861
 20
120.1202039845536
 42
-0.4142135623181562
 10
622.9396550181814
 20
120.0777775776864
 10
622.7820814250474
 20
119.9202039845626
 42
0.4142135623770196
 10
622.782081425047
 20
119.8777775776912
 10
622.9396550181762
 20
119.7202039845608
 42
-0.4142135623730951
 10
622.9396550181761
 20
119.6777775776896
 10
622.8563707469337
 20
119.5944933064476
 42
0.1989123677118371
 10
622.8475839503693
 20
119.5732801029737
 10
622.847583950736
 20
119.2857064736241
 42
-0.4142135627467276
 10
622.8175839507358
 20
119.2557064735858
 10
621.1235889646857
 20
119.2557064735858
 42
-0.4142135623732341
 10
621.0935889646857
 20
119.2857064735858
 10
621.0935889646857
 20
119.3777775597921
 42
0.4142135623732337
 10
621.0635889646859
 20
119.4077775597921
 10
621.022731100521
 20
119.4077775597921
 42
-0.4142135619144138
 10
620.992731100521
 20
119.4377775597451
 10
620.992731100353
 20
119.5449958314807
 42
-0.1989123673170775
 10
621.001517896879
 20
119.566209034878
 10
621.1130864395147
 20
119.6777775779168
 42
0.414213562214753
 10
621.1130864394597
 20
119.7202039847766
 10
620.9555128464037
 20
119.8777775774087
 42
-0.4142135624325471
 10
620.9555128463572
 20
119.9202039842842
 10
621.1130864395054
 20
120.0777775778322
 42
0.4142135622341778
 10
621.1130864394667
 20
120.1202039846934
 10
620.9555128464696
 20
120.2777775772171
 42
-0.4142135631273299
 10
620.9555128464907
 20
120.3202039841429
 10
621.1130864394557
 20
120.4777775767196
 42
0.4142135621462753
 10
621.1130864395162
 20
120.5202039835744
 10
620.9555128462222
 20
120.677777577525
 42
-0.414213561571181
 10
620.9555128462489
 20
120.7202039843381
 10
621.1130864395297
 20
120.87777757734
 42
0.4142135626664305
 10
621.1130864394807
 20
120.9202039842325
 10
621.0015178970097
 20
121.0317725267961
 42
-0.1989123672720327
 10
620.992731100454
 20
121.0529857302229
 10
620.992731100454
 20
121.2026304096835
 42
-0.4142135623732341
 10
621.022731100454
 20
121.2326304096835
  0
LWPOLYLINE
  5
180CE
330
1F
100
AcDbEntity
  8
RCK_钼铝钼_MASK
100
AcDbPolyline
 90
       62
 70
     1
 43
0.0
 10
618.3815178244282
 20
121.1793461199938
 10
618.5390914176697
 20
121.3369197131496
 42
-0.414213561665166
 10
618.5815178244897
 20
121.3369197131644
 10
618.7390914178827
 20
121.1793461200358
 42
0.4142135623369922
 10
618.7815178247514
 20
121.1793461200914
 10
618.9160153173536
 20
121.3138436130886
 42
-0.1989123677611474
 10
618.9372285208204
 20
121.322630409684
 10
618.987878250475
 20
121.322630409684
 42
0.4142135627468664
 10
619.0178782504752
 20
121.3526304097224
 10
619.0178782503022
 20
121.4881329528657
 42
-0.1989123677118371
 10
619.0266650468668
 20
121.5093461563396
 10
619.109949318109
 20
121.5926304275816
 42
0.4142135623730951
 10
619.1099493181093
 20
121.6350568344528
 10
618.95237572498
 20
121.7926304275831
 42
-0.4142135623770196
 10
618.9523757249802
 20
121.8350568344546
 10
619.1099493181142
 20
121.9926304275784
 42
0.4142135623183524
 10
619.1099493181191
 20
122.0350568344457
 10
618.9523757249745
 20
122.1926304276724
 42
-0.4142135624217554
 10
618.9523757249872
 20
122.235056834547
 10
619.1099493180773
 20
122.3926304277476
 42
0.4142135626069785
 10
619.1099493180781
 20
122.4350568346358
 10
618.9523757250292
 20
122.592630427256
 42
-0.4142135623191371
 10
618.9523757249751
 20
122.6350568341233
 10
619.1099493181202
 20
122.7926304278117
 42
0.4142135622883318
 10
619.1099493180614
 20
122.8350568346768
 10
619.0266650470197
 20
122.9183411054471
 42
-0.1989123678027281
 10
619.0178782504207
 20
122.9395543089173
 10
619.0178782504207
 20
123.1174832595755
 42
0.4142135623733726
 10
618.9878782504209
 20
123.1474832595755
 10
618.9355127920121
 20
123.1474832595756
 42
0.1989123678563219
 10
618.9142995885376
 20
123.1386964629723
 10
618.7815178247903
 20
123.0059146987381
 42
-0.4142135626411193
 10
618.7390914178994
 20
123.0059146986874
 10
618.5815178243529
 20
123.1634882919727
 42
0.4142135615805989
 10
618.5390914175391
 20
123.1634882919923
 10
618.381517823571
 20
123.0059146986955
 42
-0.4142135623658353
 10
618.3390914167002
 20
123.0059146987747
 10
618.1815178244112
 20
123.1634882917276
 42
0.4142135631271337
 10
618.1390914174852
 20
123.1634882917487
 10
617.9815178247162
 20
123.0059146987516
 42
-0.4142135622345701
 10
617.9390914178551
 20
123.005914698713
 10
617.7815178243071
 20
123.1634882918611
 42
0.4142135624331356
 10
617.7390914174316
 20
123.1634882918147
 10
617.5815178247992
 20
123.0059146987589
 42
-0.4142135622147528
 10
617.5390914179397
 20
123.0059146987037
 10
617.4063096531257
 20
123.1386964630486
 42
0.1989123669205486
 10
617.3850964497276
 20
123.1474832595755
 10
617.1470203496331
 20
123.1474832595755
 42
0.4142135623730903
 10
617.117020349633
 20
123.1174832595755
 10
617.117020349633
 20
121.3526304096841
 42
0.4142135623730077
 10
617.1470203496331
 20
121.322630409684
 10
617.3833807211289
 20
121.322630409684
 42
-0.1989123671007451
 10
617.4045939245417
 20
121.3138436131425
 10
617.5390914179309
 20
121.1793461200423
 42
0.4142135623732912
 10
617.5815178248017
 20
121.1793461200422
 10
617.7390914178718
 20
121.3369197131587
 42
-0.414213562641904
 10
617.7815178247625
 20
121.3369197131775
 10
617.9390914176297
 20
121.1793461200576
 42
0.4142135625292789
 10
617.9815178245124
 20
121.1793461200375
 10
618.139091417446
 20
121.3369197131863
 42
-0.4142135627680677
 10
618.1815178243457
 20
121.3369197131462
 10
618.3390914175709
 20
121.1793461200422
 42
0.4142135621804158
  0
LWPOLYLINE
  5
180CF
330
1F
100
AcDbEntity
  8
RCK_钼铝钼_MASK
100
AcDbPolyline
 90
       44
 70
     1
 43
0.0
 10
627.3557820749307
 20
117.5072140133929
 10
627.5133556677981
 20
117.349640420273
 42
0.414213562529279
 10
627.5557820746804
 20
117.3496404202529
 10
627.7133556676142
 20
117.5072140134017
 42
-0.414213562768264
 10
627.7557820745141
 20
117.5072140133616
 10
627.9133556677392
 20
117.3496404202576
 42
0.414213562180416
 10
627.9557820745965
 20
117.3496404202092
 10
628.1133556678383
 20
117.507214013365
 42
-0.414213561665166
 10
628.1557820746582
 20
117.5072140133798
 10
628.3133556680511
 20
117.3496404202512
 42
0.4142135623369922
 10
628.3557820749197
 20
117.3496404203067
 10
628.4902795675219
 20
117.484137913304
 42
-0.1989123677612916
 10
628.5114927709887
 20
117.4929247098995
 10
628.6630003648205
 20
117.4929247098995
 42
0.4142135623730951
 10
628.6930003648205
 20
117.5229247098995
 10
628.6930003648205
 20
119.2877775597909
 42
0.4142135623729362
 10
628.6630003648205
 20
119.3177775597909
 10
628.5097770421803
 20
119.317777559791
 42
0.1989123678561777
 10
628.4885638387057
 20
119.3089907631877
 10
628.3557820749583
 20
119.1762089989536
 42
-0.4142135626411193
 10
628.3133556680677
 20
119.1762089989028
 10
628.1557820745208
 20
119.3337825921881
 42
0.4142135615809915
 10
628.1133556677072
 20
119.3337825922077
 10
627.9557820737392
 20
119.1762089989109
 42
-0.4142135623658352
 10
627.9133556668686
 20
119.1762089989901
 10
627.7557820745794
 20
119.333782591943
 42
0.41421356312733
 10
627.7133556676536
 20
119.3337825919641
 10
627.5557820748843
 20
119.1762089989671
 42
-0.4142135622345703
 10
627.5133556680231
 20
119.1762089989284
 10
627.3557820744754
 20
119.3337825920766
 42
0.4142135624333318
 10
627.3133556675997
 20
119.3337825920301
 10
627.1557820749677
 20
119.1762089989743
 42
-0.4142135622147528
 10
627.1133556681079
 20
119.176208998919
 10
626.980573903294
 20
119.308990763264
 42
0.1989123669205486
 10
626.9593606998958
 20
119.3177775597909
 10
626.7212845999892
 20
119.3177775597909
 42
0.4142135623730951
 10
626.6912845999894
 20
119.2877775597909
 10
626.6912845999894
 20
117.5229247098996
 42
0.4142135623730594
 10
626.7212845999892
 20
117.4929247098996
 10
626.9576449712972
 20
117.4929247098995
 42
-0.1989123671006009
 10
626.9788581747101
 20
117.4841379133579
 10
627.113355668099
 20
117.3496404202577
 42
0.4142135623728989
 10
627.1557820749702
 20
117.3496404202577
 10
627.31335566804
 20
117.5072140133741
 42
-0.414213562641904
  0
LWPOLYLINE
  5
180D0
330
1F
100
AcDbEntity
  8
RCK_钼铝钼_MASK
100
AcDbPolyline
 90
       44
 70
     1
 43
0.0
 10
635.0151934750654
 20
117.5072140133911
 10
635.1727670679326
 20
117.3496404202711
 42
0.414213562529279
 10
635.215193474815
 20
117.3496404202511
 10
635.3727670677487
 20
117.5072140133999
 42
-0.414213562768264
 10
635.4151934746487
 20
117.5072140133598
 10
635.5727670678738
 20
117.3496404202558
 42
0.414213562180416
 10
635.6151934747311
 20
117.3496404202074
 10
635.7727670679727
 20
117.5072140133632
 42
-0.414213561665166
 10
635.8151934747927
 20
117.5072140133779
 10
635.9727670681857
 20
117.3496404202493
 42
0.4142135623369922
 10
636.0151934750542
 20
117.3496404203049
 10
636.1496909676565
 20
117.4841379133021
 42
-0.1989123677612916
 10
636.1709041711232
 20
117.4929247098977
 10
636.3224117649552
 20
117.4929247098977
 42
0.4142135623730951
 10
636.352411764955
 20
117.5229247098977
 10
636.352411764955
 20
119.287777559789
 42
0.4142135623729362
 10
636.3224117649552
 20
119.317777559789
 10
636.1691884423147
 20
119.317777559789
 42
0.1989123678561777
 10
636.1479752388405
 20
119.3089907631859
 10
636.015193475093
 20
119.1762089989517
 42
-0.4142135626411193
 10
635.9727670682024
 20
119.176208998901
 10
635.8151934746556
 20
119.3337825921863
 42
0.4142135615809915
 10
635.7727670678419
 20
119.3337825922059
 10
635.6151934738739
 20
119.1762089989091
 42
-0.4142135623658352
 10
635.572767067003
 20
119.1762089989883
 10
635.415193474714
 20
119.3337825919412
 42
0.41421356312733
 10
635.3727670677881
 20
119.3337825919623
 10
635.2151934750192
 20
119.1762089989652
 42
-0.4142135622345703
 10
635.1727670681579
 20
119.1762089989266
 10
635.01519347461
 20
119.3337825920747
 42
0.4142135624333318
 10
634.9727670677342
 20
119.3337825920283
 10
634.8151934751022
 20
119.1762089989725
 42
-0.4142135622147528
 10
634.7727670682425
 20
119.1762089989173
 10
634.6399853034283
 20
119.3089907632622
 42
0.1989123669205486
 10
634.6187721000302
 20
119.317777559789
 10
634.3806960001241
 20
119.317777559789
 42
0.4142135623730951
 10
634.3506960001241
 20
119.2877775597891
 10
634.3506960001241
 20
117.5229247098978
 42
0.4142135623730594
 10
634.3806960001241
 20
117.4929247098978
 10
634.6170563714317
 20
117.4929247098977
 42
-0.1989123671006009
 10
634.6382695748444
 20
117.4841379133561
 10
634.7727670682336
 20
117.3496404202559
 42
0.4142135623728989
 10
634.8151934751045
 20
117.3496404202558
 10
634.9727670681748
 20
117.5072140133722
 42
-0.414213562641904
  0
LWPOLYLINE
  5
180D1
330
1F
100
AcDbEntity
  8
RCK_钼铝钼_MASK
100
AcDbPolyline
 90
       26
 70
     1
 43
0.0
 10
635.5727670670026
 20
117.261356149097
 42
0.4142135623662277
 10
635.6151934738735
 20
117.2613561490177
 10
635.7727670678416
 20
117.4189297423145
 42
-0.4142135615807952
 10
635.8151934746554
 20
117.4189297422949
 10
635.9727670682019
 20
117.2613561490096
 42
0.4142135626411193
 10
636.0151934750928
 20
117.2613561490603
 10
636.1479752388397
 20
117.3941379132945
 42
-0.1989123678561478
 10
636.1691884423146
 20
117.4029247098977
 10
636.3224117649531
 20
117.4029247098977
 42
-0.4142135623729362
 10
636.352411764953
 20
117.3729247098977
 10
636.352411764953
 20
115.4577165387267
 42
-0.4142135623730951
 10
636.3224117649531
 20
115.4277165387267
 10
634.3806960001241
 20
115.4277165387267
 42
-0.4142135623731022
 10
634.3506960001241
 20
115.4577165387267
 10
634.3506960001241
 20
117.3729247098977
 42
-0.4142135623730518
 10
634.3806960001241
 20
117.4029247098977
 10
634.6187721000301
 20
117.4029247098977
 42
-0.1989123669205486
 10
634.6399853034283
 20
117.3941379133708
 10
634.7727670682423
 20
117.2613561490259
 42
0.4142135622143602
 10
634.815193475102
 20
117.2613561490811
 10
634.9727670677341
 20
117.4189297421369
 42
-0.4142135624329394
 10
635.0151934746096
 20
117.4189297421833
 10
635.1727670681575
 20
117.2613561490352
 42
0.4142135622345701
 10
635.2151934750187
 20
117.2613561490738
 10
635.3727670677877
 20
117.4189297420709
 42
-0.4142135631275263
 10
635.4151934747137
 20
117.4189297420498
  0
LWPOLYLINE
  5
180D2
330
1F
100
AcDbEntity
  8
RCK_钼铝钼_MASK
100
AcDbPolyline
 90
       44
 70
     1
 43
0.0
 10
642.6746048752
 20
117.5072140133893
 10
642.8321784680672
 20
117.3496404202693
 42
0.414213562529279
 10
642.8746048749497
 20
117.3496404202493
 10
643.0321784678832
 20
117.5072140133981
 42
-0.414213562768264
 10
643.0746048747833
 20
117.5072140133579
 10
643.2321784680082
 20
117.349640420254
 42
0.414213562180416
 10
643.2746048748656
 20
117.3496404202056
 10
643.4321784681074
 20
117.5072140133613
 42
-0.414213561665166
 10
643.4746048749271
 20
117.5072140133761
 10
643.6321784683202
 20
117.3496404202475
 42
0.4142135623369922
 10
643.6746048751887
 20
117.3496404203031
 10
643.8091023677912
 20
117.4841379133003
 42
-0.1989123677612916
 10
643.8303155712579
 20
117.4929247098959
 10
643.9818231650896
 20
117.4929247098959
 42
0.4142135623730951
 10
644.0118231650894
 20
117.5229247098959
 10
644.0118231650894
 20
119.2877775597872
 42
0.4142135623729362
 10
643.9818231650896
 20
119.3177775597872
 10
643.8285998424492
 20
119.3177775597873
 42
0.1989123678561777
 10
643.807386638975
 20
119.308990763184
 10
643.6746048752277
 20
119.1762089989499
 42
-0.4142135626411193
 10
643.632178468337
 20
119.1762089988992
 10
643.4746048747903
 20
119.3337825921845
 42
0.4142135615809915
 10
643.4321784679764
 20
119.3337825922041
 10
643.2746048740084
 20
119.1762089989073
 42
-0.4142135623658352
 10
643.2321784671377
 20
119.1762089989865
 10
643.0746048748484
 20
119.3337825919394
 42
0.41421356312733
 10
643.0321784679225
 20
119.3337825919605
 10
642.8746048751536
 20
119.1762089989634
 42
-0.4142135622345703
 10
642.8321784682926
 20
119.1762089989248
 10
642.6746048747445
 20
119.3337825920729
 42
0.4142135624333318
 10
642.6321784678689
 20
119.3337825920264
 10
642.4746048752369
 20
119.1762089989707
 42
-0.4142135622147528
 10
642.4321784683772
 20
119.1762089989155
 10
642.2993967035631
 20
119.3089907632604
 42
0.1989123669205486
 10
642.2781835001649
 20
119.3177775597873
 10
642.0401074002586
 20
119.3177775597873
 42
0.4142135623730951
 10
642.0101074002587
 20
119.2877775597873
 10
642.0101074002587
 20
117.5229247098959
 42
0.4142135623730594
 10
642.0401074002586
 20
117.4929247098959
 10
642.2764677715664
 20
117.4929247098959
 42
-0.1989123671006009
 10
642.2976809749792
 20
117.4841379133542
 10
642.4321784683682
 20
117.3496404202541
 42
0.4142135623728989
 10
642.4746048752393
 20
117.349640420254
 10
642.6321784683092
 20
117.5072140133704
 42
-0.414213562641904
  0
LWPOLYLINE
  5
180D3
330
1F
100
AcDbEntity
  8
RCK_钼铝钼_MASK
100
AcDbPolyline
 90
       26
 70
     1
 43
0.0
 10
643.2321784671374
 20
117.2613561490952
 42
0.4142135623662277
 10
643.2746048740081
 20
117.2613561490159
 10
643.4321784679761
 20
117.4189297423127
 42
-0.4142135615807952
 10
643.4746048747897
 20
117.4189297422931
 10
643.6321784683366
 20
117.2613561490078
 42
0.4142135626411193
 10
643.6746048752272
 20
117.2613561490585
 10
643.8073866389745
 20
117.3941379132927
 42
-0.1989123678561478
 10
643.8285998424492
 20
117.4029247098959
 10
643.9818231650876
 20
117.4029247098959
 42
-0.4142135623729362
 10
644.0118231650878
 20
117.3729247098959
 10
644.0118231650878
 20
115.4577165387249
 42
-0.4142135623730951
 10
643.9818231650876
 20
115.4277165387249
 10
642.0401074002586
 20
115.4277165387249
 42
-0.4142135623731022
 10
642.0101074002587
 20
115.4577165387249
 10
642.0101074002587
 20
117.3729247098959
 42
-0.4142135623730518
 10
642.0401074002586
 20
117.4029247098959
 10
642.2781835001647
 20
117.4029247098959
 42
-0.1989123669205486
 10
642.2993967035628
 20
117.394137913369
 10
642.4321784683767
 20
117.2613561490241
 42
0.4142135622143602
 10
642.4746048752365
 20
117.2613561490793
 10
642.6321784678687
 20
117.4189297421351
 42
-0.4142135624329394
 10
642.6746048747443
 20
117.4189297421815
 10
642.8321784682921
 20
117.2613561490334
 42
0.4142135622345701
 10
642.8746048751532
 20
117.261356149072
 10
643.0321784679223
 20
117.4189297420691
 42
-0.4142135631275263
 10
643.074604874848
 20
117.418929742048
  0
LWPOLYLINE
  5
180D4
330
1F
100
AcDbEntity
  8
RCK_钼铝钼_MASK
100
AcDbPolyline
 90
       62
 70
     1
 43
0.0
 10
624.0836499668009
 20
121.0910618488822
 42
0.4142135623660315
 10
624.1260763736717
 20
121.0910618488029
 10
624.2836499676398
 20
121.2486354420997
 42
-0.4142135615802065
 10
624.3260763744537
 20
121.2486354420801
 10
624.4836499680002
 20
121.0910618487948
 42
0.4142135626411193
 10
624.5260763748907
 20
121.0910618488455
 10
624.6588581386382
 20
121.2238436130796
 42
-0.1989123678561478
 10
624.6800713421126
 20
121.2326304096829
 10
624.7324368005214
 20
121.2326304096829
 42
-0.4142135623730951
 10
624.7624368005212
 20
121.2026304096829
 10
624.7624368005212
 20
121.0247014590246
 42
0.1989123678025541
 10
624.7712235971205
 20
121.0034882555545
 10
624.854507868162
 20
120.9202039847842
 42
-0.4142135622875471
 10
624.8545078682209
 20
120.8777775779191
 10
624.6969342750757
 20
120.7202039842307
 42
0.4142135623197257
 10
624.6969342751302
 20
120.6777775773634
 10
624.8545078681789
 20
120.5202039847431
 42
-0.4142135626071747
 10
624.8545078681777
 20
120.477777577855
 10
624.6969342750881
 20
120.3202039846544
 42
0.4142135624217554
 10
624.6969342750752
 20
120.2777775777797
 10
624.8545078682198
 20
120.120203984553
 42
-0.4142135623181562
 10
624.854507868215
 20
120.0777775776858
 10
624.696934275081
 20
119.920203984562
 42
0.4142135623770196
 10
624.6969342750807
 20
119.8777775776905
 10
624.8545078682098
 20
119.7202039845602
 42
-0.4142135623730951
 10
624.8545078682098
 20
119.677777577689
 10
624.7712235969673
 20
119.5944933064469
 42
0.1989123677118371
 10
624.7624368004029
 20
119.573280102973
 10
624.7624368007697
 20
119.2857064736235
 42
-0.4142135627465887
 10
624.7324368007696
 20
119.2557064735852
 10
622.9375839507927
 20
119.2557064735852
 42
-0.4142135619140821
 10
622.9075839507927
 20
119.2857064735382
 10
622.9075839503866
 20
119.5449958314801
 42
-0.1989123673170775
 10
622.9163707469126
 20
119.5662090348774
 10
623.0279392895482
 20
119.6777775779162
 42
0.414213562214753
 10
623.0279392894932
 20
119.7202039847759
 10
622.8703656964373
 20
119.877777577408
 42
-0.4142135624325471
 10
622.870365696391
 20
119.9202039842836
 10
623.027939289539
 20
120.0777775778316
 42
0.4142135622333928
 10
623.0279392895003
 20
120.1202039846927
 10
622.8703656965034
 20
120.2777775772165
 42
-0.4142135631265452
 10
622.8703656965242
 20
120.3202039841423
 10
623.0279392894892
 20
120.477777576719
 42
0.4142135621462752
 10
623.0279392895497
 20
120.5202039835737
 10
622.8703656962557
 20
120.6777775775244
 42
-0.414213561571181
 10
622.8703656962825
 20
120.7202039843375
 10
623.0279392895631
 20
120.8777775773394
 42
0.4142135626664305
 10
623.0279392895145
 20
120.9202039842319
 10
622.9163707470434
 20
121.0317725267955
 42
-0.1989123672719604
 10
622.9075839504877
 20
121.0529857302223
 10
622.9075839504877
 20
121.2026304096829
 42
-0.4142135623730951
 10
622.9375839504877
 20
121.2326304096829
 10
623.1296549998282
 20
121.2326304096829
 42
-0.1989123669205486
 10
623.1508682032264
 20
121.223843613156
 10
623.2836499680404
 20
121.0910618488111
 42
0.4142135622145567
 10
623.3260763749001
 20
121.0910618488663
 10
623.4836499675322
 20
121.2486354419221
 42
-0.4142135624331356
 10
623.5260763744077
 20
121.2486354419685
 10
623.6836499679558
 20
121.0910618488204
 42
0.4142135622345701
 10
623.726076374817
 20
121.091061848859
 10
623.8836499675859
 20
121.248635441856
 42
-0.4142135631273299
 10
623.9260763745119
 20
121.248635441835
  0
LWPOLYLINE
  5
180D5
330
1F
100
AcDbEntity
  8
RCK_钼铝钼_MASK
100
AcDbPolyline
 90
       65
 70
     1
 43
0.0
 10
626.654287125303
 20
119.4086050496502
 42
0.3468262860759788
 10
626.6772896506095
 20
119.4377775598291
 10
626.6772896504368
 20
119.5732801029724
 42
-0.1989123677118371
 10
626.6860764470011
 20
119.5944933064463
 10
626.7693607182434
 20
119.6777775776884
 42
0.4142135623730951
 10
626.7693607182437
 20
119.7202039845596
 10
626.6117871251142
 20
119.8777775776899
 42
-0.4142135623778044
 10
626.6117871251148
 20
119.9202039845614
 10
626.7693607182487
 20
120.0777775776852
 42
0.4142135623181562
 10
626.7693607182534
 20
120.1202039845524
 10
626.611787125109
 20
120.2777775777791
 42
-0.4142135624209704
 10
626.6117871251217
 20
120.3202039846538
 10
626.7693607182116
 20
120.4777775778544
 42
0.4142135626071747
 10
626.7693607182125
 20
120.5202039847426
 10
626.6117871251637
 20
120.6777775773628
 42
-0.4142135623189409
 10
626.6117871251094
 20
120.7202039842301
 10
626.7693607182548
 20
120.8777775779185
 42
0.4142135622883322
 10
626.7693607181956
 20
120.9202039847836
 10
626.6860764471541
 20
121.0034882555539
 42
-0.1989123678029022
 10
626.6772896505552
 20
121.024701459024
 10
626.6772896505552
 20
121.2026304096823
 42
0.4142135623733726
 10
626.6472896505553
 20
121.2326304096823
 10
626.5949241921462
 20
121.2326304096823
 42
0.1989123678559165
 10
626.573710988672
 20
121.2238436130791
 10
626.4409292249246
 20
121.0910618488449
 42
-0.4142135626411193
 10
626.3985028180337
 20
121.0910618487942
 10
626.2409292244872
 20
121.2486354420795
 42
0.4142135615805989
 10
626.1985028176732
 20
121.2486354420991
 10
626.0409292237056
 20
121.0910618488023
 42
-0.4142135623660315
 10
625.9985028168347
 20
121.0910618488815
 10
625.8409292245455
 20
121.2486354418344
 42
0.41421356312733
 10
625.7985028176197
 20
121.2486354418555
 10
625.6409292248506
 20
121.0910618488584
 42
-0.41421356223457
 10
625.5985028179893
 20
121.0910618488198
 10
625.4409292244416
 20
121.2486354419679
 42
0.4142135624331356
 10
625.3985028175657
 20
121.2486354419215
 10
625.2409292249339
 20
121.0910618488657
 42
-0.4142135622145567
 10
625.198502818074
 20
121.0910618488105
 10
625.0657210532599
 20
121.2238436131554
 42
0.1989123669204615
 10
625.0445078498619
 20
121.2326304096823
 10
624.8524368005214
 20
121.2326304096823
 42
0.4142135623733725
 10
624.8224368005215
 20
121.2026304096823
 10
624.8224368005215
 20
121.0529857302217
 42
0.1989123672720327
 10
624.831223597077
 20
121.0317725267949
 10
624.9427921395482
 20
120.9202039842313
 42
-0.4142135626672154
 10
624.942792139597
 20
120.8777775773388
 10
624.7852185463162
 20
120.7202039843369
 42
0.4142135615719658
 10
624.7852185462895
 20
120.6777775775237
 10
624.9427921395835
 20
120.5202039835731
 42
-0.4142135621454904
 10
624.9427921395231
 20
120.4777775767184
 10
624.7852185465582
 20
120.3202039841417
 42
0.4142135631273299
 10
624.7852185465371
 20
120.2777775772159
 10
624.9427921395342
 20
120.1202039846921
 42
-0.4142135622341778
 10
624.9427921395727
 20
120.077777577831
 10
624.7852185464247
 20
119.920203984283
 42
0.4142135624333318
 10
624.7852185464712
 20
119.8777775774075
 10
624.942792139527
 20
119.7202039847753
 42
-0.414213562214753
 10
624.9427921395821
 20
119.6777775779156
 10
624.8312235969462
 20
119.5662090348768
 42
0.1989123673174978
 10
624.8224368004201
 20
119.5449958314795
 10
624.8224368008266
 20
119.2857064735376
 42
0.414213561914275
 10
624.8524368008267
 20
119.2557064735846
 10
626.6012845999896
 20
119.2557064736072
 42
0.414213562373234
 10
626.6312845999896
 20
119.2857064736072
 10
626.6312845999896
 20
119.3794325395388
 42
-0.3468262857187133
  0
LWPOLYLINE
  5
180D6
330
1F
100
AcDbEntity
  8
RCK_钼铝钼_MASK
100
AcDbPolyline
 90
       66
 70
     1
 43
0.0
 10
629.8282085169017
 20
121.0910618488809
 10
629.6706349246127
 20
121.2486354418338
 42
0.4142135631273299
 10
629.6282085176867
 20
121.2486354418549
 10
629.4706349249179
 20
121.0910618488578
 42
-0.4142135622345701
 10
629.4282085180567
 20
121.0910618488192
 10
629.2706349245086
 20
121.2486354419673
 42
0.4142135624331356
 10
629.2282085176331
 20
121.2486354419209
 10
629.0706349250008
 20
121.0910618488651
 42
-0.4142135622145567
 10
629.0282085181412
 20
121.0910618488099
 10
628.8954267533272
 20
121.2238436131548
 42
0.1989123669205486
 10
628.874213549929
 20
121.2326304096817
 10
628.6821425005887
 20
121.2326304096817
 42
0.4142135623730951
 10
628.6521425005887
 20
121.2026304096817
 10
628.6521425005887
 20
121.0529857302211
 42
0.1989123672719604
 10
628.6609292971442
 20
121.0317725267943
 10
628.7724978396154
 20
120.9202039842307
 42
-0.4142135626664305
 10
628.7724978396641
 20
120.8777775773382
 10
628.6149242463833
 20
120.7202039843363
 42
0.414213561571181
 10
628.6149242463567
 20
120.6777775775231
 10
628.7724978396509
 20
120.5202039835725
 42
-0.4142135621462752
 10
628.7724978395904
 20
120.4777775767178
 10
628.6149242466254
 20
120.3202039841411
 42
0.4142135631273299
 10
628.6149242466042
 20
120.2777775772153
 10
628.7724978396013
 20
120.1202039846915
 42
-0.4142135622341777
 10
628.7724978396401
 20
120.0777775778304
 10
628.6149242464918
 20
119.9202039842824
 42
0.4142135624325471
 10
628.6149242465384
 20
119.8777775774069
 10
628.7724978395942
 20
119.7202039847747
 42
-0.414213562214753
 10
628.7724978396493
 20
119.677777577915
 10
628.6609292970133
 20
119.5662090348762
 42
0.1989123673171497
 10
628.6521425004876
 20
119.5449958314789
 10
628.6521425006553
 20
119.4377775597433
 42
0.4142135619144138
 10
628.6821425006555
 20
119.4077775597903
 10
628.7230003648204
 20
119.4077775597903
 42
-0.4142135623730514
 10
628.7530003648204
 20
119.3777775597903
 10
628.7530003648204
 20
119.285706473584
 42
0.4142135623730863
 10
628.7830003648203
 20
119.255706473584
 10
630.4769953508705
 20
119.255706473584
 42
0.414213562746494
 10
630.5069953508705
 20
119.2857064736223
 10
630.5069953505038
 20
119.5732801029718
 42
-0.1989123677118371
 10
630.5157821470684
 20
119.5944933064458
 10
630.5990664183108
 20
119.6777775776878
 42
0.4142135623730951
 10
630.5990664183108
 20
119.720203984559
 10
630.4414928251816
 20
119.8777775776893
 42
-0.4142135623770196
 10
630.4414928251817
 20
119.9202039845608
 10
630.5990664183159
 20
120.0777775776846
 42
0.4142135623181562
 10
630.5990664183207
 20
120.1202039845518
 10
630.4414928251762
 20
120.2777775777785
 42
-0.4142135624217554
 10
630.4414928251889
 20
120.3202039846532
 10
630.5990664182787
 20
120.4777775778538
 42
0.4142135626071747
 10
630.5990664182797
 20
120.520203984742
 10
630.441492825231
 20
120.6777775773622
 42
-0.4142135623197257
 10
630.4414928251767
 20
120.7202039842295
 10
630.5990664183219
 20
120.8777775779179
 42
0.4142135622883318
 10
630.599066418263
 20
120.920203984783
 10
630.5157821472212
 20
121.0034882555533
 42
-0.1989123678025541
 10
630.5069953506224
 20
121.0247014590235
 10
630.5069953506224
 20
121.2026304096817
 42
0.4142135623730951
 10
630.4769953506222
 20
121.2326304096817
 10
630.4246298922137
 20
121.2326304096817
 42
0.1989123678561478
 10
630.4034166887389
 20
121.2238436130785
 10
630.2706349249917
 20
121.0910618488443
 42
-0.4142135626411193
 10
630.2282085181011
 20
121.0910618487936
 10
630.0706349245545
 20
121.2486354420789
 42
0.4142135615805989
 10
630.0282085177408
 20
121.2486354420985
 10
629.8706349237725
 20
121.0910618488017
 42
-0.4142135623660315
  0
LWPOLYLINE
  5
180D7
330
1F
100
AcDbEntity
  8
RCK_钼铝钼_MASK
100
AcDbPolyline
 90
       62
 70
     1
 43
0.0
 10
631.7430613669356
 20
121.0910618488803
 42
0.4142135623660315
 10
631.7854877738063
 20
121.0910618488011
 10
631.9430613677742
 20
121.2486354420978
 42
-0.4142135615802065
 10
631.9854877745881
 20
121.2486354420783
 10
632.1430613681347
 20
121.091061848793
 42
0.4142135626411193
 10
632.1854877750254
 20
121.0910618488437
 10
632.3182695387727
 20
121.2238436130778
 42
-0.1989123678561478
 10
632.3394827422474
 20
121.2326304096811
 10
632.3918482006561
 20
121.232630409681
 42
-0.4142135623730951
 10
632.4218482006561
 20
121.2026304096811
 10
632.4218482006561
 20
121.0247014590228
 42
0.1989123678025541
 10
632.4306349972551
 20
121.0034882555527
 10
632.5139192682967
 20
120.9202039847824
 42
-0.4142135622875471
 10
632.5139192683556
 20
120.8777775779173
 10
632.3563456752102
 20
120.7202039842289
 42
0.4142135623197257
 10
632.3563456752647
 20
120.6777775773616
 10
632.5139192683131
 20
120.5202039847413
 42
-0.4142135626071747
 10
632.5139192683124
 20
120.4777775778532
 10
632.3563456752226
 20
120.3202039846526
 42
0.4142135624217554
 10
632.3563456752099
 20
120.2777775777779
 10
632.5139192683542
 20
120.1202039845512
 42
-0.4142135623181562
 10
632.5139192683495
 20
120.077777577684
 10
632.3563456752156
 20
119.9202039845602
 42
0.4142135623770196
 10
632.3563456752152
 20
119.8777775776887
 10
632.5139192683447
 20
119.7202039845583
 42
-0.4142135623730951
 10
632.5139192683442
 20
119.6777775776872
 10
632.4306349971021
 20
119.5944933064451
 42
0.1989123677118371
 10
632.4218482005376
 20
119.5732801029712
 10
632.4218482009041
 20
119.2857064736216
 42
-0.4142135627465887
 10
632.3918482009041
 20
119.2557064735834
 10
630.5969953509275
 20
119.2557064735834
 42
-0.4142135619140821
 10
630.5669953509275
 20
119.2857064735364
 10
630.5669953505212
 20
119.5449958314783
 42
-0.1989123673170775
 10
630.5757821470471
 20
119.5662090348756
 10
630.6873506896827
 20
119.6777775779144
 42
0.414213562214753
 10
630.6873506896278
 20
119.7202039847741
 10
630.529777096572
 20
119.8777775774062
 42
-0.4142135624325471
 10
630.5297770965255
 20
119.9202039842818
 10
630.6873506896736
 20
120.0777775778298
 42
0.4142135622333928
 10
630.687350689635
 20
120.1202039846909
 10
630.5297770966379
 20
120.2777775772147
 42
-0.4142135631265452
 10
630.529777096659
 20
120.3202039841405
 10
630.687350689624
 20
120.4777775767172
 42
0.4142135621462752
 10
630.6873506896845
 20
120.5202039835719
 10
630.5297770963902
 20
120.6777775775225
 42
-0.414213561571181
 10
630.5297770964171
 20
120.7202039843357
 10
630.6873506896977
 20
120.8777775773375
 42
0.4142135626664305
 10
630.6873506896489
 20
120.92020398423
 10
630.5757821471777
 20
121.0317725267937
 42
-0.1989123672719604
 10
630.5669953506224
 20
121.0529857302205
 10
630.5669953506224
 20
121.2026304096811
 42
-0.4142135623730951
 10
630.5969953506222
 20
121.2326304096811
 10
630.7890663999629
 20
121.2326304096811
 42
-0.1989123669205486
 10
630.8102796033607
 20
121.2238436131541
 10
630.9430613681747
 20
121.0910618488093
 42
0.4142135622145567
 10
630.9854877750344
 20
121.0910618488644
 10
631.1430613676667
 20
121.2486354419203
 42
-0.4142135624331356
 10
631.1854877745424
 20
121.2486354419667
 10
631.3430613680902
 20
121.0910618488186
 42
0.4142135622345701
 10
631.3854877749514
 20
121.0910618488572
 10
631.5430613677206
 20
121.2486354418542
 42
-0.4142135631273299
 10
631.5854877746462
 20
121.2486354418332
  0
LWPOLYLINE
  5
180D8
330
1F
100
AcDbEntity
  8
RCK_钼铝钼_MASK
100
AcDbPolyline
 90
       65
 70
     1
 43
0.0
 10
634.2606960001242
 20
119.2557064736054
 42
0.4142135623730951
 10
634.2906960001243
 20
119.2857064736054
 10
634.2906960001243
 20
119.379432539537
 42
-0.3468262857186116
 10
634.3136985254374
 20
119.4086050496483
 42
0.3468262860760736
 10
634.336701050744
 20
119.4377775598273
 10
634.3367010505712
 20
119.5732801029706
 42
-0.1989123677118371
 10
634.3454878471358
 20
119.5944933064445
 10
634.4287721183781
 20
119.6777775776866
 42
0.4142135623730951
 10
634.4287721183782
 20
119.7202039845578
 10
634.271198525249
 20
119.8777775776881
 42
-0.4142135623778044
 10
634.2711985252492
 20
119.9202039845596
 10
634.4287721183832
 20
120.0777775776834
 42
0.4142135623181562
 10
634.428772118388
 20
120.1202039845506
 10
634.2711985252435
 20
120.2777775777773
 42
-0.4142135624209704
 10
634.2711985252563
 20
120.320203984652
 10
634.428772118346
 20
120.4777775778526
 42
0.414213562607175
 10
634.428772118347
 20
120.5202039847407
 10
634.2711985252982
 20
120.677777577361
 42
-0.4142135623189409
 10
634.2711985252441
 20
120.7202039842283
 10
634.4287721183892
 20
120.8777775779167
 42
0.4142135622883318
 10
634.4287721183302
 20
120.9202039847818
 10
634.3454878472887
 20
121.0034882555521
 42
-0.1989123678028301
 10
634.3367010506897
 20
121.0247014590222
 10
634.3367010506897
 20
121.2026304096805
 42
0.4142135623733726
 10
634.3067010506898
 20
121.2326304096805
 10
634.254335592281
 20
121.2326304096805
 42
0.1989123678560036
 10
634.2331223888066
 20
121.2238436130772
 10
634.1003406250592
 20
121.0910618488431
 42
-0.4142135626411193
 10
634.0579142181684
 20
121.0910618487924
 10
633.9003406246217
 20
121.2486354420777
 42
0.4142135615805989
 10
633.857914217808
 20
121.2486354420972
 10
633.70034062384
 20
121.0910618488005
 42
-0.4142135623660315
 10
633.6579142169691
 20
121.0910618488797
 10
633.5003406246801
 20
121.2486354418326
 42
0.41421356312733
 10
633.4579142177542
 20
121.2486354418537
 10
633.3003406249853
 20
121.0910618488566
 42
-0.4142135622345703
 10
633.2579142181241
 20
121.091061848818
 10
633.1003406245761
 20
121.2486354419661
 42
0.4142135624331356
 10
633.0579142177005
 20
121.2486354419197
 10
632.9003406250683
 20
121.0910618488638
 42
-0.4142135622145567
 10
632.8579142182087
 20
121.0910618488087
 10
632.7251324533947
 20
121.2238436131535
 42
0.1989123669205486
 10
632.7039192499965
 20
121.2326304096805
 10
632.5118482006558
 20
121.2326304096805
 42
0.4142135623733725
 10
632.481848200656
 20
121.2026304096805
 10
632.481848200656
 20
121.0529857302199
 42
0.1989123672720327
 10
632.4906349972116
 20
121.031772526793
 10
632.6022035396828
 20
120.9202039842294
 42
-0.4142135626672154
 10
632.6022035397316
 20
120.877777577337
 10
632.4446299464507
 20
120.7202039843351
 42
0.4142135615719658
 10
632.4446299464241
 20
120.6777775775219
 10
632.6022035397182
 20
120.5202039835713
 42
-0.4142135621454904
 10
632.6022035396577
 20
120.4777775767166
 10
632.4446299466927
 20
120.3202039841399
 42
0.4142135631273299
 10
632.4446299466717
 20
120.277777577214
 10
632.6022035396687
 20
120.1202039846903
 42
-0.4142135622341777
 10
632.6022035397072
 20
120.0777775778292
 10
632.4446299465591
 20
119.9202039842812
 42
0.4142135624333318
 10
632.4446299466058
 20
119.8777775774056
 10
632.6022035396614
 20
119.7202039847735
 42
-0.414213562214753
 10
632.6022035397167
 20
119.6777775779138
 10
632.4906349970809
 20
119.566209034875
 42
0.1989123673174258
 10
632.4818482005547
 20
119.5449958314777
 10
632.4818482009611
 20
119.2857064735358
 42
0.4142135619140821
 10
632.5118482009611
 20
119.2557064735828
  0
LWPOLYLINE
  5
180D9
330
1F
100
AcDbEntity
  8
RCK_钼铝钼_MASK
100
AcDbPolyline
 90
       66
 70
     1
 43
0.0
 10
637.4876199170365
 20
121.0910618488791
 10
637.3300463247474
 20
121.248635441832
 42
0.4142135631273299
 10
637.2876199178215
 20
121.2486354418531
 10
637.1300463250523
 20
121.091061848856
 42
-0.4142135622345701
 10
637.0876199181911
 20
121.0910618488174
 10
636.9300463246433
 20
121.2486354419655
 42
0.4142135624331356
 10
636.8876199177677
 20
121.2486354419191
 10
636.7300463251356
 20
121.0910618488632
 42
-0.4142135622145567
 10
636.6876199182759
 20
121.0910618488081
 10
636.5548381534617
 20
121.223843613153
 42
0.1989123669205486
 10
636.5336249500638
 20
121.2326304096799
 10
636.3415539007233
 20
121.2326304096799
 42
0.4142135623730951
 10
636.3115539007233
 20
121.2026304096799
 10
636.3115539007233
 20
121.0529857302193
 42
0.1989123672719604
 10
636.3203406972789
 20
121.0317725267925
 10
636.43190923975
 20
120.9202039842288
 42
-0.4142135626664305
 10
636.4319092397987
 20
120.8777775773364
 10
636.274335646518
 20
120.7202039843345
 42
0.414213561571181
 10
636.2743356464912
 20
120.6777775775213
 10
636.4319092397852
 20
120.5202039835707
 42
-0.4142135621462752
 10
636.4319092397249
 20
120.477777576716
 10
636.2743356467596
 20
120.3202039841393
 42
0.4142135631273299
 10
636.2743356467388
 20
120.2777775772135
 10
636.4319092397359
 20
120.1202039846897
 42
-0.4142135622341777
 10
636.4319092397744
 20
120.0777775778286
 10
636.2743356466262
 20
119.9202039842806
 42
0.4142135624325471
 10
636.2743356466729
 20
119.877777577405
 10
636.4319092397287
 20
119.7202039847729
 42
-0.414213562214753
 10
636.4319092397837
 20
119.6777775779132
 10
636.3203406971481
 20
119.5662090348744
 42
0.1989123673171497
 10
636.3115539006221
 20
119.5449958314771
 10
636.31155390079
 20
119.4377775597415
 42
0.4142135619144138
 10
636.3415539007901
 20
119.4077775597885
 10
636.3824117649548
 20
119.4077775597885
 42
-0.4142135623730514
 10
636.4124117649549
 20
119.3777775597885
 10
636.4124117649549
 20
119.2857064735822
 42
0.4142135623730863
 10
636.4424117649549
 20
119.2557064735822
 10
638.1364067510051
 20
119.2557064735822
 42
0.414213562746494
 10
638.166406751005
 20
119.2857064736205
 10
638.1664067506385
 20
119.57328010297
 42
-0.1989123677118371
 10
638.175193547203
 20
119.5944933064439
 10
638.2584778184452
 20
119.677777577686
 42
0.4142135623730951
 10
638.2584778184455
 20
119.7202039845572
 10
638.1009042253161
 20
119.8777775776875
 42
-0.4142135623770196
 10
638.1009042253164
 20
119.920203984559
 10
638.2584778184503
 20
120.0777775776828
 42
0.4142135623181562
 10
638.2584778184552
 20
120.12020398455
 10
638.1009042253107
 20
120.2777775777767
 42
-0.4142135624217554
 10
638.1009042253237
 20
120.3202039846514
 10
638.2584778184131
 20
120.477777577852
 42
0.4142135626071747
 10
638.2584778184142
 20
120.5202039847401
 10
638.1009042253656
 20
120.6777775773604
 42
-0.4142135623197257
 10
638.1009042253112
 20
120.7202039842277
 10
638.2584778184565
 20
120.8777775779161
 42
0.4142135622883318
 10
638.2584778183975
 20
120.9202039847812
 10
638.175193547356
 20
121.0034882555515
 42
-0.1989123678025541
 10
638.1664067507569
 20
121.0247014590215
 10
638.1664067507569
 20
121.2026304096799
 42
0.4142135623730951
 10
638.136406750757
 20
121.2326304096799
 10
638.0840412923483
 20
121.2326304096799
 42
0.1989123678561478
 10
638.0628280888737
 20
121.2238436130766
 10
637.9300463251261
 20
121.0910618488425
 42
-0.4142135626411193
 10
637.8876199182358
 20
121.0910618487918
 10
637.730046324689
 20
121.2486354420771
 42
0.4142135615805989
 10
637.6876199178751
 20
121.2486354420967
 10
637.5300463239072
 20
121.0910618487999
 42
-0.4142135623660315
  0
LWPOLYLINE
  5
180DA
330
1F
100
AcDbEntity
  8
RCK_钼铝钼_MASK
100
AcDbPolyline
 90
       62
 70
     1
 43
0.0
 10
639.4024727670702
 20
121.0910618488785
 42
0.4142135623660315
 10
639.4448991739407
 20
121.0910618487993
 10
639.6024727679088
 20
121.248635442096
 42
-0.4142135615802065
 10
639.6448991747226
 20
121.2486354420764
 10
639.8024727682694
 20
121.0910618487912
 42
0.4142135626411193
 10
639.84489917516
 20
121.0910618488419
 10
639.9776809389074
 20
121.223843613076
 42
-0.1989123678561478
 10
639.9988941423819
 20
121.2326304096793
 10
640.0512596007907
 20
121.2326304096792
 42
-0.4142135623730951
 10
640.0812596007906
 20
121.2026304096792
 10
640.0812596007906
 20
121.024701459021
 42
0.1989123678025541
 10
640.0900463973896
 20
121.0034882555509
 10
640.173330668431
 20
120.9202039847806
 42
-0.4142135622875471
 10
640.1733306684901
 20
120.8777775779155
 10
640.0157570753448
 20
120.7202039842271
 42
0.4142135623197257
 10
640.0157570753992
 20
120.6777775773598
 10
640.1733306684477
 20
120.5202039847395
 42
-0.4142135626071747
 10
640.1733306684469
 20
120.4777775778514
 10
640.0157570753573
 20
120.3202039846508
 42
0.4142135624217554
 10
640.0157570753442
 20
120.2777775777761
 10
640.1733306684888
 20
120.1202039845494
 42
-0.4142135623181562
 10
640.1733306684841
 20
120.0777775776822
 10
640.0157570753501
 20
119.9202039845584
 42
0.4142135623770196
 10
640.0157570753497
 20
119.8777775776869
 10
640.1733306684791
 20
119.7202039845565
 42
-0.4142135623730951
 10
640.1733306684787
 20
119.6777775776853
 10
640.0900463972366
 20
119.5944933064433
 42
0.1989123677118371
 10
640.0812596006722
 20
119.5732801029694
 10
640.0812596010386
 20
119.2857064736198
 42
-0.4142135627465887
 10
640.0512596010387
 20
119.2557064735816
 10
638.256406751062
 20
119.2557064735816
 42
-0.4142135619140821
 10
638.2264067510621
 20
119.2857064735346
 10
638.2264067506557
 20
119.5449958314765
 42
-0.1989123673170775
 10
638.2351935471818
 20
119.5662090348738
 10
638.3467620898175
 20
119.6777775779125
 42
0.414213562214753
 10
638.3467620897625
 20
119.7202039847723
 10
638.1891884967066
 20
119.8777775774044
 42
-0.4142135624325471
 10
638.1891884966599
 20
119.92020398428
 10
638.346762089808
 20
120.077777577828
 42
0.4142135622333928
 10
638.3467620897695
 20
120.1202039846891
 10
638.1891884967725
 20
120.2777775772128
 42
-0.4142135631265452
 10
638.1891884967934
 20
120.3202039841387
 10
638.3467620897586
 20
120.4777775767153
 42
0.4142135621462752
 10
638.3467620898191
 20
120.5202039835701
 10
638.1891884965249
 20
120.6777775775207
 42
-0.414213561571181
 10
638.1891884965515
 20
120.7202039843339
 10
638.3467620898325
 20
120.8777775773358
 42
0.4142135626664305
 10
638.3467620897836
 20
120.9202039842282
 10
638.2351935473125
 20
121.0317725267919
 42
-0.1989123672719604
 10
638.2264067507569
 20
121.0529857302186
 10
638.2264067507569
 20
121.2026304096792
 42
-0.4142135623730951
 10
638.2564067507569
 20
121.2326304096793
 10
638.4484778000974
 20
121.2326304096793
 42
-0.1989123669205486
 10
638.4696910034952
 20
121.2238436131523
 10
638.6024727683094
 20
121.0910618488075
 42
0.4142135622145567
 10
638.6448991751692
 20
121.0910618488626
 10
638.8024727678013
 20
121.2486354419185
 42
-0.4142135624331356
 10
638.8448991746769
 20
121.2486354419649
 10
639.0024727682247
 20
121.0910618488167
 42
0.4142135622345701
 10
639.0448991750861
 20
121.0910618488554
 10
639.2024727678552
 20
121.2486354418524
 42
-0.4142135631273299
 10
639.244899174781
 20
121.2486354418314
  0
LWPOLYLINE
  5
180DB
330
1F
100
AcDbEntity
  8
RCK_钼铝钼_MASK
100
AcDbPolyline
 90
       65
 70
     1
 43
0.0
 10
641.9201074002587
 20
119.2557064736036
 42
0.4142135623730951
 10
641.9501074002587
 20
119.2857064736036
 10
641.9501074002587
 20
119.3794325395352
 42
-0.3468262857186116
 10
641.9731099255718
 20
119.4086050496465
 42
0.3468262860760736
 10
641.9961124508786
 20
119.4377775598255
 10
641.9961124507056
 20
119.5732801029688
 42
-0.1989123677118371
 10
642.0048992472702
 20
119.5944933064427
 10
642.0881835185126
 20
119.6777775776847
 42
0.4142135623730951
 10
642.0881835185127
 20
119.7202039845559
 10
641.9306099253835
 20
119.8777775776863
 42
-0.4142135623778044
 10
641.9306099253839
 20
119.9202039845578
 10
642.0881835185179
 20
120.0777775776816
 42
0.4142135623181562
 10
642.0881835185223
 20
120.1202039845488
 10
641.930609925378
 20
120.2777775777755
 42
-0.4142135624209704
 10
641.9306099253907
 20
120.3202039846502
 10
642.0881835184807
 20
120.4777775778508
 42
0.414213562607175
 10
642.0881835184816
 20
120.5202039847389
 10
641.9306099254327
 20
120.6777775773592
 42
-0.4142135623189409
 10
641.9306099253787
 20
120.7202039842265
 10
642.0881835185239
 20
120.8777775779149
 42
0.4142135622883318
 10
642.0881835184647
 20
120.92020398478
 10
642.0048992474232
 20
121.0034882555503
 42
-0.1989123678028301
 10
641.9961124508242
 20
121.0247014590204
 10
641.9961124508244
 20
121.2026304096786
 42
0.4142135623733726
 10
641.9661124508243
 20
121.2326304096787
 10
641.9137469924154
 20
121.2326304096787
 42
0.1989123678560036
 10
641.8925337889411
 20
121.2238436130754
 10
641.7597520251937
 20
121.0910618488413
 42
-0.4142135626411193
 10
641.7173256183031
 20
121.0910618487906
 10
641.5597520247562
 20
121.2486354420759
 42
0.4142135615805989
 10
641.5173256179425
 20
121.2486354420954
 10
641.3597520239745
 20
121.0910618487987
 42
-0.4142135623660315
 10
641.3173256171037
 20
121.0910618488779
 10
641.1597520248148
 20
121.2486354418308
 42
0.41421356312733
 10
641.1173256178886
 20
121.2486354418519
 10
640.9597520251197
 20
121.0910618488548
 42
-0.4142135622345703
 10
640.9173256182587
 20
121.0910618488162
 10
640.7597520247104
 20
121.2486354419643
 42
0.4142135624331356
 10
640.717325617835
 20
121.2486354419178
 10
640.559752025203
 20
121.091061848862
 42
-0.4142135622145567
 10
640.5173256183433
 20
121.0910618488069
 10
640.3845438535292
 20
121.2238436131517
 42
0.1989123669205486
 10
640.363330650131
 20
121.2326304096787
 10
640.1712596007904
 20
121.2326304096787
 42
0.4142135623733725
 10
640.1412596007904
 20
121.2026304096786
 10
640.1412596007904
 20
121.052985730218
 42
0.1989123672720327
 10
640.1500463973461
 20
121.0317725267912
 10
640.2616149398173
 20
120.9202039842276
 42
-0.4142135626672154
 10
640.2616149398661
 20
120.8777775773351
 10
640.1040413465854
 20
120.7202039843333
 42
0.4142135615719658
 10
640.1040413465588
 20
120.6777775775201
 10
640.2616149398527
 20
120.5202039835695
 42
-0.4142135621454904
 10
640.2616149397922
 20
120.4777775767148
 10
640.1040413468272
 20
120.3202039841381
 42
0.4142135631273299
 10
640.1040413468063
 20
120.2777775772122
 10
640.2616149398032
 20
120.1202039846885
 42
-0.4142135622341777
 10
640.2616149398418
 20
120.0777775778274
 10
640.1040413466937
 20
119.9202039842794
 42
0.4142135624333318
 10
640.1040413467402
 20
119.8777775774038
 10
640.2616149397961
 20
119.7202039847717
 42
-0.414213562214753
 10
640.2616149398512
 20
119.677777577912
 10
640.1500463972153
 20
119.5662090348732
 42
0.1989123673174258
 10
640.1412596006894
 20
119.5449958314759
 10
640.1412596010957
 20
119.285706473534
 42
0.4142135619140821
 10
640.1712596010956
 20
119.255706473581
  0
LWPOLYLINE
  5
180DC
330
1F
100
AcDbEntity
  8
RCK_钼铝钼_MASK
100
AcDbPolyline
 90
       62
 70
     1
 43
0.0
 10
618.3815178244287
 20
125.0090518197766
 10
618.5390914176705
 20
125.1666254129323
 42
-0.414213561665166
 10
618.5815178244903
 20
125.1666254129471
 10
618.7390914178834
 20
125.0090518198185
 42
0.4142135623369922
 10
618.7815178247517
 20
125.0090518198741
 10
618.9160153173543
 20
125.1435493128713
 42
-0.1989123677611474
 10
618.937228520821
 20
125.1523361094669
 10
618.9878782504756
 20
125.1523361094669
 42
0.4142135627468664
 10
619.0178782504756
 20
125.1823361095051
 10
619.0178782503027
 20
125.3178386526484
 42
-0.1989123677118371
 10
619.0266650468672
 20
125.3390518561223
 10
619.1099493181098
 20
125.4223361273644
 42
0.4142135623730951
 10
619.1099493181098
 20
125.4647625342356
 10
618.9523757249806
 20
125.6223361273659
 42
-0.4142135623770196
 10
618.952375724981
 20
125.6647625342374
 10
619.109949318115
 20
125.8223361273612
 42
0.4142135623183524
 10
619.1099493181195
 20
125.8647625342284
 10
618.9523757249752
 20
126.0223361274551
 42
-0.4142135624217554
 10
618.952375724988
 20
126.0647625343298
 10
619.1099493180777
 20
126.2223361275304
 42
0.4142135626069785
 10
619.1099493180787
 20
126.2647625344185
 10
618.95237572503
 20
126.4223361270388
 42
-0.4142135623191371
 10
618.9523757249757
 20
126.4647625339061
 10
619.1099493181209
 20
126.6223361275945
 42
0.4142135622883318
 10
619.1099493180618
 20
126.6647625344596
 10
619.0266650470203
 20
126.7480468052299
 42
-0.1989123678027281
 10
619.0178782504212
 20
126.7692600087001
 10
619.0178782504215
 20
126.9471889593583
 42
0.4142135623733726
 10
618.9878782504215
 20
126.9771889593583
 10
618.9355127920124
 20
126.9771889593583
 42
0.1989123678563219
 10
618.9142995885381
 20
126.968402162755
 10
618.7815178247907
 20
126.8356203985209
 42
-0.4142135626411193
 10
618.7390914179002
 20
126.8356203984702
 10
618.5815178243534
 20
126.9931939917555
 42
0.4142135615805989
 10
618.5390914175395
 20
126.9931939917751
 10
618.3815178235716
 20
126.8356203984783
 42
-0.4142135623658353
 10
618.3390914167007
 20
126.8356203985575
 10
618.1815178244114
 20
126.9931939915104
 42
0.4142135631271337
 10
618.1390914174859
 20
126.9931939915315
 10
617.9815178247167
 20
126.8356203985344
 42
-0.4142135622345701
 10
617.9390914178557
 20
126.8356203984958
 10
617.7815178243077
 20
126.9931939916439
 42
0.4142135624331356
 10
617.7390914174321
 20
126.9931939915974
 10
617.5815178248001
 20
126.8356203985417
 42
-0.4142135622147528
 10
617.5390914179402
 20
126.8356203984865
 10
617.4063096531262
 20
126.9684021628314
 42
0.1989123669205486
 10
617.385096449728
 20
126.9771889593583
 10
617.1470203496337
 20
126.9771889593583
 42
0.4142135623730903
 10
617.1170203496337
 20
126.9471889593583
 10
617.1170203496334
 20
125.1823361094669
 42
0.4142135623730077
 10
617.1470203496335
 20
125.1523361094669
 10
617.3833807211297
 20
125.1523361094669
 42
-0.1989123671007451
 10
617.4045939245424
 20
125.1435493129253
 10
617.5390914179311
 20
125.0090518198251
 42
0.4142135623732912
 10
617.5815178248026
 20
125.009051819825
 10
617.7390914178722
 20
125.1666254129415
 42
-0.414213562641904
 10
617.7815178247631
 20
125.1666254129603
 10
617.9390914176304
 20
125.0090518198403
 42
0.4142135625292789
 10
617.9815178245128
 20
125.0090518198203
 10
618.1390914174466
 20
125.1666254129691
 42
-0.4142135627680677
 10
618.1815178243464
 20
125.166625412929
 10
618.3390914175714
 20
125.009051819825
 42
0.4142135621804158
  0
LWPOLYLINE
  5
180DD
330
1F
100
AcDbEntity
  8
RCK_钼铝钼_MASK
100
AcDbPolyline
 90
       62
 70
     1
 43
0.0
 10
618.381517824429
 20
126.923904669668
 10
618.5390914176707
 20
127.0814782628238
 42
-0.414213561665166
 10
618.5815178244906
 20
127.0814782628385
 10
618.7390914178836
 20
126.9239046697099
 42
0.4142135623369922
 10
618.7815178247523
 20
126.9239046697655
 10
618.9160153173546
 20
127.0584021627628
 42
-0.1989123677611474
 10
618.9372285208212
 20
127.0671889593583
 10
618.9878782504758
 20
127.0671889593583
 42
0.4142135627468664
 10
619.0178782504759
 20
127.0971889593966
 10
619.0178782503031
 20
127.2326915025399
 42
-0.1989123677118371
 10
619.0266650468676
 20
127.2539047060138
 10
619.1099493181098
 20
127.3371889772558
 42
0.4142135623730951
 10
619.1099493181101
 20
127.379615384127
 10
618.9523757249808
 20
127.5371889772573
 42
-0.4142135623770196
 10
618.9523757249812
 20
127.5796153841288
 10
619.1099493181152
 20
127.7371889772526
 42
0.4142135623183524
 10
619.1099493181199
 20
127.7796153841199
 10
618.9523757249753
 20
127.9371889773466
 42
-0.4142135624217554
 10
618.952375724988
 20
127.9796153842212
 10
619.1099493180777
 20
128.1371889774218
 42
0.4142135626069785
 10
619.1099493180789
 20
128.1796153843099
 10
618.9523757250302
 20
128.3371889769302
 42
-0.4142135623191371
 10
618.9523757249759
 20
128.3796153837975
 10
619.1099493181211
 20
128.5371889774859
 42
0.4142135622883318
 10
619.1099493180622
 20
128.579615384351
 10
619.0266650470206
 20
128.6628996551213
 42
-0.1989123678027281
 10
619.0178782504217
 20
128.6841128585915
 10
619.0178782504217
 20
128.8620418092497
 42
0.4142135623733726
 10
618.9878782504218
 20
128.8920418092497
 10
618.9355127920129
 20
128.8920418092498
 42
0.1989123678563219
 10
618.9142995885382
 20
128.8832550126465
 10
618.7815178247911
 20
128.7504732484123
 42
-0.4142135626411193
 10
618.7390914179005
 20
128.7504732483616
 10
618.5815178243537
 20
128.9080468416469
 42
0.4142135615805989
 10
618.53909141754
 20
128.9080468416665
 10
618.3815178235718
 20
128.7504732483697
 42
-0.4142135623658353
 10
618.3390914167013
 20
128.7504732484489
 10
618.181517824412
 20
128.9080468414018
 42
0.4142135631271337
 10
618.1390914174862
 20
128.9080468414229
 10
617.9815178247171
 20
128.7504732484258
 42
-0.4142135622345701
 10
617.9390914178559
 20
128.7504732483872
 10
617.7815178243079
 20
128.9080468415353
 42
0.4142135624331356
 10
617.7390914174324
 20
128.9080468414889
 10
617.5815178248002
 20
128.7504732484331
 42
-0.4142135622147528
 10
617.5390914179406
 20
128.7504732483779
 10
617.4063096531265
 20
128.8832550127228
 42
0.1989123669205486
 10
617.3850964497285
 20
128.8920418092497
 10
617.147020349634
 20
128.8920418092497
 42
0.4142135623730903
 10
617.1170203496337
 20
128.8620418092497
 10
617.1170203496337
 20
127.0971889593583
 42
0.4142135623730077
 10
617.147020349634
 20
127.0671889593583
 10
617.3833807211297
 20
127.0671889593583
 42
-0.1989123671007451
 10
617.4045939245427
 20
127.0584021628167
 10
617.5390914179318
 20
126.9239046697165
 42
0.4142135623732912
 10
617.5815178248027
 20
126.9239046697164
 10
617.7390914178728
 20
127.0814782628329
 42
-0.414213562641904
 10
617.7815178247632
 20
127.0814782628517
 10
617.9390914176307
 20
126.9239046697318
 42
0.4142135625292789
 10
617.9815178245132
 20
126.9239046697117
 10
618.1390914174469
 20
127.0814782628605
 42
-0.4142135627680677
 10
618.1815178243466
 20
127.0814782628204
 10
618.3390914175717
 20
126.9239046697164
 42
0.4142135621804158
  0
LWPOLYLINE
  5
180DE
330
1F
100
AcDbEntity
  8
RCK_钼铝钼_MASK
100
AcDbPolyline
 90
       62
 70
     1
 43
0.0
 10
618.3815178244286
 20
123.0941989698852
 10
618.5390914176703
 20
123.2517725630409
 42
-0.414213561665166
 10
618.5815178244903
 20
123.2517725630557
 10
618.7390914178831
 20
123.0941989699271
 42
0.4142135623369922
 10
618.7815178247517
 20
123.0941989699827
 10
618.9160153173538
 20
123.2286964629799
 42
-0.1989123677611474
 10
618.9372285208207
 20
123.2374832595755
 10
618.9878782504754
 20
123.2374832595755
 42
0.4142135627468664
 10
619.0178782504752
 20
123.2674832596137
 10
619.0178782503026
 20
123.402985802757
 42
-0.1989123677118371
 10
619.026665046867
 20
123.4241990062309
 10
619.1099493181093
 20
123.507483277473
 42
0.4142135623730951
 10
619.1099493181095
 20
123.5499096843442
 10
618.9523757249802
 20
123.7074832774745
 42
-0.4142135623770196
 10
618.9523757249808
 20
123.749909684346
 10
619.1099493181146
 20
123.9074832774698
 42
0.4142135623183524
 10
619.1099493181193
 20
123.949909684337
 10
618.9523757249749
 20
124.1074832775637
 42
-0.4142135624217554
 10
618.9523757249877
 20
124.1499096844384
 10
619.1099493180773
 20
124.307483277639
 42
0.4142135626069785
 10
619.1099493180784
 20
124.3499096845271
 10
618.9523757250298
 20
124.5074832771474
 42
-0.4142135623191371
 10
618.9523757249752
 20
124.5499096840147
 10
619.1099493181207
 20
124.7074832777031
 42
0.4142135622883318
 10
619.1099493180614
 20
124.7499096845682
 10
619.02666504702
 20
124.8331939553385
 42
-0.1989123678027281
 10
619.0178782504212
 20
124.8544071588086
 10
619.0178782504212
 20
125.0323361094669
 42
0.4142135623733726
 10
618.987878250421
 20
125.0623361094669
 10
618.9355127920122
 20
125.0623361094669
 42
0.1989123678563219
 10
618.9142995885378
 20
125.0535493128636
 10
618.7815178247904
 20
124.9207675486295
 42
-0.4142135626411193
 10
618.7390914178998
 20
124.9207675485788
 10
618.5815178243529
 20
125.0783411418641
 42
0.4142135615805989
 10
618.5390914175392
 20
125.0783411418836
 10
618.3815178235712
 20
124.9207675485869
 42
-0.4142135623658353
 10
618.3390914167006
 20
124.9207675486661
 10
618.1815178244112
 20
125.078341141619
 42
0.4142135631271337
 10
618.1390914174857
 20
125.0783411416401
 10
617.9815178247165
 20
124.920767548643
 42
-0.4142135622345701
 10
617.9390914178553
 20
124.9207675486044
 10
617.7815178243074
 20
125.0783411417525
 42
0.4142135624331356
 10
617.7390914174317
 20
125.078341141706
 10
617.5815178247996
 20
124.9207675486502
 42
-0.4142135622147528
 10
617.53909141794
 20
124.9207675485951
 10
617.4063096531258
 20
125.05354931294
 42
0.1989123669205486
 10
617.3850964497278
 20
125.0623361094669
 10
617.1470203496332
 20
125.0623361094669
 42
0.4142135623730903
 10
617.117020349633
 20
125.0323361094669
 10
617.117020349633
 20
123.2674832595755
 42
0.4142135623730077
 10
617.1470203496332
 20
123.2374832595755
 10
617.3833807211292
 20
123.2374832595754
 42
-0.1989123671007451
 10
617.4045939245421
 20
123.2286964630338
 10
617.5390914179311
 20
123.0941989699337
 42
0.4142135623732912
 10
617.5815178248022
 20
123.0941989699336
 10
617.7390914178721
 20
123.25177256305
 42
-0.414213562641904
 10
617.7815178247628
 20
123.2517725630688
 10
617.9390914176301
 20
123.0941989699489
 42
0.4142135625292789
 10
617.9815178245124
 20
123.0941989699289
 10
618.1390914174462
 20
123.2517725630777
 42
-0.4142135627680677
 10
618.1815178243462
 20
123.2517725630376
 10
618.3390914175712
 20
123.0941989699336
 42
0.4142135621804158
  0
LWPOLYLINE
  5
180DF
330
1F
100
AcDbEntity
  8
RCK_钼铝钼_MASK
100
AcDbPolyline
 90
       48
 70
     1
 43
0.0
 10
645.1470313171711
 20
121.0910618488773
 42
0.4142135623662277
 10
645.1894577240417
 20
121.0910618487981
 10
645.3470313180097
 20
121.2486354420948
 42
-0.4142135615809915
 10
645.3894577248235
 20
121.2486354420752
 10
645.5470313183703
 20
121.09106184879
 42
0.4142135626411193
 10
645.5894577252609
 20
121.0910618488407
 10
645.7222394890083
 20
121.2238436130748
 42
-0.1989123678561478
 10
645.7434526924827
 20
121.2326304096781
 10
645.8966760151229
 20
121.2326304096779
 42
-0.4142135623727772
 10
645.9266760151229
 20
121.2026304096779
 10
645.9266760151229
 20
119.2857064735804
 42
-0.4142135623730951
 10
645.8966760151229
 20
119.2557064735804
 10
644.1018231650896
 20
119.2557064735804
 42
-0.4142135623730951
 10
644.0718231650897
 20
119.2857064735804
 10
644.0718231650897
 20
119.3777775597866
 42
0.4142135623730514
 10
644.0418231650896
 20
119.4077775597865
 10
644.0009653009248
 20
119.4077775597867
 42
-0.4142135619144138
 10
643.9709653009247
 20
119.4377775597397
 10
643.9709653007565
 20
119.5449958314753
 42
-0.1989123673171497
 10
643.9797520972827
 20
119.5662090348726
 10
644.0913206399184
 20
119.6777775779114
 42
0.4142135622145568
 10
644.0913206398634
 20
119.7202039847711
 10
643.9337470468075
 20
119.8777775774032
 42
-0.4142135624325471
 10
643.933747046761
 20
119.9202039842788
 10
644.0913206399089
 20
120.0777775778267
 42
0.4142135622343741
 10
644.0913206398702
 20
120.1202039846879
 10
643.9337470468735
 20
120.2777775772116
 42
-0.4142135631267414
 10
643.9337470468943
 20
120.3202039841375
 10
644.0913206398594
 20
120.4777775767141
 42
0.4142135621464716
 10
644.09132063992
 20
120.5202039835689
 10
643.9337470466257
 20
120.6777775775195
 42
-0.4142135615717696
 10
643.9337470466526
 20
120.7202039843326
 10
644.0913206399334
 20
120.8777775773345
 42
0.4142135626666267
 10
644.0913206398845
 20
120.920203984227
 10
643.9797520974134
 20
121.0317725267906
 42
-0.1989123672720327
 10
643.9709653008577
 20
121.0529857302174
 10
643.9709653008577
 20
121.202630409678
 42
-0.4142135623733725
 10
644.0009653008577
 20
121.232630409678
 10
644.1930363501983
 20
121.2326304096781
 42
-0.1989123669205486
 10
644.2142495535962
 20
121.2238436131511
 10
644.3470313184104
 20
121.0910618488062
 42
0.4142135622143602
 10
644.3894577252701
 20
121.0910618488614
 10
644.5470313179022
 20
121.2486354419173
 42
-0.4142135624331356
 10
644.5894577247777
 20
121.2486354419636
 10
644.7470313183258
 20
121.0910618488155
 42
0.4142135622345701
 10
644.789457725187
 20
121.0910618488542
 10
644.9470313179562
 20
121.2486354418512
 42
-0.4142135631273299
 10
644.9894577248817
 20
121.2486354418301
  0
LWPOLYLINE
  5
180E0
330
1F
100
AcDbEntity
  8
RCK_钼铝钼_MASK
100
AcDbPolyline
 90
       62
 70
     1
 43
0.0
 10
644.5894577252336
 20
121.3369197131714
 10
644.7470313181009
 20
121.1793461200515
 42
0.414213562529279
 10
644.7894577249832
 20
121.1793461200315
 10
644.9470313179167
 20
121.3369197131802
 42
-0.4142135627680677
 10
644.9894577248169
 20
121.3369197131401
 10
645.1470313180417
 20
121.1793461200361
 42
0.414213562180416
 10
645.1894577248991
 20
121.1793461199877
 10
645.347031318141
 20
121.3369197131435
 42
-0.414213561665166
 10
645.3894577249608
 20
121.3369197131583
 10
645.5470313183539
 20
121.1793461200297
 42
0.4142135623369922
 10
645.5894577252222
 20
121.1793461200853
 10
645.7239552178248
 20
121.3138436130825
 42
-0.1989123677612916
 10
645.7451684212915
 20
121.322630409678
 10
645.8966760151231
 20
121.322630409678
 42
0.4142135623730951
 10
645.9266760151231
 20
121.352630409678
 10
645.9266760151231
 20
123.1174832595694
 42
0.4142135623729362
 10
645.8966760151231
 20
123.1474832595694
 10
645.7434526924829
 20
123.1474832595695
 42
0.1989123678561777
 10
645.7222394890086
 20
123.1386964629662
 10
645.5894577252612
 20
123.005914698732
 42
-0.4142135626411193
 10
645.5470313183706
 20
123.0059146986814
 10
645.3894577248237
 20
123.1634882919666
 42
0.4142135615805989
 10
645.3470313180098
 20
123.1634882919862
 10
645.1894577240421
 20
123.0059146986895
 42
-0.4142135623658352
 10
645.1470313171712
 20
123.0059146987687
 10
644.9894577248819
 20
123.1634882917215
 42
0.4142135631271337
 10
644.9470313179562
 20
123.1634882917427
 10
644.7894577251872
 20
123.0059146987455
 42
-0.4142135622345703
 10
644.7470313183262
 20
123.005914698707
 10
644.5894577247782
 20
123.163488291855
 42
0.4142135624331356
 10
644.5470313179026
 20
123.1634882918086
 10
644.3894577252705
 20
123.0059146987528
 42
-0.4142135622147528
 10
644.3470313184107
 20
123.0059146986976
 10
644.2142495535967
 20
123.1386964630425
 42
0.1989123669205486
 10
644.1930363501986
 20
123.1474832595695
 10
644.0009653008578
 20
123.1474832595695
 42
0.4142135623728178
 10
643.9709653008582
 20
123.1174832595694
 10
643.9709653008582
 20
122.9678385801088
 42
0.1989123672719604
 10
643.9797520974138
 20
122.946625376682
 10
644.0913206398849
 20
122.8350568341184
 42
-0.4142135626672154
 10
644.0913206399336
 20
122.7926304272259
 10
643.9337470466528
 20
122.635056834224
 42
0.4142135615725544
 10
643.9337470466263
 20
122.5926304274109
 10
644.0913206399202
 20
122.4350568334603
 42
-0.4142135621456866
 10
644.0913206398597
 20
122.3926304266055
 10
643.9337470468947
 20
122.2350568340289
 42
0.4142135631275261
 10
643.9337470468737
 20
122.192630427103
 10
644.0913206398708
 20
122.0350568345793
 42
-0.4142135622351587
 10
644.0913206399093
 20
121.9926304277181
 10
643.9337470467612
 20
121.8350568341701
 42
0.4142135624333318
 10
643.9337470468077
 20
121.7926304272946
 10
644.0913206398636
 20
121.6350568346625
 42
-0.4142135622145568
 10
644.0913206399187
 20
121.5926304278028
 10
643.9797520972827
 20
121.4810618847639
 42
0.1989123673174978
 10
643.9709653007569
 20
121.4598486813666
 10
643.9709653009249
 20
121.352630409631
 42
0.4142135619141362
 10
644.0009653009249
 20
121.3226304096781
 10
644.1913206216001
 20
121.322630409678
 42
-0.1989123671007451
 10
644.2125338250129
 20
121.3138436131364
 10
644.3470313184016
 20
121.1793461200362
 42
0.4142135623732912
 10
644.389457725273
 20
121.1793461200362
 10
644.5470313183427
 20
121.3369197131526
 42
-0.414213562641904
  0
LWPOLYLINE
  5
180E1
330
1F
100
AcDbEntity
  8
RCK_钼铝钼_MASK
100
AcDbPolyline
 90
       62
 70
     1
 43
0.0
 10
644.5894577252337
 20
123.2517725630629
 10
644.747031318101
 20
123.0941989699429
 42
0.414213562529279
 10
644.7894577249835
 20
123.0941989699229
 10
644.9470313179172
 20
123.2517725630717
 42
-0.4142135627680677
 10
644.9894577248171
 20
123.2517725630316
 10
645.1470313180422
 20
123.0941989699276
 42
0.414213562180416
 10
645.1894577248995
 20
123.0941989698792
 10
645.3470313181412
 20
123.251772563035
 42
-0.414213561665166
 10
645.389457724961
 20
123.2517725630497
 10
645.5470313183541
 20
123.0941989699211
 42
0.4142135623369922
 10
645.5894577252228
 20
123.0941989699767
 10
645.7239552178248
 20
123.2286964629739
 42
-0.1989123677612916
 10
645.7451684212917
 20
123.2374832595695
 10
645.8966760151232
 20
123.2374832595695
 42
0.4142135623730951
 10
645.9266760151232
 20
123.2674832595695
 10
645.9266760151232
 20
125.0323361094609
 42
0.4142135623729362
 10
645.8966760151232
 20
125.0623361094609
 10
645.7434526924831
 20
125.062336109461
 42
0.1989123678561777
 10
645.7222394890087
 20
125.0535493128577
 10
645.5894577252612
 20
124.9207675486235
 42
-0.4142135626411193
 10
645.5470313183707
 20
124.9207675485727
 10
645.3894577248242
 20
125.0783411418581
 42
0.4142135615805989
 10
645.3470313180103
 20
125.0783411418777
 10
645.1894577240423
 20
124.9207675485809
 42
-0.4142135623658352
 10
645.1470313171713
 20
124.9207675486601
 10
644.9894577248823
 20
125.078341141613
 42
0.4142135631271337
 10
644.9470313179564
 20
125.0783411416341
 10
644.7894577251875
 20
124.920767548637
 42
-0.4142135622345703
 10
644.7470313183262
 20
124.9207675485984
 10
644.5894577247784
 20
125.0783411417465
 42
0.4142135624331356
 10
644.5470313179027
 20
125.0783411417001
 10
644.3894577252707
 20
124.9207675486443
 42
-0.4142135622147528
 10
644.347031318411
 20
124.9207675485891
 10
644.214249553597
 20
125.053549312934
 42
0.1989123669205486
 10
644.1930363501987
 20
125.0623361094609
 10
644.0009653008582
 20
125.0623361094609
 42
0.4142135623728178
 10
643.9709653008582
 20
125.0323361094609
 10
643.9709653008582
 20
124.8826914300003
 42
0.1989123672719604
 10
643.9797520974138
 20
124.8614782265735
 10
644.0913206398851
 20
124.7499096840099
 42
-0.4142135626672154
 10
644.0913206399337
 20
124.7074832771174
 10
643.9337470466531
 20
124.5499096841155
 42
0.4142135615725544
 10
643.9337470466263
 20
124.5074832773024
 10
644.0913206399202
 20
124.3499096833518
 42
-0.4142135621456866
 10
644.0913206398597
 20
124.307483276497
 10
643.9337470468949
 20
124.1499096839203
 42
0.4142135631275261
 10
643.933747046874
 20
124.1074832769945
 10
644.091320639871
 20
123.9499096844708
 42
-0.4142135622351587
 10
644.0913206399095
 20
123.9074832776096
 10
643.9337470467616
 20
123.7499096840616
 42
0.4142135624333318
 10
643.9337470468081
 20
123.7074832771861
 10
644.0913206398637
 20
123.5499096845539
 42
-0.4142135622145568
 10
644.091320639919
 20
123.5074832776942
 10
643.979752097283
 20
123.3959147346554
 42
0.1989123673174978
 10
643.9709653007571
 20
123.3747015312581
 10
643.9709653009251
 20
123.2674832595225
 42
0.4142135619141362
 10
644.0009653009251
 20
123.2374832595695
 10
644.1913206216002
 20
123.2374832595695
 42
-0.1989123671007451
 10
644.212533825013
 20
123.2286964630279
 10
644.347031318402
 20
123.0941989699277
 42
0.4142135623732912
 10
644.3894577252732
 20
123.0941989699276
 10
644.5470313183431
 20
123.2517725630441
 42
-0.414213562641904
  0
LWPOLYLINE
  5
180E2
330
1F
100
AcDbEntity
  8
RCK_钼铝钼_MASK
100
AcDbPolyline
 90
       62
 70
     1
 43
0.0
 10
644.5894577252341
 20
125.1666254129544
 10
644.7470313181012
 20
125.0090518198344
 42
0.414213562529279
 10
644.7894577249837
 20
125.0090518198144
 10
644.9470313179174
 20
125.1666254129632
 42
-0.4142135627680677
 10
644.9894577248174
 20
125.1666254129231
 10
645.1470313180424
 20
125.0090518198191
 42
0.414213562180416
 10
645.1894577248997
 20
125.0090518197707
 10
645.3470313181415
 20
125.1666254129264
 42
-0.414213561665166
 10
645.3894577249614
 20
125.1666254129412
 10
645.5470313183544
 20
125.0090518198126
 42
0.4142135623369922
 10
645.5894577252228
 20
125.0090518198682
 10
645.7239552178251
 20
125.1435493128654
 42
-0.1989123677612916
 10
645.7451684212919
 20
125.152336109461
 10
645.8966760151236
 20
125.152336109461
 42
0.4142135623730951
 10
645.9266760151235
 20
125.182336109461
 10
645.9266760151235
 20
126.9471889593524
 42
0.4142135623729362
 10
645.8966760151236
 20
126.9771889593524
 10
645.7434526924835
 20
126.9771889593524
 42
0.1989123678561777
 10
645.7222394890091
 20
126.9684021627491
 10
645.5894577252617
 20
126.835620398515
 42
-0.4142135626411193
 10
645.5470313183711
 20
126.8356203984643
 10
645.3894577248242
 20
126.9931939917496
 42
0.4142135615805989
 10
645.3470313180105
 20
126.9931939917692
 10
645.1894577240425
 20
126.8356203984724
 42
-0.4142135623658352
 10
645.1470313171718
 20
126.8356203985516
 10
644.9894577248826
 20
126.9931939915045
 42
0.4142135631271337
 10
644.9470313179567
 20
126.9931939915256
 10
644.7894577251877
 20
126.8356203985285
 42
-0.4142135622345703
 10
644.7470313183266
 20
126.8356203984899
 10
644.5894577247786
 20
126.993193991638
 42
0.4142135624331356
 10
644.547031317903
 20
126.9931939915915
 10
644.3894577252707
 20
126.8356203985357
 42
-0.4142135622147528
 10
644.3470313184112
 20
126.8356203984806
 10
644.2142495535972
 20
126.9684021628255
 42
0.1989123669205486
 10
644.193036350199
 20
126.9771889593524
 10
644.0009653008585
 20
126.9771889593524
 42
0.4142135623728178
 10
643.9709653008585
 20
126.9471889593524
 10
643.9709653008585
 20
126.7975442798918
 42
0.1989123672719604
 10
643.9797520974141
 20
126.7763310764649
 10
644.0913206398852
 20
126.6647625339013
 42
-0.4142135626672154
 10
644.0913206399341
 20
126.6223361270089
 10
643.9337470466532
 20
126.464762534007
 42
0.4142135615725544
 10
643.9337470466265
 20
126.4223361271938
 10
644.0913206399207
 20
126.2647625332433
 42
-0.4142135621456866
 10
644.0913206398602
 20
126.2223361263885
 10
643.9337470468951
 20
126.0647625338118
 42
0.4142135631275261
 10
643.9337470468743
 20
126.022336126886
 10
644.0913206398712
 20
125.8647625343622
 42
-0.4142135622351587
 10
644.0913206399097
 20
125.8223361275011
 10
643.9337470467618
 20
125.6647625339531
 42
0.4142135624333318
 10
643.9337470468082
 20
125.6223361270776
 10
644.0913206398638
 20
125.4647625344454
 42
-0.4142135622145568
 10
644.0913206399193
 20
125.4223361275857
 10
643.9797520972834
 20
125.3107675845469
 42
0.1989123673174978
 10
643.9709653007573
 20
125.2895543811496
 10
643.9709653009254
 20
125.182336109414
 42
0.4142135619141362
 10
644.0009653009252
 20
125.152336109461
 10
644.1913206216005
 20
125.1523361094609
 42
-0.1989123671007451
 10
644.2125338250132
 20
125.1435493129193
 10
644.3470313184023
 20
125.0090518198192
 42
0.4142135623732912
 10
644.3894577252732
 20
125.0090518198191
 10
644.5470313183433
 20
125.1666254129355
 42
-0.414213562641904
  0
LWPOLYLINE
  5
180E3
330
1F
100
AcDbEntity
  8
RCK_钼铝钼_MASK
100
AcDbPolyline
 90
       62
 70
     1
 43
0.0
 10
644.5894577252341
 20
127.0814782628458
 10
644.7470313181013
 20
126.9239046697259
 42
0.414213562529279
 10
644.789457724984
 20
126.9239046697059
 10
644.9470313179176
 20
127.0814782628546
 42
-0.4142135627680677
 10
644.9894577248175
 20
127.0814782628145
 10
645.1470313180426
 20
126.9239046697105
 42
0.414213562180416
 10
645.1894577248999
 20
126.9239046696622
 10
645.3470313181418
 20
127.0814782628179
 42
-0.414213561665166
 10
645.3894577249616
 20
127.0814782628327
 10
645.5470313183544
 20
126.9239046697041
 42
0.4142135623369922
 10
645.5894577252231
 20
126.9239046697597
 10
645.7239552178252
 20
127.0584021627569
 42
-0.1989123677612916
 10
645.745168421292
 20
127.0671889593524
 10
645.8966760151237
 20
127.0671889593524
 42
0.4142135623730951
 10
645.9266760151238
 20
127.0971889593525
 10
645.9266760151238
 20
128.8620418092438
 42
0.4142135623729362
 10
645.8966760151237
 20
128.8920418092438
 10
645.7434526924837
 20
128.8920418092439
 42
0.1989123678561777
 10
645.7222394890091
 20
128.8832550126406
 10
645.5894577252617
 20
128.7504732484065
 42
-0.4142135626411193
 10
645.5470313183712
 20
128.7504732483558
 10
645.3894577248245
 20
128.908046841641
 42
0.4142135615805989
 10
645.3470313180107
 20
128.9080468416606
 10
645.1894577240428
 20
128.7504732483639
 42
-0.4142135623658352
 10
645.147031317172
 20
128.7504732484431
 10
644.9894577248827
 20
128.908046841396
 42
0.4142135631271337
 10
644.947031317957
 20
128.9080468414171
 10
644.7894577251879
 20
128.7504732484199
 42
-0.4142135622345703
 10
644.7470313183267
 20
128.7504732483814
 10
644.5894577247789
 20
128.9080468415295
 42
0.4142135624331356
 10
644.5470313179032
 20
128.908046841483
 10
644.3894577252712
 20
128.7504732484272
 42
-0.4142135622147528
 10
644.3470313184112
 20
128.7504732483721
 10
644.2142495535975
 20
128.883255012717
 42
0.1989123669205486
 10
644.1930363501992
 20
128.8920418092439
 10
644.0009653008587
 20
128.8920418092439
 42
0.4142135623728178
 10
643.9709653008588
 20
128.8620418092438
 10
643.9709653008588
 20
128.7123971297832
 42
0.1989123672719604
 10
643.9797520974142
 20
128.6911839263564
 10
644.0913206398854
 20
128.5796153837928
 42
-0.4142135626672154
 10
644.0913206399342
 20
128.5371889769004
 10
643.9337470466536
 20
128.3796153838985
 42
0.4142135615725544
 10
643.9337470466267
 20
128.3371889770853
 10
644.0913206399207
 20
128.1796153831347
 42
-0.4142135621456866
 10
644.0913206398602
 20
128.1371889762799
 10
643.9337470468955
 20
127.9796153837033
 42
0.4142135631275261
 10
643.9337470468744
 20
127.9371889767774
 10
644.0913206398715
 20
127.7796153842537
 42
-0.4142135622351587
 10
644.09132063991
 20
127.7371889773926
 10
643.933747046762
 20
127.5796153838446
 42
0.4142135624333318
 10
643.9337470468084
 20
127.537188976969
 10
644.0913206398643
 20
127.3796153843369
 42
-0.4142135622145568
 10
644.0913206399193
 20
127.3371889774772
 10
643.9797520972835
 20
127.2256204344384
 42
0.1989123673174978
 10
643.9709653007573
 20
127.2044072310411
 10
643.9709653009256
 20
127.0971889593055
 42
0.4142135619141362
 10
644.0009653009256
 20
127.0671889593525
 10
644.1913206216007
 20
127.0671889593524
 42
-0.1989123671007451
 10
644.2125338250137
 20
127.0584021628108
 10
644.3470313184024
 20
126.9239046697107
 42
0.4142135623732912
 10
644.3894577252737
 20
126.9239046697106
 10
644.5470313183435
 20
127.081478262827
 42
-0.414213562641904
  0
LWPOLYLINE
  5
180E4
330
1F
100
AcDbEntity
  8
RCK_钼铝钼_MASK
100
AcDbPolyline
 90
       44
 70
     1
 43
0.0
 10
618.3815178244298
 20
132.6684632193423
 10
618.5390914176716
 20
132.826036812498
 42
-0.414213561665166
 10
618.5815178244913
 20
132.8260368125128
 10
618.7390914178845
 20
132.6684632193842
 42
0.4142135623369922
 10
618.7815178247531
 20
132.6684632194398
 10
618.9160153173552
 20
132.802960712437
 42
-0.1989123677611474
 10
618.9372285208222
 20
132.8117475090326
 10
618.9878782504767
 20
132.8117475090326
 42
0.4142135627471438
 10
619.0178782504768
 20
132.8417475090708
 10
619.0178782503037
 20
132.9772500522141
 42
-0.1989123677118371
 10
619.0266650468684
 20
132.998463255688
 10
619.1099493181109
 20
133.0817475269301
 42
0.4142135623730951
 10
619.1099493181109
 20
133.1241739338012
 10
618.9523757249816
 20
133.2817475269316
 42
-0.4142135623770196
 10
618.9523757249822
 20
133.3241739338031
 10
619.1099493181162
 20
133.4817475269269
 42
0.4142135623183524
 10
619.1099493181207
 20
133.5241739337941
 10
618.9523757249762
 20
133.6817475270208
 42
-0.4142135624217554
 10
618.9523757249892
 20
133.7241739338955
 10
619.1099493180789
 20
133.8817475270961
 42
0.4142135626069785
 10
619.1099493180797
 20
133.9241739339842
 10
618.9523757250311
 20
134.0817475266045
 42
-0.4142135623191371
 10
618.9523757249767
 20
134.1241739334718
 10
619.109949318122
 20
134.2817475271602
 42
0.4142135622875471
 10
619.109949318063
 20
134.3241739340253
 10
619.0266650470213
 20
134.4074582047956
 42
-0.1989123678023798
 10
619.0178782504225
 20
134.4286714082657
 10
619.0178782504225
 20
134.6313921877529
 42
0.4142135623731932
 10
618.9878782504226
 20
134.6613921877529
 10
617.1470203496348
 20
134.6613921877529
 42
0.414213562373081
 10
617.1170203496349
 20
134.6313921877529
 10
617.1170203496346
 20
132.8417475090326
 42
0.4142135623730951
 10
617.1470203496348
 20
132.8117475090326
 10
617.3833807211307
 20
132.8117475090325
 42
-0.1989123671007451
 10
617.4045939245436
 20
132.8029607124909
 10
617.5390914179322
 20
132.6684632193908
 42
0.4142135623732912
 10
617.5815178248037
 20
132.6684632193907
 10
617.7390914178736
 20
132.8260368125071
 42
-0.414213562641904
 10
617.7815178247642
 20
132.8260368125259
 10
617.9390914176315
 20
132.668463219406
 42
0.4142135625292789
 10
617.981517824514
 20
132.668463219386
 10
618.1390914174477
 20
132.8260368125347
 42
-0.4142135627676752
 10
618.1815178243475
 20
132.8260368124946
 10
618.3390914175728
 20
132.6684632193906
 42
0.4142135621804158
  0
LWPOLYLINE
  5
180E5
330
1F
100
AcDbEntity
  8
RCK_钼铝钼_MASK
100
AcDbPolyline
 90
       44
 70
     1
 43
0.0
 10
644.5894577252373
 20
132.8260368125202
 10
644.7470313181046
 20
132.6684632194003
 42
0.414213562529279
 10
644.789457724987
 20
132.6684632193803
 10
644.9470313179207
 20
132.8260368125291
 42
-0.4142135627676752
 10
644.9894577248207
 20
132.826036812489
 10
645.1470313180457
 20
132.668463219385
 42
0.414213562180416
 10
645.1894577249029
 20
132.6684632193366
 10
645.3470313181448
 20
132.8260368124923
 42
-0.414213561665166
 10
645.3894577249646
 20
132.8260368125071
 10
645.5470313183574
 20
132.6684632193785
 42
0.4142135623369922
 10
645.589457725226
 20
132.6684632194341
 10
645.7239552178282
 20
132.8029607124313
 42
-0.1989123677614657
 10
645.745168421295
 20
132.8117475090269
 10
645.896676015127
 20
132.8117475090269
 42
0.4142135623730951
 10
645.926676015127
 20
132.8417475090269
 10
645.926676015127
 20
134.6313921877472
 42
0.4142135623730951
 10
645.896676015127
 20
134.6613921877472
 10
644.0009653008619
 20
134.6613921877473
 42
0.4142135623730951
 10
643.970965300862
 20
134.6313921877473
 10
643.970965300862
 20
134.4569556794577
 42
0.1989123672719604
 10
643.9797520974175
 20
134.4357424760308
 10
644.0913206398886
 20
134.3241739334672
 42
-0.4142135626680002
 10
644.0913206399375
 20
134.2817475265748
 10
643.9337470466568
 20
134.1241739335729
 42
0.4142135615733391
 10
643.9337470466297
 20
134.0817475267597
 10
644.091320639924
 20
133.9241739328091
 42
-0.4142135621449017
 10
644.0913206398635
 20
133.8817475259544
 10
643.9337470468983
 20
133.7241739333777
 42
0.4142135631275261
 10
643.9337470468772
 20
133.6817475264519
 10
644.0913206398745
 20
133.5241739339281
 42
-0.4142135622351587
 10
644.091320639913
 20
133.481747527067
 10
643.9337470467651
 20
133.324173933519
 42
0.4142135624341166
 10
643.9337470468115
 20
133.2817475266435
 10
644.0913206398674
 20
133.1241739340113
 42
-0.4142135622145568
 10
644.0913206399224
 20
133.0817475271516
 10
643.9797520972867
 20
132.9701789841128
 42
0.1989123673178461
 10
643.9709653007606
 20
132.9489657807155
 10
643.9709653009287
 20
132.8417475089799
 42
0.4142135619141362
 10
644.0009653009286
 20
132.8117475090269
 10
644.1913206216037
 20
132.8117475090268
 42
-0.1989123671007451
 10
644.2125338250166
 20
132.8029607124852
 10
644.3470313184056
 20
132.6684632193851
 42
0.4142135623732912
 10
644.3894577252767
 20
132.668463219385
 10
644.5470313183466
 20
132.8260368125014
 42
-0.414213562641904
  0
LWPOLYLINE
  5
180E6
330
1F
100
AcDbEntity
  8
RCK_钼铝钼_MASK
100
AcDbPolyline
 90
       62
 70
     1
 43
0.0
 10
631.1854877749881
 20
132.8260368125256
 10
631.3430613678555
 20
132.6684632194057
 42
0.414213562529279
 10
631.3854877747378
 20
132.6684632193857
 10
631.5430613676717
 20
132.8260368125345
 42
-0.4142135627680677
 10
631.5854877745712
 20
132.8260368124944
 10
631.7430613677966
 20
132.6684632193904
 42
0.414213562180416
 10
631.7854877746538
 20
132.668463219342
 10
631.9430613678955
 20
132.8260368124977
 42
-0.414213561665166
 10
631.9854877747152
 20
132.8260368125125
 10
632.1430613681084
 20
132.6684632193839
 42
0.4142135623369922
 10
632.1854877749768
 20
132.6684632194395
 10
632.3199852675791
 20
132.8029607124367
 42
-0.1989123677612916
 10
632.341198471046
 20
132.8117475090323
 10
632.3918482007005
 20
132.8117475090323
 42
0.4142135627468664
 10
632.4218482007006
 20
132.8417475090705
 10
632.4218482005277
 20
132.9772500522138
 42
-0.1989123677118371
 10
632.4306349970924
 20
132.9984632556877
 10
632.5139192683346
 20
133.0817475269298
 42
0.4142135623730951
 10
632.5139192683349
 20
133.124173933801
 10
632.3563456752054
 20
133.2817475269313
 42
-0.4142135623778044
 10
632.3563456752061
 20
133.3241739338028
 10
632.51391926834
 20
133.4817475269266
 42
0.4142135623183524
 10
632.5139192683447
 20
133.5241739337938
 10
632.3563456752004
 20
133.6817475270205
 42
-0.4142135624209704
 10
632.3563456752131
 20
133.7241739338952
 10
632.5139192683027
 20
133.8817475270958
 42
0.4142135626069785
 10
632.5139192683039
 20
133.9241739339839
 10
632.3563456752553
 20
134.0817475266042
 42
-0.4142135623183524
 10
632.3563456752006
 20
134.1241739334715
 10
632.5139192683457
 20
134.2817475271599
 42
0.4142135622891167
 10
632.5139192682869
 20
134.324173934025
 10
632.4306349972454
 20
134.4074582047953
 42
-0.1989123678030762
 10
632.4218482006465
 20
134.4286714082654
 10
632.4218482006465
 20
134.6313921877527
 42
0.4142135623731888
 10
632.3918482006465
 20
134.6613921877527
 10
630.5969953506127
 20
134.6613921877527
 42
0.4142135623730951
 10
630.5669953506127
 20
134.6313921877527
 10
630.5669953506127
 20
134.456955679463
 42
0.1989123672719604
 10
630.5757821471683
 20
134.4357424760362
 10
630.6873506896395
 20
134.3241739334727
 42
-0.4142135626672154
 10
630.6873506896883
 20
134.2817475265802
 10
630.5297770964074
 20
134.1241739335783
 42
0.4142135615725544
 10
630.5297770963806
 20
134.0817475267651
 10
630.6873506896748
 20
133.9241739328145
 42
-0.4142135621456866
 10
630.6873506896144
 20
133.8817475259598
 10
630.5297770966492
 20
133.7241739333831
 42
0.4142135631275261
 10
630.5297770966282
 20
133.6817475264573
 10
630.6873506896254
 20
133.5241739339335
 42
-0.4142135622351587
 10
630.6873506896638
 20
133.4817475270724
 10
630.529777096516
 20
133.3241739335244
 42
0.4142135624333318
 10
630.5297770965624
 20
133.2817475266488
 10
630.6873506896182
 20
133.1241739340167
 42
-0.4142135622145568
 10
630.6873506896732
 20
133.081747527157
 10
630.5757821470376
 20
132.9701789841182
 42
0.1989123673174978
 10
630.5669953505114
 20
132.9489657807209
 10
630.5669953506796
 20
132.8417475089853
 42
0.4142135619141362
 10
630.5969953506794
 20
132.8117475090323
 10
630.7873506713547
 20
132.8117475090323
 42
-0.1989123671007451
 10
630.8085638747675
 20
132.8029607124906
 10
630.9430613681562
 20
132.6684632193905
 42
0.4142135623732912
 10
630.9854877750276
 20
132.6684632193904
 10
631.1430613680975
 20
132.8260368125068
 42
-0.414213562641904
  0
LWPOLYLINE
  5
180E7
330
1F
100
AcDbEntity
  8
RCK_钼铝钼_MASK
100
AcDbPolyline
 90
        4
 70
     1
 43
0.0
 10
617.0326934024846
 20
107.9689872421429
 10
623.0466934024839
 20
107.9689872421429
 10
623.0466934024839
 20
111.8612372421401
 10
617.0326934024846
 20
111.8612372421401
  0
LWPOLYLINE
  5
180E8
330
1F
100
AcDbEntity
  8
RCK_钼铝钼_MASK
100
AcDbPolyline
 90
        4
 70
     1
 43
0.0
 10
617.0326934024846
 20
111.9412372421418
 10
623.0466934024839
 20
111.9412372421418
 10
623.0466934024839
 20
113.1912372421418
 10
617.0326934024846
 20
113.1912372421418
  0
LWPOLYLINE
  5
180E9
330
1F
100
AcDbEntity
  8
RCK_钼铝钼_MASK
100
AcDbPolyline
 90
        4
 70
     1
 43
0.0
 10
617.0326934024846
 20
113.2712372421436
 10
623.0466934024839
 20
113.2712372421436
 10
623.0466934024839
 20
114.5212372421436
 10
617.0326934024846
 20
114.5212372421436
  0
LWPOLYLINE
  5
180EA
330
1F
100
AcDbEntity
  8
RCK_钼铝钼_MASK
100
AcDbPolyline
 90
       10
 70
     1
 43
0.0
 10
623.0466934024839
 20
114.6012372421417
 10
617.0326934024846
 20
114.6012372421417
 10
617.0326934024846
 20
115.378670242141
 10
618.5321934024828
 20
117.4279872421418
 10
618.9718731998549
 20
117.4279872421419
 10
618.9718731998549
 20
115.3677165387304
 10
621.0935889646838
 20
115.3677165387304
 10
621.0935889646838
 20
117.4279872421418
 10
621.5471934024857
 20
117.4279872421418
 10
623.0466934024839
 20
115.378670242141
  0
LWPOLYLINE
  5
180EB
330
1F
100
AcDbEntity
  8
RCK_钼铝钼_MASK
100
AcDbPolyline
 90
       26
 70
     1
 43
0.0
 10
627.9133556668682
 20
117.2613561490988
 42
0.4142135623662277
 10
627.9557820737387
 20
117.2613561490196
 10
628.1133556677071
 20
117.4189297423163
 42
-0.4142135615807952
 10
628.1557820745207
 20
117.4189297422967
 10
628.3133556680675
 20
117.2613561490114
 42
0.4142135626411193
 10
628.3557820749581
 20
117.2613561490622
 10
628.4885638387052
 20
117.3941379132963
 42
-0.1989123678561478
 10
628.5097770421798
 20
117.4029247098996
 10
628.6630003648183
 20
117.4029247098995
 42
-0.4142135623729362
 10
628.6930003648185
 20
117.3729247098995
 10
628.6930003648185
 20
115.4577165387285
 42
-0.4142135623730951
 10
628.6630003648183
 20
115.4277165387285
 10
626.7212845999892
 20
115.4277165387285
 42
-0.4142135623731022
 10
626.6912845999894
 20
115.4577165387285
 10
626.6912845999894
 20
117.3729247098995
 42
-0.4142135623730518
 10
626.7212845999892
 20
117.4029247098995
 10
626.9593606998954
 20
117.4029247098995
 42
-0.1989123669205486
 10
626.9805739032936
 20
117.3941379133726
 10
627.1133556681077
 20
117.2613561490277
 42
0.4142135622143602
 10
627.1557820749673
 20
117.2613561490829
 10
627.3133556675994
 20
117.4189297421387
 42
-0.4142135624329394
 10
627.3557820744748
 20
117.4189297421852
 10
627.513355668023
 20
117.261356149037
 42
0.4142135622345701
 10
627.5557820748843
 20
117.2613561490757
 10
627.7133556676532
 20
117.4189297420727
 42
-0.4142135631275263
 10
627.7557820745792
 20
117.4189297420516
  0
LWPOLYLINE
  5
180EC
330
1F
100
AcDbEntity
  8
RCK_钼铝钼_MASK
100
AcDbPolyline
 90
        4
 70
     1
 43
0.0
 10
624.6921048026193
 20
107.9689872421411
 10
630.7061048026183
 20
107.9689872421411
 10
630.7061048026183
 20
111.8612372421383
 10
624.6921048026193
 20
111.8612372421383
  0
LWPOLYLINE
  5
180ED
330
1F
100
AcDbEntity
  8
RCK_钼铝钼_MASK
100
AcDbPolyline
 90
        4
 70
     1
 43
0.0
 10
624.6921048026193
 20
111.94123724214
 10
630.7061048026183
 20
111.94123724214
 10
630.7061048026183
 20
113.19123724214
 10
624.6921048026193
 20
113.19123724214
  0
LWPOLYLINE
  5
180EE
330
1F
100
AcDbEntity
  8
RCK_钼铝钼_MASK
100
AcDbPolyline
 90
        4
 70
     1
 43
0.0
 10
624.6921048026193
 20
113.2712372421418
 10
630.7061048026183
 20
113.2712372421418
 10
630.7061048026183
 20
114.5212372421418
 10
624.6921048026193
 20
114.5212372421418
  0
LWPOLYLINE
  5
180EF
330
1F
100
AcDbEntity
  8
RCK_钼铝钼_MASK
100
AcDbPolyline
 90
       10
 70
     1
 43
0.0
 10
630.7061048026183
 20
114.6012372421399
 10
624.6921048026193
 20
114.6012372421399
 10
624.6921048026193
 20
115.3786702421392
 10
626.1916048026172
 20
117.42798724214
 10
626.6312845999896
 20
117.4279872421401
 10
626.6312845999896
 20
115.3677165387286
 10
628.7530003648185
 20
115.3677165387286
 10
628.7530003648185
 20
117.42798724214
 10
629.2066048026204
 20
117.42798724214
 10
630.7061048026183
 20
115.3786702421392
  0
LWPOLYLINE
  5
180F0
330
1F
100
AcDbEntity
  8
RCK_钼铝钼_MASK
100
AcDbPolyline
 90
        4
 70
     1
 43
0.0
 10
632.3515162027537
 20
107.9689872421411
 10
638.365516202753
 20
107.9689872421411
 10
638.365516202753
 20
111.8612372421383
 10
632.3515162027537
 20
111.8612372421383
  0
LWPOLYLINE
  5
180F1
330
1F
100
AcDbEntity
  8
RCK_钼铝钼_MASK
100
AcDbPolyline
 90
        4
 70
     1
 43
0.0
 10
632.3515162027537
 20
111.94123724214
 10
638.365516202753
 20
111.94123724214
 10
638.365516202753
 20
113.19123724214
 10
632.3515162027537
 20
113.19123724214
  0
LWPOLYLINE
  5
180F2
330
1F
100
AcDbEntity
  8
RCK_钼铝钼_MASK
100
AcDbPolyline
 90
        4
 70
     1
 43
0.0
 10
632.3515162027537
 20
113.2712372421418
 10
638.365516202753
 20
113.2712372421418
 10
638.365516202753
 20
114.5212372421418
 10
632.3515162027537
 20
114.5212372421418
  0
LWPOLYLINE
  5
180F3
330
1F
100
AcDbEntity
  8
RCK_钼铝钼_MASK
100
AcDbPolyline
 90
       10
 70
     1
 43
0.0
 10
638.365516202753
 20
114.6012372421399
 10
632.3515162027537
 20
114.6012372421399
 10
632.3515162027537
 20
115.3786702421392
 10
633.8510162027517
 20
117.42798724214
 10
634.2906960001243
 20
117.4279872421401
 10
634.2906960001243
 20
115.3677165387286
 10
636.412411764953
 20
115.3677165387286
 10
636.412411764953
 20
117.42798724214
 10
636.8660162027547
 20
117.42798724214
 10
638.365516202753
 20
115.3786702421392
  0
LWPOLYLINE
  5
180F4
330
1F
100
AcDbEntity
  8
RCK_钼铝钼_MASK
100
AcDbPolyline
 90
        4
 70
     1
 43
0.0
 10
640.0109276028882
 20
107.9689872421411
 10
646.0249276028876
 20
107.9689872421411
 10
646.0249276028876
 20
111.8612372421383
 10
640.0109276028882
 20
111.8612372421383
  0
LWPOLYLINE
  5
180F5
330
1F
100
AcDbEntity
  8
RCK_钼铝钼_MASK
100
AcDbPolyline
 90
        4
 70
     1
 43
0.0
 10
640.0109276028882
 20
111.94123724214
 10
646.0249276028876
 20
111.94123724214
 10
646.0249276028876
 20
113.19123724214
 10
640.0109276028882
 20
113.19123724214
  0
LWPOLYLINE
  5
180F6
330
1F
100
AcDbEntity
  8
RCK_钼铝钼_MASK
100
AcDbPolyline
 90
        4
 70
     1
 43
0.0
 10
640.0109276028882
 20
113.2712372421418
 10
646.0249276028876
 20
113.2712372421418
 10
646.0249276028876
 20
114.5212372421418
 10
640.0109276028882
 20
114.5212372421418
  0
LWPOLYLINE
  5
180F7
330
1F
100
AcDbEntity
  8
RCK_钼铝钼_MASK
100
AcDbPolyline
 90
       10
 70
     1
 43
0.0
 10
646.0249276028876
 20
114.6012372421399
 10
640.0109276028882
 20
114.6012372421399
 10
640.0109276028882
 20
115.3786702421392
 10
641.5104276028865
 20
117.42798724214
 10
641.9501074002587
 20
117.4279872421401
 10
641.9501074002587
 20
115.3677165387286
 10
644.0718231650876
 20
115.3677165387286
 10
644.0718231650876
 20
117.42798724214
 10
644.5254276028895
 20
117.42798724214
 10
646.0249276028876
 20
115.3786702421392
  0
LWPOLYLINE
  5
180F9
330
1F
100
AcDbEntity
  8
RCK_钼铝钼_MASK
100
AcDbPolyline
 90
       46
 70
     1
 43
0.0
 10
621.1130864395284
 20
134.2817475265804
 10
620.9555128462475
 20
134.1241739335785
 42
0.4142135615725544
 10
620.9555128462207
 20
134.0817475267654
 10
621.1130864395149
 20
133.9241739328148
 42
-0.4142135621456866
 10
621.1130864394545
 20
133.88174752596
 10
620.9555128464894
 20
133.7241739333833
 42
0.4142135631267414
 10
620.9555128464683
 20
133.6817475264575
 10
621.1130864394654
 20
133.5241739339338
 42
-0.4142135622343738
 10
621.113086439504
 20
133.4817475270726
 10
620.9555128463557
 20
133.3241739335246
 42
0.4142135624333318
 10
620.9555128464025
 20
133.2817475266491
 10
621.1130864394582
 20
133.1241739340169
 42
-0.4142135622145568
 10
621.1130864395133
 20
133.0817475271572
 10
621.0015178968775
 20
132.9701789841184
 42
0.1989123673174978
 10
620.9927311003516
 20
132.9489657807211
 10
620.992731100758
 20
132.6896764227792
 42
0.4142135619144138
 10
621.0227311007579
 20
132.6596764228263
 10
622.8175839507346
 20
132.6596764228263
 42
0.4142135627468664
 10
622.8475839507344
 20
132.6896764228645
 10
622.8475839503678
 20
132.9772500522141
 42
-0.1989123677118371
 10
622.8563707469325
 20
132.998463255688
 10
622.9396550181747
 20
133.08174752693
 42
0.4142135623730951
 10
622.939655018175
 20
133.1241739338012
 10
622.7820814250454
 20
133.2817475269315
 42
-0.4142135623770196
 10
622.782081425046
 20
133.324173933803
 10
622.93965501818
 20
133.4817475269268
 42
0.4142135623183524
 10
622.9396550181848
 20
133.5241739337941
 10
622.7820814250402
 20
133.6817475270207
 42
-0.4142135624209704
 10
622.7820814250531
 20
133.7241739338954
 10
622.9396550181427
 20
133.881747527096
 42
0.4142135626069785
 10
622.9396550181437
 20
133.9241739339842
 10
622.7820814250951
 20
134.0817475266044
 42
-0.4142135623183524
 10
622.7820814250407
 20
134.1241739334717
 10
622.939655018186
 20
134.2817475271601
 42
0.4142135622883318
 10
622.9396550181269
 20
134.3241739340252
 10
622.8563707470855
 20
134.4074582047955
 42
-0.1989123678028003
 10
622.8475839504865
 20
134.4286714082657
 10
622.8475839504865
 20
134.6313921877529
 42
0.4142135623733726
 10
622.8175839504865
 20
134.6613921877529
 10
622.7724368005182
 20
134.6613921877529
 10
622.7124368005184
 20
134.6613921877529
 10
621.0227311004526
 20
134.6613921877529
 42
0.4142135623730951
 10
620.9927311004527
 20
134.6313921877529
 10
620.9927311004527
 20
134.4569556794632
 42
0.1989123672720327
 10
621.0015178970084
 20
134.4357424760365
 10
621.1130864394795
 20
134.3241739334729
 42
-0.4142135626672154
  0
LWPOLYLINE
  5
180FA
330
1F
100
AcDbEntity
  8
RCK_钼铝钼_MASK
100
AcDbPolyline
 90
       44
 70
     1
 43
0.0
 10
631.1846299107227
 20
130.9111839626343
 10
631.3422035035902
 20
130.7536103695144
 42
0.414213562529279
 10
631.3846299104727
 20
130.7536103694943
 10
631.5422035034064
 20
130.9111839626431
 42
-0.414213562768264
 10
631.584629910306
 20
130.911183962603
 10
631.7422035035312
 20
130.753610369499
 42
0.414213562180416
 10
631.7846299103885
 20
130.7536103694506
 10
631.9422035036303
 20
130.9111839626064
 42
-0.414213561665166
 10
631.9846299104503
 20
130.9111839626212
 10
632.142203503843
 20
130.7536103694925
 42
0.4142135623369922
 10
632.1846299107114
 20
130.7536103695481
 10
632.3191274033139
 20
130.8881078625454
 42
-0.1989123677612916
 10
632.3403406067807
 20
130.8968946591409
 10
632.4918482006125
 20
130.8968946591409
 42
0.4142135623730951
 10
632.5218482006127
 20
130.9268946591409
 10
632.5218482006127
 20
132.6917475090322
 42
0.4142135623729362
 10
632.4918482006125
 20
132.7217475090323
 10
632.3386248779724
 20
132.7217475090323
 42
0.1989123678561777
 10
632.3174116744977
 20
132.7129607124291
 10
632.1846299107503
 20
132.5801789481949
 42
-0.4142135626411193
 10
632.1422035038598
 20
132.5801789481442
 10
631.9846299103133
 20
132.7377525414295
 42
0.4142135615809915
 10
631.9422035034995
 20
132.7377525414491
 10
631.7846299095313
 20
132.5801789481523
 42
-0.4142135623658352
 10
631.7422035026607
 20
132.5801789482315
 10
631.5846299103715
 20
132.7377525411844
 42
0.41421356312733
 10
631.5422035034457
 20
132.7377525412055
 10
631.3846299106764
 20
132.5801789482085
 42
-0.4142135622345703
 10
631.3422035038154
 20
132.5801789481698
 10
631.1846299102674
 20
132.7377525413179
 42
0.4142135624333318
 10
631.1422035033919
 20
132.7377525412715
 10
630.9846299107597
 20
132.5801789482157
 42
-0.4142135622147528
 10
630.9422035039001
 20
132.5801789481605
 10
630.809421739086
 20
132.7129607125054
 42
0.1989123669205486
 10
630.7882085356879
 20
132.7217475090323
 10
630.5501324357817
 20
132.7217475090323
 42
0.4142135623730951
 10
630.5201324357817
 20
132.6917475090323
 10
630.5201324357817
 20
130.926894659141
 42
0.4142135623730594
 10
630.5501324357817
 20
130.8968946591409
 10
630.7864928070894
 20
130.8968946591409
 42
-0.1989123671006009
 10
630.8077060105022
 20
130.8881078625993
 10
630.9422035038911
 20
130.7536103694991
 42
0.4142135623728989
 10
630.9846299107622
 20
130.7536103694991
 10
631.142203503832
 20
130.9111839626155
 42
-0.414213562641904
  0
LWPOLYLINE
  5
180FB
330
1F
100
AcDbEntity
  8
RCK_钼铝钼_MASK
100
AcDbPolyline
 90
       44
 70
     1
 43
0.0
 10
631.1846299107227
 20
128.9963311127429
 10
631.3422035035902
 20
128.838757519623
 42
0.414213562529279
 10
631.3846299104727
 20
128.838757519603
 10
631.5422035034064
 20
128.9963311127517
 42
-0.414213562768264
 10
631.584629910306
 20
128.9963311127116
 10
631.7422035035312
 20
128.8387575196076
 42
0.414213562180416
 10
631.7846299103885
 20
128.8387575195592
 10
631.9422035036303
 20
128.996331112715
 42
-0.414213561665166
 10
631.9846299104503
 20
128.9963311127298
 10
632.142203503843
 20
128.8387575196011
 42
0.4142135623369922
 10
632.1846299107114
 20
128.8387575196567
 10
632.3191274033139
 20
128.973255012654
 42
-0.1989123677612916
 10
632.3403406067807
 20
128.9820418092495
 10
632.4918482006125
 20
128.9820418092495
 42
0.4142135623730951
 10
632.5218482006127
 20
129.0120418092495
 10
632.5218482006127
 20
130.7768946591409
 42
0.4142135623729362
 10
632.4918482006125
 20
130.8068946591409
 10
632.3386248779724
 20
130.8068946591409
 42
0.1989123678561777
 10
632.3174116744977
 20
130.7981078625377
 10
632.1846299107503
 20
130.6653260983035
 42
-0.4142135626411193
 10
632.1422035038598
 20
130.6653260982528
 10
631.9846299103133
 20
130.8228996915381
 42
0.4142135615809915
 10
631.9422035034995
 20
130.8228996915577
 10
631.7846299095313
 20
130.665326098261
 42
-0.4142135623658352
 10
631.7422035026607
 20
130.6653260983401
 10
631.5846299103715
 20
130.8228996912931
 42
0.41421356312733
 10
631.5422035034457
 20
130.8228996913141
 10
631.3846299106764
 20
130.6653260983171
 42
-0.4142135622345703
 10
631.3422035038154
 20
130.6653260982785
 10
631.1846299102674
 20
130.8228996914265
 42
0.4142135624333318
 10
631.1422035033919
 20
130.8228996913801
 10
630.9846299107597
 20
130.6653260983243
 42
-0.4142135622147528
 10
630.9422035039001
 20
130.6653260982691
 10
630.809421739086
 20
130.798107862614
 42
0.1989123669205486
 10
630.7882085356879
 20
130.8068946591409
 10
630.5501324357817
 20
130.8068946591409
 42
0.4142135623730951
 10
630.5201324357817
 20
130.7768946591409
 10
630.5201324357817
 20
129.0120418092496
 42
0.4142135623730594
 10
630.5501324357817
 20
128.9820418092496
 10
630.7864928070894
 20
128.9820418092495
 42
-0.1989123671006009
 10
630.8077060105022
 20
128.9732550127079
 10
630.9422035038911
 20
128.8387575196077
 42
0.4142135623728989
 10
630.9846299107622
 20
128.8387575196077
 10
631.142203503832
 20
128.9963311127241
 42
-0.414213562641904
  0
LWPOLYLINE
  5
180FC
330
1F
100
AcDbEntity
  8
RCK_钼铝钼_MASK
100
AcDbPolyline
 90
       62
 70
     1
 43
0.0
 10
619.6963706747952
 20
127.0814782628511
 10
619.8539442676626
 20
126.9239046697311
 42
0.414213562529279
 10
619.8963706745453
 20
126.9239046697111
 10
620.0539442674787
 20
127.0814782628599
 42
-0.4142135627680677
 10
620.0963706743786
 20
127.0814782628198
 10
620.2539442676037
 20
126.9239046697158
 42
0.414213562180416
 10
620.2963706744609
 20
126.9239046696674
 10
620.4539442677027
 20
127.0814782628232
 42
-0.414213561665166
 10
620.4963706745228
 20
127.0814782628379
 10
620.6539442679156
 20
126.9239046697093
 42
0.4142135623369922
 10
620.6963706747842
 20
126.9239046697649
 10
620.8308681673866
 20
127.0584021627621
 42
-0.1989123677612916
 10
620.8520813708532
 20
127.0671889593577
 10
620.9027311005079
 20
127.0671889593577
 42
0.4142135627468664
 10
620.9327311005079
 20
127.097188959396
 10
620.9327311003351
 20
127.2326915025393
 42
-0.1989123677118371
 10
620.9415178968995
 20
127.2539047060132
 10
621.0248021681421
 20
127.3371889772552
 42
0.4142135623730951
 10
621.0248021681421
 20
127.3796153841264
 10
620.8672285750127
 20
127.5371889772567
 42
-0.4142135623778044
 10
620.8672285750132
 20
127.5796153841282
 10
621.0248021681472
 20
127.737188977252
 42
0.4142135623183524
 10
621.0248021681517
 20
127.7796153841193
 10
620.8672285750075
 20
127.9371889773459
 42
-0.4142135624209704
 10
620.8672285750203
 20
127.9796153842206
 10
621.02480216811
 20
128.1371889774212
 42
0.4142135626069785
 10
621.0248021681109
 20
128.1796153843094
 10
620.8672285750622
 20
128.3371889769296
 42
-0.4142135623183524
 10
620.8672285750081
 20
128.3796153837969
 10
621.0248021681532
 20
128.5371889774853
 42
0.4142135622891167
 10
621.0248021680938
 20
128.5796153843504
 10
620.9415178970525
 20
128.6628996551207
 42
-0.1989123678030762
 10
620.9327311004536
 20
128.6841128585908
 10
620.9327311004536
 20
128.8868336380781
 42
0.4142135623731888
 10
620.9027311004537
 20
128.9168336380781
 10
619.1078782504197
 20
128.9168336380781
 42
0.4142135623730951
 10
619.0778782504199
 20
128.8868336380781
 10
619.0778782504199
 20
128.7123971297885
 42
0.1989123672719604
 10
619.0866650469756
 20
128.6911839263617
 10
619.1982335894468
 20
128.5796153837981
 42
-0.4142135626672154
 10
619.1982335894954
 20
128.5371889769056
 10
619.0406599962147
 20
128.3796153839037
 42
0.4142135615725544
 10
619.0406599961877
 20
128.3371889770906
 10
619.1982335894821
 20
128.17961538314
 42
-0.4142135621456866
 10
619.1982335894214
 20
128.1371889762852
 10
619.0406599964567
 20
127.9796153837085
 42
0.4142135631275261
 10
619.0406599964354
 20
127.9371889767827
 10
619.1982335894326
 20
127.7796153842589
 42
-0.4142135622351587
 10
619.1982335894713
 20
127.7371889773978
 10
619.0406599963232
 20
127.5796153838498
 42
0.4142135624333318
 10
619.0406599963696
 20
127.5371889769743
 10
619.1982335894254
 20
127.3796153843421
 42
-0.4142135622145568
 10
619.1982335894805
 20
127.3371889774824
 10
619.0866650468448
 20
127.2256204344436
 42
0.1989123673174978
 10
619.0778782503188
 20
127.2044072310463
 10
619.0778782504867
 20
127.0971889593107
 42
0.4142135619141362
 10
619.1078782504868
 20
127.0671889593577
 10
619.298233571162
 20
127.0671889593577
 42
-0.1989123671007451
 10
619.3194467745747
 20
127.058402162816
 10
619.4539442679634
 20
126.9239046697159
 42
0.4142135623732912
 10
619.4963706748349
 20
126.9239046697158
 10
619.6539442679047
 20
127.0814782628322
 42
-0.414213562641904
  0
LWPOLYLINE
  5
180FD
330
1F
100
AcDbEntity
  8
RCK_钼铝钼_MASK
100
AcDbPolyline
 90
       62
 70
     1
 43
0.0
 10
629.2706349249554
 20
127.0814782628509
 10
629.4282085178227
 20
126.923904669731
 42
0.414213562529279
 10
629.4706349247051
 20
126.9239046697109
 10
629.6282085176387
 20
127.0814782628597
 42
-0.4142135627680677
 10
629.6706349245387
 20
127.0814782628196
 10
629.8282085177637
 20
126.9239046697156
 42
0.414213562180416
 10
629.8706349246208
 20
126.9239046696672
 10
630.0282085178628
 20
127.081478262823
 42
-0.414213561665166
 10
630.0706349246827
 20
127.0814782628378
 10
630.2282085180756
 20
126.9239046697092
 42
0.4142135623369922
 10
630.2706349249442
 20
126.9239046697647
 10
630.4051324175465
 20
127.058402162762
 42
-0.1989123677612916
 10
630.4263456210133
 20
127.0671889593575
 10
630.4769953506677
 20
127.0671889593575
 42
0.4142135627468664
 10
630.5069953506679
 20
127.0971889593958
 10
630.5069953504951
 20
127.2326915025391
 42
-0.1989123677118371
 10
630.5157821470594
 20
127.253904706013
 10
630.599066418302
 20
127.337188977255
 42
0.4142135623730951
 10
630.5990664183021
 20
127.3796153841262
 10
630.4414928251729
 20
127.5371889772566
 42
-0.4142135623778044
 10
630.441492825173
 20
127.579615384128
 10
630.599066418307
 20
127.7371889772519
 42
0.4142135623183524
 10
630.5990664183117
 20
127.7796153841191
 10
630.4414928251674
 20
127.9371889773458
 42
-0.4142135624209704
 10
630.4414928251802
 20
127.9796153842204
 10
630.59906641827
 20
128.1371889774211
 42
0.4142135626069785
 10
630.5990664182709
 20
128.1796153843092
 10
630.4414928252222
 20
128.3371889769295
 42
-0.4142135623183524
 10
630.441492825168
 20
128.3796153837967
 10
630.5990664183132
 20
128.537188977485
 42
0.4142135622891167
 10
630.5990664182541
 20
128.5796153843502
 10
630.5157821472126
 20
128.6628996551205
 42
-0.1989123678030762
 10
630.5069953506134
 20
128.6841128585907
 10
630.5069953506134
 20
128.8868336380779
 42
0.4142135623731888
 10
630.4769953506136
 20
128.9168336380779
 10
628.6821425005797
 20
128.9168336380779
 42
0.4142135623730951
 10
628.6521425005799
 20
128.8868336380779
 10
628.6521425005799
 20
128.7123971297883
 42
0.1989123672719604
 10
628.6609292971355
 20
128.6911839263615
 10
628.7724978396068
 20
128.5796153837979
 42
-0.4142135626672154
 10
628.7724978396552
 20
128.5371889769054
 10
628.6149242463745
 20
128.3796153839035
 42
0.4142135615725544
 10
628.614924246348
 20
128.3371889770904
 10
628.772497839642
 20
128.1796153831398
 42
-0.4142135621456866
 10
628.7724978395815
 20
128.137188976285
 10
628.6149242466166
 20
127.9796153837084
 42
0.4142135631275261
 10
628.6149242465953
 20
127.9371889767825
 10
628.7724978395925
 20
127.7796153842588
 42
-0.4142135622351587
 10
628.7724978396311
 20
127.7371889773976
 10
628.6149242464831
 20
127.5796153838496
 42
0.4142135624333318
 10
628.6149242465296
 20
127.5371889769741
 10
628.7724978395853
 20
127.379615384342
 42
-0.4142135622145568
 10
628.7724978396405
 20
127.3371889774823
 10
628.6609292970048
 20
127.2256204344434
 42
0.1989123673174978
 10
628.6521425004787
 20
127.2044072310462
 10
628.6521425006467
 20
127.0971889593105
 42
0.4142135619141362
 10
628.6821425006467
 20
127.0671889593576
 10
628.8724978213219
 20
127.0671889593575
 42
-0.1989123671007451
 10
628.8937110247347
 20
127.0584021628159
 10
629.0282085181236
 20
126.9239046697157
 42
0.4142135623732912
 10
629.0706349249947
 20
126.9239046697157
 10
629.2282085180646
 20
127.0814782628321
 42
-0.414213562641904
  0
LWPOLYLINE
  5
180FE
330
1F
100
AcDbEntity
  8
RCK_钼铝钼_MASK
100
AcDbPolyline
 90
       62
 70
     1
 43
0.0
 10
627.3557820749117
 20
127.08147825985
 10
627.513355667779
 20
126.9239046667301
 42
0.414213562529279
 10
627.5557820746613
 20
126.9239046667101
 10
627.7133556675952
 20
127.0814782598588
 42
-0.4142135627680677
 10
627.755782074495
 20
127.0814782598187
 10
627.9133556677201
 20
126.9239046667147
 42
0.414213562180416
 10
627.9557820745774
 20
126.9239046666664
 10
628.1133556678192
 20
127.0814782598221
 42
-0.414213561665166
 10
628.1557820746391
 20
127.0814782598369
 10
628.313355668032
 20
126.9239046667083
 42
0.4142135623369922
 10
628.3557820749006
 20
126.9239046667639
 10
628.4902795675027
 20
127.0584021597611
 42
-0.1989123677612916
 10
628.5114927709696
 20
127.0671889563566
 10
628.5621425006241
 20
127.0671889563566
 42
0.4142135627468664
 10
628.5921425006242
 20
127.0971889563949
 10
628.5921425004515
 20
127.2326914995382
 42
-0.1989123677118371
 10
628.6009292970158
 20
127.253904703012
 10
628.6842135682583
 20
127.3371889742541
 42
0.4142135623730951
 10
628.6842135682583
 20
127.3796153811253
 10
628.5266399751292
 20
127.5371889742556
 42
-0.4142135623778044
 10
628.5266399751296
 20
127.579615381127
 10
628.6842135682636
 20
127.737188974251
 42
0.4142135623183524
 10
628.6842135682682
 20
127.7796153811182
 10
628.5266399751239
 20
127.9371889743449
 42
-0.4142135624209704
 10
628.5266399751367
 20
127.9796153812195
 10
628.6842135682262
 20
128.1371889744202
 42
0.4142135626069785
 10
628.6842135682274
 20
128.1796153813083
 10
628.5266399751788
 20
128.3371889739286
 42
-0.4142135623183524
 10
628.5266399751242
 20
128.3796153807958
 10
628.6842135682697
 20
128.5371889744842
 42
0.4142135622891167
 10
628.6842135682102
 20
128.5796153813493
 10
628.6009292971689
 20
128.6628996521196
 42
-0.1989123678030762
 10
628.59214250057
 20
128.6841128555898
 10
628.59214250057
 20
128.886833635077
 42
0.4142135623731888
 10
628.5621425005698
 20
128.916833635077
 10
626.7672896505363
 20
128.916833635077
 42
0.4142135623730951
 10
626.7372896505364
 20
128.886833635077
 10
626.7372896505364
 20
128.7123971267874
 42
0.1989123672719604
 10
626.7460764470919
 20
128.6911839233606
 10
626.8576449895631
 20
128.579615380797
 42
-0.4142135626672154
 10
626.8576449896117
 20
128.5371889739045
 10
626.7000713963311
 20
128.3796153809027
 42
0.4142135615725544
 10
626.7000713963042
 20
128.3371889740895
 10
626.8576449895983
 20
128.1796153801389
 42
-0.4142135621456866
 10
626.8576449895379
 20
128.1371889732841
 10
626.7000713965731
 20
127.9796153807075
 42
0.4142135631275261
 10
626.7000713965519
 20
127.9371889737816
 10
626.8576449895491
 20
127.7796153812579
 42
-0.4142135622351587
 10
626.8576449895873
 20
127.7371889743967
 10
626.7000713964396
 20
127.5796153808487
 42
0.4142135624333318
 10
626.700071396486
 20
127.5371889739732
 10
626.8576449895418
 20
127.3796153813411
 42
-0.4142135622145568
 10
626.857644989597
 20
127.3371889744814
 10
626.7460764469611
 20
127.2256204314425
 42
0.1989123673174978
 10
626.737289650435
 20
127.2044072280453
 10
626.7372896506031
 20
127.0971889563097
 42
0.4142135619141362
 10
626.767289650603
 20
127.0671889563567
 10
626.9576449712782
 20
127.0671889563566
 42
-0.1989123671007451
 10
626.9788581746911
 20
127.058402159815
 10
627.1133556680799
 20
126.9239046667148
 42
0.4142135623732912
 10
627.1557820749513
 20
126.9239046667147
 10
627.3133556680211
 20
127.0814782598312
 42
-0.414213562641904
  0
LWPOLYLINE
  5
180FF
330
1F
100
AcDbEntity
  8
RCK_钼铝钼_MASK
100
AcDbPolyline
 90
       62
 70
     1
 43
0.0
 10
625.4409292248681
 20
127.0814782598516
 10
625.5985028177355
 20
126.9239046667317
 42
0.414213562529279
 10
625.640929224618
 20
126.9239046667117
 10
625.7985028175517
 20
127.0814782598605
 42
-0.4142135627680677
 10
625.8409292244512
 20
127.0814782598204
 10
625.9985028176766
 20
126.9239046667164
 42
0.414213562180416
 10
626.0409292245338
 20
126.923904666668
 10
626.1985028177755
 20
127.0814782598237
 42
-0.414213561665166
 10
626.2409292245952
 20
127.0814782598385
 10
626.3985028179884
 20
126.9239046667099
 42
0.4142135623369922
 10
626.4409292248569
 20
126.9239046667655
 10
626.5754267174592
 20
127.0584021597627
 42
-0.1989123677612916
 10
626.596639920926
 20
127.0671889563583
 10
626.6472896505805
 20
127.0671889563583
 42
0.4142135627468664
 10
626.6772896505806
 20
127.0971889563965
 10
626.6772896504077
 20
127.2326914995398
 42
-0.1989123677118371
 10
626.6860764469724
 20
127.2539047030138
 10
626.7693607182146
 20
127.3371889742558
 42
0.4142135623730951
 10
626.7693607182149
 20
127.379615381127
 10
626.6117871250854
 20
127.5371889742573
 42
-0.4142135623778044
 10
626.611787125086
 20
127.5796153811288
 10
626.76936071822
 20
127.7371889742526
 42
0.4142135623183524
 10
626.7693607182247
 20
127.7796153811198
 10
626.6117871250802
 20
127.9371889743465
 42
-0.4142135624209704
 10
626.6117871250932
 20
127.9796153812212
 10
626.7693607181826
 20
128.1371889744218
 42
0.4142135626069785
 10
626.7693607181837
 20
128.17961538131
 10
626.6117871251351
 20
128.3371889739302
 42
-0.4142135623183524
 10
626.6117871250806
 20
128.3796153807975
 10
626.7693607182258
 20
128.5371889744859
 42
0.4142135622891167
 10
626.7693607181669
 20
128.579615381351
 10
626.6860764471252
 20
128.6628996521213
 42
-0.1989123678030762
 10
626.6772896505265
 20
128.6841128555915
 10
626.6772896505265
 20
128.8868336350787
 42
0.4142135623731888
 10
626.6472896505265
 20
128.9168336350787
 10
624.8524368004928
 20
128.9168336350787
 42
0.4142135623730951
 10
624.8224368004928
 20
128.8868336350787
 10
624.8224368004928
 20
128.7123971267891
 42
0.1989123672719604
 10
624.8312235970484
 20
128.6911839233623
 10
624.9427921395195
 20
128.5796153807987
 42
-0.4142135626672154
 10
624.9427921395684
 20
128.5371889739062
 10
624.7852185462875
 20
128.3796153809042
 42
0.4142135615725544
 10
624.7852185462607
 20
128.3371889740912
 10
624.9427921395549
 20
128.1796153801406
 42
-0.4142135621456866
 10
624.9427921394944
 20
128.1371889732858
 10
624.7852185465291
 20
127.9796153807091
 42
0.4142135631275261
 10
624.7852185465083
 20
127.9371889737833
 10
624.9427921395054
 20
127.7796153812595
 42
-0.4142135622351587
 10
624.9427921395438
 20
127.7371889743984
 10
624.7852185463957
 20
127.5796153808504
 42
0.4142135624333318
 10
624.7852185464424
 20
127.5371889739749
 10
624.9427921394982
 20
127.3796153813427
 42
-0.4142135622145568
 10
624.9427921395533
 20
127.337188974483
 10
624.8312235969176
 20
127.2256204314442
 42
0.1989123673174978
 10
624.8224368003914
 20
127.2044072280469
 10
624.8224368005593
 20
127.0971889563113
 42
0.4142135619141362
 10
624.8524368005594
 20
127.0671889563583
 10
625.0427921212347
 20
127.0671889563583
 42
-0.1989123671007451
 10
625.0640053246475
 20
127.0584021598166
 10
625.1985028180362
 20
126.9239046667165
 42
0.4142135623732912
 10
625.2409292249076
 20
126.9239046667164
 10
625.3985028179775
 20
127.0814782598328
 42
-0.414213562641904
  0
LWPOLYLINE
  5
18100
330
1F
100
AcDbEntity
  8
RCK_钼铝钼_MASK
100
AcDbPolyline
 90
       62
 70
     1
 43
0.0
 10
623.5260763748246
 20
127.0814782538482
 10
623.6836499676917
 20
126.9239046607283
 42
0.414213562529279
 10
623.7260763745744
 20
126.9239046607083
 10
623.883649967508
 20
127.081478253857
 42
-0.4142135627680677
 10
623.9260763744079
 20
127.0814782538169
 10
624.0836499676329
 20
126.9239046607129
 42
0.414213562180416
 10
624.1260763744902
 20
126.9239046606646
 10
624.283649967732
 20
127.0814782538203
 42
-0.414213561665166
 10
624.3260763745517
 20
127.0814782538351
 10
624.4836499679449
 20
126.9239046607065
 42
0.4142135623369922
 10
624.5260763748132
 20
126.9239046607621
 10
624.6605738674158
 20
127.0584021537593
 42
-0.1989123677612916
 10
624.6817870708825
 20
127.0671889503548
 10
624.7324368005371
 20
127.0671889503548
 42
0.4142135627468664
 10
624.7624368005371
 20
127.0971889503931
 10
624.7624368003644
 20
127.2326914935364
 42
-0.1989123677118371
 10
624.7712235969287
 20
127.2539046970103
 10
624.8545078681711
 20
127.3371889682523
 42
0.4142135623730951
 10
624.8545078681712
 20
127.3796153751235
 10
624.696934275042
 20
127.5371889682539
 42
-0.4142135623778044
 10
624.6969342750424
 20
127.5796153751253
 10
624.8545078681764
 20
127.7371889682492
 42
0.4142135623183524
 10
624.8545078681811
 20
127.7796153751164
 10
624.6969342750368
 20
127.937188968343
 42
-0.4142135624209704
 10
624.6969342750493
 20
127.9796153752177
 10
624.8545078681392
 20
128.1371889684184
 42
0.4142135626069785
 10
624.8545078681402
 20
128.1796153753065
 10
624.6969342750915
 20
128.3371889679268
 42
-0.4142135623183524
 10
624.6969342750372
 20
128.379615374794
 10
624.8545078681821
 20
128.5371889684824
 42
0.4142135622891167
 10
624.8545078681233
 20
128.5796153753475
 10
624.7712235970817
 20
128.6628996461178
 42
-0.1989123678030762
 10
624.7624368004827
 20
128.684112849588
 10
624.7624368004827
 20
128.8868336290752
 42
0.4142135623731888
 10
624.7324368004829
 20
128.9168336290752
 10
622.9375839504491
 20
128.9168336290752
 42
0.4142135623730951
 10
622.9075839504491
 20
128.8868336290752
 10
622.9075839504491
 20
128.7123971207856
 42
0.1989123672719604
 10
622.9163707470047
 20
128.6911839173588
 10
623.0279392894757
 20
128.5796153747952
 42
-0.4142135626672154
 10
623.0279392895247
 20
128.5371889679027
 10
622.8703656962437
 20
128.3796153749009
 42
0.4142135615725544
 10
622.8703656962172
 20
128.3371889680877
 10
623.0279392895112
 20
128.1796153741371
 42
-0.4142135621456866
 10
623.0279392894507
 20
128.1371889672823
 10
622.8703656964857
 20
127.9796153747057
 42
0.4142135631275261
 10
622.8703656964647
 20
127.9371889677798
 10
623.0279392894617
 20
127.7796153752561
 42
-0.4142135622351587
 10
623.0279392895003
 20
127.7371889683949
 10
622.8703656963522
 20
127.5796153748469
 42
0.4142135624333318
 10
622.8703656963987
 20
127.5371889679714
 10
623.0279392894547
 20
127.3796153753393
 42
-0.4142135622145568
 10
623.0279392895097
 20
127.3371889684796
 10
622.916370746874
 20
127.2256204254407
 42
0.1989123673174978
 10
622.9075839503479
 20
127.2044072220435
 10
622.907583950516
 20
127.0971889503079
 42
0.4142135619141362
 10
622.9375839505157
 20
127.0671889503549
 10
623.127939271191
 20
127.0671889503548
 42
-0.1989123671007451
 10
623.1491524746037
 20
127.0584021538132
 10
623.2836499679929
 20
126.923904660713
 42
0.4142135623732912
 10
623.3260763748639
 20
126.9239046607129
 10
623.4836499679337
 20
127.0814782538294
 42
-0.414213562641904
  0
LWPOLYLINE
  5
18101
330
1F
100
AcDbEntity
  8
RCK_钼铝钼_MASK
100
AcDbPolyline
 90
       62
 70
     1
 43
0.0
 10
621.611223524781
 20
127.0814782538498
 10
621.7687971176482
 20
126.9239046607299
 42
0.414213562529279
 10
621.8112235245307
 20
126.9239046607099
 10
621.9687971174644
 20
127.0814782538587
 42
-0.4142135627680677
 10
622.0112235243642
 20
127.0814782538186
 10
622.1687971175892
 20
126.9239046607146
 42
0.414213562180416
 10
622.2112235244467
 20
126.9239046606662
 10
622.3687971176882
 20
127.0814782538219
 42
-0.414213561665166
 10
622.4112235245082
 20
127.0814782538367
 10
622.5687971179012
 20
126.9239046607081
 42
0.4142135623369922
 10
622.6112235247699
 20
126.9239046607637
 10
622.7457210173721
 20
127.0584021537609
 42
-0.1989123677612916
 10
622.7669342208387
 20
127.0671889503565
 10
622.8175839504936
 20
127.0671889503565
 42
0.4142135627468664
 10
622.8475839504936
 20
127.0971889503947
 10
622.8475839503207
 20
127.232691493538
 42
-0.1989123677118371
 10
622.856370746885
 20
127.253904697012
 10
622.9396550181276
 20
127.337188968254
 42
0.4142135623730951
 10
622.9396550181277
 20
127.3796153751252
 10
622.7820814249985
 20
127.5371889682555
 42
-0.4142135623778044
 10
622.7820814249987
 20
127.579615375127
 10
622.9396550181327
 20
127.7371889682508
 42
0.4142135623183524
 10
622.9396550181375
 20
127.7796153751181
 10
622.782081424993
 20
127.9371889683447
 42
-0.4142135624209704
 10
622.7820814250057
 20
127.9796153752194
 10
622.9396550180958
 20
128.13718896842
 42
0.4142135626069785
 10
622.9396550180966
 20
128.1796153753081
 10
622.7820814250478
 20
128.3371889679284
 42
-0.4142135623183524
 10
622.7820814249936
 20
128.3796153747957
 10
622.9396550181387
 20
128.5371889684841
 42
0.4142135622891167
 10
622.9396550180797
 20
128.5796153753492
 10
622.8563707470382
 20
128.6628996461195
 42
-0.1989123678030762
 10
622.8475839504392
 20
128.6841128495896
 10
622.8475839504392
 20
128.8868336290768
 42
0.4142135623731888
 10
622.8175839504392
 20
128.9168336290769
 10
621.0227311004055
 20
128.9168336290769
 42
0.4142135623730951
 10
620.9927311004055
 20
128.8868336290768
 10
620.9927311004055
 20
128.7123971207873
 42
0.1989123672719604
 10
621.001517896961
 20
128.6911839173605
 10
621.1130864394322
 20
128.5796153747969
 42
-0.4142135626672154
 10
621.1130864394808
 20
128.5371889679044
 10
620.9555128462002
 20
128.3796153749025
 42
0.4142135615725544
 10
620.9555128461736
 20
128.3371889680894
 10
621.1130864394674
 20
128.1796153741388
 42
-0.4142135621456866
 10
621.1130864394069
 20
128.137188967284
 10
620.9555128464423
 20
127.9796153747073
 42
0.4142135631275261
 10
620.9555128464212
 20
127.9371889677815
 10
621.1130864394182
 20
127.7796153752577
 42
-0.4142135622351587
 10
621.1130864394568
 20
127.7371889683966
 10
620.9555128463087
 20
127.5796153748486
 42
0.4142135624333318
 10
620.9555128463553
 20
127.5371889679731
 10
621.113086439411
 20
127.3796153753409
 42
-0.4142135622145568
 10
621.1130864394662
 20
127.3371889684812
 10
621.0015178968302
 20
127.2256204254424
 42
0.1989123673174978
 10
620.9927311003042
 20
127.2044072220451
 10
620.9927311004722
 20
127.0971889503095
 42
0.4142135619141362
 10
621.0227311004722
 20
127.0671889503565
 10
621.2130864211474
 20
127.0671889503565
 42
-0.1989123671007451
 10
621.2342996245602
 20
127.0584021538148
 10
621.3687971179492
 20
126.9239046607147
 42
0.4142135623732912
 10
621.4112235248204
 20
126.9239046607146
 10
621.56879711789
 20
127.081478253831
 42
-0.414213562641904
  0
LWPOLYLINE
  5
18102
330
1F
100
AcDbEntity
  8
RCK_钼铝钼_MASK
100
AcDbPolyline
 90
       62
 70
     1
 43
0.0
 10
633.1003406250307
 20
127.0814782628486
 10
633.2579142178981
 20
126.9239046697287
 42
0.414213562529279
 10
633.3003406247806
 20
126.9239046697087
 10
633.4579142177142
 20
127.0814782628574
 42
-0.4142135627680677
 10
633.5003406246141
 20
127.0814782628173
 10
633.6579142178393
 20
126.9239046697133
 42
0.414213562180416
 10
633.7003406246965
 20
126.923904669665
 10
633.8579142179383
 20
127.0814782628207
 42
-0.414213561665166
 10
633.9003406247582
 20
127.0814782628355
 10
634.057914218151
 20
126.9239046697069
 42
0.4142135623369922
 10
634.1003406250197
 20
126.9239046697625
 10
634.2348381176218
 20
127.0584021627597
 42
-0.1989123677612916
 10
634.2560513210887
 20
127.0671889593552
 10
634.3067010507434
 20
127.0671889593552
 42
0.4142135627468664
 10
634.3367010507432
 20
127.0971889593935
 10
634.3367010505706
 20
127.2326915025368
 42
-0.1989123677118371
 10
634.345487847135
 20
127.2539047060107
 10
634.4287721183775
 20
127.3371889772528
 42
0.4142135623730951
 10
634.4287721183775
 20
127.3796153841239
 10
634.2711985252482
 20
127.5371889772543
 42
-0.4142135623778044
 10
634.2711985252487
 20
127.5796153841257
 10
634.4287721183827
 20
127.7371889772496
 42
0.4142135623183524
 10
634.4287721183872
 20
127.7796153841168
 10
634.271198525243
 20
127.9371889773435
 42
-0.4142135624209704
 10
634.2711985252557
 20
127.9796153842182
 10
634.4287721183452
 20
128.1371889774188
 42
0.4142135626069785
 10
634.4287721183465
 20
128.1796153843069
 10
634.2711985252978
 20
128.3371889769272
 42
-0.4142135623183524
 10
634.2711985252435
 20
128.3796153837945
 10
634.4287721183888
 20
128.5371889774828
 42
0.4142135622891167
 10
634.4287721183294
 20
128.5796153843479
 10
634.3454878472879
 20
128.6628996551183
 42
-0.1989123678030762
 10
634.3367010506892
 20
128.6841128585884
 10
634.3367010506892
 20
128.8868336380756
 42
0.4142135623731888
 10
634.306701050689
 20
128.9168336380756
 10
632.5118482006551
 20
128.9168336380756
 42
0.4142135623730951
 10
632.4818482006555
 20
128.8868336380756
 10
632.4818482006555
 20
128.712397129786
 42
0.1989123672719604
 10
632.490634997211
 20
128.6911839263592
 10
632.6022035396822
 20
128.5796153837956
 42
-0.4142135626672154
 10
632.602203539731
 20
128.5371889769031
 10
632.4446299464502
 20
128.3796153839013
 42
0.4142135615725544
 10
632.4446299464232
 20
128.3371889770881
 10
632.6022035397175
 20
128.1796153831375
 42
-0.4142135621456866
 10
632.602203539657
 20
128.1371889762827
 10
632.4446299466923
 20
127.9796153837061
 42
0.4142135631275261
 10
632.4446299466708
 20
127.9371889767802
 10
632.6022035396682
 20
127.7796153842565
 42
-0.4142135622351587
 10
632.6022035397066
 20
127.7371889773954
 10
632.4446299465587
 20
127.5796153838474
 42
0.4142135624333318
 10
632.4446299466051
 20
127.5371889769718
 10
632.6022035396609
 20
127.3796153843397
 42
-0.4142135622145568
 10
632.6022035397161
 20
127.33718897748
 10
632.4906349970802
 20
127.2256204344412
 42
0.1989123673174978
 10
632.4818482005541
 20
127.2044072310439
 10
632.4818482007223
 20
127.0971889593083
 42
0.4142135619141362
 10
632.5118482007221
 20
127.0671889593553
 10
632.7022035213974
 20
127.0671889593552
 42
-0.1989123671007451
 10
632.7234167248102
 20
127.0584021628136
 10
632.8579142181991
 20
126.9239046697135
 42
0.4142135623732912
 10
632.9003406250704
 20
126.9239046697134
 10
633.0579142181402
 20
127.0814782628298
 42
-0.414213562641904
  0
LWPOLYLINE
  5
18103
330
1F
100
AcDbEntity
  8
RCK_钼铝钼_MASK
100
AcDbPolyline
 90
       62
 70
     1
 43
0.0
 10
642.6746048751907
 20
127.0814782628485
 10
642.8321784680581
 20
126.9239046697285
 42
0.414213562529279
 10
642.8746048749403
 20
126.9239046697085
 10
643.0321784678742
 20
127.0814782628573
 42
-0.4142135627680677
 10
643.0746048747741
 20
127.0814782628172
 10
643.2321784679992
 20
126.9239046697132
 42
0.414213562180416
 10
643.2746048748563
 20
126.9239046696648
 10
643.4321784680982
 20
127.0814782628205
 42
-0.414213561665166
 10
643.4746048749182
 20
127.0814782628353
 10
643.6321784683111
 20
126.9239046697067
 42
0.4142135623369922
 10
643.6746048751797
 20
126.9239046697623
 10
643.8091023677817
 20
127.0584021627595
 42
-0.1989123677612916
 10
643.8303155712487
 20
127.0671889593551
 10
643.8809653009034
 20
127.0671889593551
 42
0.4142135627468664
 10
643.9109653009032
 20
127.0971889593933
 10
643.9109653007306
 20
127.2326915025366
 42
-0.1989123677118371
 10
643.919752097295
 20
127.2539047060105
 10
644.0030363685372
 20
127.3371889772526
 42
0.4142135623730951
 10
644.0030363685375
 20
127.3796153841238
 10
643.8454627754082
 20
127.5371889772541
 42
-0.4142135623778044
 10
643.8454627754087
 20
127.5796153841256
 10
644.0030363685426
 20
127.7371889772494
 42
0.4142135623183524
 10
644.0030363685472
 20
127.7796153841166
 10
643.8454627754029
 20
127.9371889773433
 42
-0.4142135624209704
 10
643.8454627754157
 20
127.979615384218
 10
644.0030363685052
 20
128.1371889774186
 42
0.4142135626069785
 10
644.0030363685064
 20
128.1796153843067
 10
643.8454627754578
 20
128.337188976927
 42
-0.4142135623183524
 10
643.8454627754032
 20
128.3796153837943
 10
644.0030363685487
 20
128.5371889774827
 42
0.4142135622891167
 10
644.0030363684895
 20
128.5796153843478
 10
643.9197520974479
 20
128.6628996551181
 42
-0.1989123678030762
 10
643.9109653008491
 20
128.6841128585882
 10
643.9109653008491
 20
128.8868336380754
 42
0.4142135623731888
 10
643.8809653008489
 20
128.9168336380755
 10
642.0861124508152
 20
128.9168336380755
 42
0.4142135623730951
 10
642.0561124508154
 20
128.8868336380754
 10
642.0561124508154
 20
128.7123971297859
 42
0.1989123672719604
 10
642.0648992473709
 20
128.6911839263591
 10
642.1764677898421
 20
128.5796153837955
 42
-0.4142135626672154
 10
642.1764677898909
 20
128.537188976903
 10
642.0188941966102
 20
128.3796153839011
 42
0.4142135615725544
 10
642.0188941965834
 20
128.3371889770879
 10
642.1764677898774
 20
128.1796153831374
 42
-0.4142135621456866
 10
642.176467789817
 20
128.1371889762825
 10
642.0188941968521
 20
127.9796153837059
 42
0.4142135631275261
 10
642.018894196831
 20
127.9371889767801
 10
642.1764677898281
 20
127.7796153842563
 42
-0.4142135622351587
 10
642.1764677898663
 20
127.7371889773952
 10
642.0188941967186
 20
127.5796153838472
 42
0.4142135624333318
 10
642.0188941967651
 20
127.5371889769717
 10
642.1764677898209
 20
127.3796153843395
 42
-0.4142135622145568
 10
642.176467789876
 20
127.3371889774798
 10
642.0648992472401
 20
127.225620434441
 42
0.1989123673174978
 10
642.056112450714
 20
127.2044072310437
 10
642.0561124508822
 20
127.0971889593081
 42
0.4142135619141362
 10
642.0861124508823
 20
127.0671889593551
 10
642.2764677715572
 20
127.067188959355
 42
-0.1989123671007451
 10
642.2976809749701
 20
127.0584021628134
 10
642.432178468359
 20
126.9239046697133
 42
0.4142135623732912
 10
642.4746048752303
 20
126.9239046697132
 10
642.6321784683001
 20
127.0814782628296
 42
-0.414213562641904
  0
LWPOLYLINE
  5
18104
330
1F
100
AcDbEntity
  8
RCK_钼铝钼_MASK
100
AcDbPolyline
 90
       62
 70
     1
 43
0.0
 10
640.7597520251472
 20
127.0814782598476
 10
640.9173256180145
 20
126.9239046667276
 42
0.414213562529279
 10
640.959752024897
 20
126.9239046667076
 10
641.1173256178307
 20
127.0814782598564
 42
-0.4142135627680677
 10
641.1597520247305
 20
127.0814782598163
 10
641.3173256179558
 20
126.9239046667123
 42
0.414213562180416
 10
641.3597520248129
 20
126.9239046666639
 10
641.5173256180546
 20
127.0814782598197
 42
-0.414213561665166
 10
641.5597520248743
 20
127.0814782598344
 10
641.7173256182675
 20
126.9239046667058
 42
0.4142135623369922
 10
641.7597520251359
 20
126.9239046667614
 10
641.8942495177382
 20
127.0584021597586
 42
-0.1989123677612916
 10
641.9154627212051
 20
127.0671889563542
 10
641.9661124508597
 20
127.0671889563542
 42
0.4142135627468664
 10
641.9961124508597
 20
127.0971889563925
 10
641.9961124506867
 20
127.2326914995357
 42
-0.1989123677118371
 10
642.0048992472514
 20
127.2539047030097
 10
642.0881835184939
 20
127.3371889742517
 42
0.4142135623730951
 10
642.0881835184939
 20
127.3796153811229
 10
641.9306099253645
 20
127.5371889742532
 42
-0.4142135623778044
 10
641.9306099253653
 20
127.5796153811247
 10
642.0881835184991
 20
127.7371889742485
 42
0.4142135623183524
 10
642.0881835185037
 20
127.7796153811157
 10
641.9306099253592
 20
127.9371889743424
 42
-0.4142135624209704
 10
641.9306099253722
 20
127.9796153812171
 10
642.0881835184617
 20
128.1371889744177
 42
0.4142135626069785
 10
642.0881835184627
 20
128.1796153813059
 10
641.9306099254141
 20
128.3371889739262
 42
-0.4142135623183524
 10
641.9306099253599
 20
128.3796153807934
 10
642.088183518505
 20
128.5371889744818
 42
0.4142135622891167
 10
642.0881835184459
 20
128.5796153813469
 10
642.0048992474042
 20
128.6628996521172
 42
-0.1989123678030762
 10
641.9961124508055
 20
128.6841128555874
 10
641.9961124508055
 20
128.8868336350746
 42
0.4142135623731888
 10
641.9661124508055
 20
128.9168336350746
 10
640.1712596007716
 20
128.9168336350746
 42
0.4142135623730951
 10
640.1412596007717
 20
128.8868336350746
 10
640.1412596007717
 20
128.712397126785
 42
0.1989123672719604
 10
640.1500463973274
 20
128.6911839233582
 10
640.2616149397986
 20
128.5796153807946
 42
-0.4142135626672154
 10
640.2616149398474
 20
128.5371889739021
 10
640.1040413465666
 20
128.3796153809002
 42
0.4142135615725544
 10
640.1040413465397
 20
128.3371889740871
 10
640.261614939834
 20
128.1796153801365
 42
-0.4142135621456866
 10
640.2616149397734
 20
128.1371889732817
 10
640.1040413468083
 20
127.979615380705
 42
0.4142135631275261
 10
640.1040413467873
 20
127.9371889737792
 10
640.2616149397845
 20
127.7796153812554
 42
-0.4142135622351587
 10
640.2616149398228
 20
127.7371889743943
 10
640.1040413466751
 20
127.5796153808463
 42
0.4142135624333318
 10
640.1040413467215
 20
127.5371889739708
 10
640.2616149397772
 20
127.3796153813386
 42
-0.4142135622145568
 10
640.2616149398324
 20
127.3371889744789
 10
640.1500463971967
 20
127.2256204314401
 42
0.1989123673174978
 10
640.1412596006704
 20
127.2044072280428
 10
640.1412596008383
 20
127.0971889563072
 42
0.4142135619141362
 10
640.1712596008384
 20
127.0671889563542
 10
640.3616149215137
 20
127.0671889563542
 42
-0.1989123671007451
 10
640.3828281249266
 20
127.0584021598125
 10
640.5173256183152
 20
126.9239046667124
 42
0.4142135623732912
 10
640.5597520251867
 20
126.9239046667123
 10
640.7173256182566
 20
127.0814782598288
 42
-0.414213562641904
  0
LWPOLYLINE
  5
18105
330
1F
100
AcDbEntity
  8
RCK_钼铝钼_MASK
100
AcDbPolyline
 90
       62
 70
     1
 43
0.0
 10
638.8448991751036
 20
127.0814782598492
 10
639.0024727679707
 20
126.9239046667293
 42
0.414213562529279
 10
639.0448991748534
 20
126.9239046667093
 10
639.202472767787
 20
127.081478259858
 42
-0.4142135627680677
 10
639.2448991746869
 20
127.0814782598179
 10
639.4024727679119
 20
126.9239046667139
 42
0.414213562180416
 10
639.4448991747692
 20
126.9239046666656
 10
639.602472768011
 20
127.0814782598213
 42
-0.414213561665166
 10
639.6448991748307
 20
127.0814782598361
 10
639.8024727682239
 20
126.9239046667075
 42
0.4142135623369922
 10
639.8448991750925
 20
126.9239046667631
 10
639.9793966676948
 20
127.0584021597603
 42
-0.1989123677612916
 10
640.0006098711615
 20
127.0671889563558
 10
640.0512596008161
 20
127.0671889563558
 42
0.4142135627468664
 10
640.0812596008161
 20
127.0971889563941
 10
640.0812596006434
 20
127.2326914995374
 42
-0.1989123677118371
 10
640.0900463972077
 20
127.2539047030113
 10
640.1733306684502
 20
127.3371889742533
 42
0.4142135623730951
 10
640.1733306684502
 20
127.3796153811245
 10
640.0157570753211
 20
127.5371889742549
 42
-0.4142135623778044
 10
640.0157570753215
 20
127.5796153811263
 10
640.1733306684555
 20
127.7371889742502
 42
0.4142135623183524
 10
640.1733306684601
 20
127.7796153811174
 10
640.0157570753158
 20
127.9371889743441
 42
-0.4142135624209704
 10
640.0157570753285
 20
127.9796153812187
 10
640.1733306684183
 20
128.1371889744194
 42
0.4142135626069785
 10
640.1733306684192
 20
128.1796153813075
 10
640.0157570753706
 20
128.3371889739278
 42
-0.4142135623183524
 10
640.0157570753163
 20
128.3796153807951
 10
640.1733306684612
 20
128.5371889744834
 42
0.4142135622891167
 10
640.1733306684024
 20
128.5796153813485
 10
640.0900463973608
 20
128.6628996521189
 42
-0.1989123678030762
 10
640.081259600762
 20
128.684112855589
 10
640.081259600762
 20
128.8868336350762
 42
0.4142135623731888
 10
640.051259600762
 20
128.9168336350762
 10
638.2564067507282
 20
128.9168336350762
 42
0.4142135623730951
 10
638.2264067507281
 20
128.8868336350762
 10
638.2264067507281
 20
128.7123971267866
 42
0.1989123672719604
 10
638.2351935472837
 20
128.6911839233598
 10
638.3467620897548
 20
128.5796153807962
 42
-0.4142135626672154
 10
638.3467620898037
 20
128.5371889739037
 10
638.189188496523
 20
128.3796153809019
 42
0.4142135615725544
 10
638.1891884964963
 20
128.3371889740887
 10
638.3467620897902
 20
128.1796153801381
 42
-0.4142135621456866
 10
638.3467620897297
 20
128.1371889732833
 10
638.1891884967649
 20
127.9796153807067
 42
0.4142135631275261
 10
638.1891884967437
 20
127.9371889737808
 10
638.3467620897407
 20
127.7796153812571
 42
-0.4142135622351587
 10
638.3467620897795
 20
127.7371889743959
 10
638.1891884966312
 20
127.5796153808479
 42
0.4142135624333318
 10
638.1891884966777
 20
127.5371889739724
 10
638.3467620897337
 20
127.3796153813403
 42
-0.4142135622145568
 10
638.3467620897889
 20
127.3371889744806
 10
638.2351935471531
 20
127.2256204314417
 42
0.1989123673174978
 10
638.226406750627
 20
127.2044072280445
 10
638.226406750795
 20
127.0971889563089
 42
0.4142135619141362
 10
638.2564067507948
 20
127.0671889563559
 10
638.44676207147
 20
127.0671889563558
 42
-0.1989123671007451
 10
638.4679752748827
 20
127.0584021598142
 10
638.6024727682716
 20
126.923904666714
 42
0.4142135623732912
 10
638.6448991751429
 20
126.923904666714
 10
638.8024727682127
 20
127.0814782598304
 42
-0.414213562641904
  0
LWPOLYLINE
  5
18106
330
1F
100
AcDbEntity
  8
RCK_钼铝钼_MASK
100
AcDbPolyline
 90
       62
 70
     1
 43
0.0
 10
636.9300463250598
 20
127.0814782538458
 10
637.0876199179274
 20
126.9239046607258
 42
0.414213562529279
 10
637.1300463248099
 20
126.9239046607058
 10
637.2876199177435
 20
127.0814782538546
 42
-0.4142135627680677
 10
637.3300463246432
 20
127.0814782538145
 10
637.4876199178682
 20
126.9239046607105
 42
0.414213562180416
 10
637.5300463247257
 20
126.9239046606621
 10
637.6876199179672
 20
127.0814782538179
 42
-0.414213561665166
 10
637.7300463247872
 20
127.0814782538326
 10
637.8876199181802
 20
126.923904660704
 42
0.4142135623369922
 10
637.9300463250489
 20
126.9239046607596
 10
638.0645438176511
 20
127.0584021537568
 42
-0.1989123677612916
 10
638.0857570211177
 20
127.0671889503524
 10
638.1364067507726
 20
127.0671889503524
 42
0.4142135627468664
 10
638.1664067507726
 20
127.0971889503907
 10
638.1664067505997
 20
127.232691493534
 42
-0.1989123677118371
 10
638.175193547164
 20
127.2539046970079
 10
638.2584778184066
 20
127.3371889682499
 42
0.4142135623730951
 10
638.2584778184067
 20
127.3796153751211
 10
638.1009042252775
 20
127.5371889682514
 42
-0.4142135623778044
 10
638.1009042252777
 20
127.5796153751229
 10
638.2584778184117
 20
127.7371889682467
 42
0.4142135623183524
 10
638.2584778184166
 20
127.7796153751139
 10
638.1009042252721
 20
127.9371889683406
 42
-0.4142135624209704
 10
638.1009042252847
 20
127.9796153752153
 10
638.2584778183748
 20
128.1371889684159
 42
0.4142135626069785
 10
638.2584778183757
 20
128.1796153753041
 10
638.1009042253269
 20
128.3371889679242
 42
-0.4142135623183524
 10
638.1009042252726
 20
128.3796153747916
 10
638.2584778184178
 20
128.53718896848
 42
0.4142135622891167
 10
638.2584778183589
 20
128.5796153753451
 10
638.1751935473172
 20
128.6628996461154
 42
-0.1989123678030762
 10
638.1664067507182
 20
128.6841128495856
 10
638.1664067507182
 20
128.8868336290728
 42
0.4142135623731888
 10
638.1364067507184
 20
128.9168336290728
 10
636.3415539006846
 20
128.9168336290728
 42
0.4142135623730951
 10
636.3115539006846
 20
128.8868336290728
 10
636.3115539006846
 20
128.7123971207831
 42
0.1989123672719604
 10
636.3203406972402
 20
128.6911839173564
 10
636.4319092397112
 20
128.5796153747928
 42
-0.4142135626672154
 10
636.4319092397603
 20
128.5371889679003
 10
636.2743356464792
 20
128.3796153748984
 42
0.4142135615725544
 10
636.2743356464526
 20
128.3371889680853
 10
636.4319092397468
 20
128.1796153741347
 42
-0.4142135621456866
 10
636.4319092396863
 20
128.1371889672799
 10
636.2743356467213
 20
127.9796153747032
 42
0.4142135631275261
 10
636.2743356467002
 20
127.9371889677774
 10
636.4319092396972
 20
127.7796153752536
 42
-0.4142135622351587
 10
636.4319092397359
 20
127.7371889683925
 10
636.2743356465877
 20
127.5796153748445
 42
0.4142135624333318
 10
636.274335646634
 20
127.537188967969
 10
636.43190923969
 20
127.3796153753368
 42
-0.4142135622145568
 10
636.4319092397452
 20
127.3371889684771
 10
636.3203406971095
 20
127.2256204254383
 42
0.1989123673174978
 10
636.3115539005835
 20
127.204407222041
 10
636.3115539007515
 20
127.0971889503054
 42
0.4142135619141362
 10
636.3415539007512
 20
127.0671889503524
 10
636.5319092214264
 20
127.0671889503524
 42
-0.1989123671007451
 10
636.5531224248392
 20
127.0584021538107
 10
636.6876199182284
 20
126.9239046607106
 42
0.4142135623732912
 10
636.7300463250995
 20
126.9239046607105
 10
636.887619918169
 20
127.081478253827
 42
-0.414213562641904
  0
LWPOLYLINE
  5
18107
330
1F
100
AcDbEntity
  8
RCK_钼铝钼_MASK
100
AcDbPolyline
 90
       62
 70
     1
 43
0.0
 10
635.0151934750165
 20
127.0814782538474
 10
635.1727670678838
 20
126.9239046607275
 42
0.414213562529279
 10
635.2151934747662
 20
126.9239046607075
 10
635.3727670676999
 20
127.0814782538562
 42
-0.4142135627680677
 10
635.4151934745997
 20
127.0814782538161
 10
635.5727670678247
 20
126.9239046607121
 42
0.414213562180416
 10
635.6151934746821
 20
126.9239046606638
 10
635.7727670679237
 20
127.0814782538195
 42
-0.414213561665166
 10
635.8151934747438
 20
127.0814782538343
 10
635.9727670681365
 20
126.9239046607057
 42
0.4142135623369922
 10
636.0151934750054
 20
126.9239046607613
 10
636.1496909676076
 20
127.0584021537585
 42
-0.1989123677612916
 10
636.1709041710744
 20
127.067188950354
 10
636.2215539007292
 20
127.067188950354
 42
0.4142135627468664
 10
636.2515539007289
 20
127.0971889503923
 10
636.2515539005562
 20
127.2326914935356
 42
-0.1989123677118371
 10
636.2603406971206
 20
127.2539046970095
 10
636.3436249683631
 20
127.3371889682515
 42
0.4142135623730951
 10
636.3436249683632
 20
127.3796153751227
 10
636.186051375234
 20
127.5371889682531
 42
-0.4142135623778044
 10
636.1860513752342
 20
127.5796153751245
 10
636.3436249683681
 20
127.7371889682484
 42
0.4142135623183524
 10
636.3436249683728
 20
127.7796153751156
 10
636.1860513752285
 20
127.9371889683423
 42
-0.4142135624209704
 10
636.1860513752414
 20
127.9796153752169
 10
636.3436249683311
 20
128.1371889684175
 42
0.4142135626069785
 10
636.3436249683319
 20
128.1796153753057
 10
636.1860513752832
 20
128.337188967926
 42
-0.4142135623183524
 10
636.1860513752291
 20
128.3796153747932
 10
636.3436249683742
 20
128.5371889684816
 42
0.4142135622891167
 10
636.3436249683152
 20
128.5796153753467
 10
636.2603406972737
 20
128.6628996461171
 42
-0.1989123678030762
 10
636.2515539006746
 20
128.6841128495872
 10
636.2515539006746
 20
128.8868336290744
 42
0.4142135623731888
 10
636.2215539006747
 20
128.9168336290744
 10
634.426701050641
 20
128.9168336290744
 42
0.4142135623730951
 10
634.396701050641
 20
128.8868336290744
 10
634.396701050641
 20
128.7123971207848
 42
0.1989123672719604
 10
634.4054878471967
 20
128.691183917358
 10
634.5170563896677
 20
128.5796153747944
 42
-0.4142135626672154
 10
634.5170563897163
 20
128.5371889679019
 10
634.3594827964358
 20
128.3796153749001
 42
0.4142135615725544
 10
634.3594827964091
 20
128.3371889680869
 10
634.5170563897031
 20
128.1796153741363
 42
-0.4142135621456866
 10
634.5170563896426
 20
128.1371889672815
 10
634.3594827966777
 20
127.9796153747049
 42
0.4142135631275261
 10
634.3594827966567
 20
127.937188967779
 10
634.5170563896536
 20
127.7796153752553
 42
-0.4142135622351587
 10
634.5170563896922
 20
127.7371889683941
 10
634.3594827965443
 20
127.5796153748461
 42
0.4142135624333318
 10
634.3594827965907
 20
127.5371889679706
 10
634.5170563896465
 20
127.3796153753385
 42
-0.4142135622145568
 10
634.5170563897015
 20
127.3371889684788
 10
634.4054878470657
 20
127.2256204254399
 42
0.1989123673174978
 10
634.3967010505398
 20
127.2044072220427
 10
634.3967010507078
 20
127.0971889503071
 42
0.4142135619141362
 10
634.4267010507078
 20
127.0671889503541
 10
634.617056371383
 20
127.067188950354
 42
-0.1989123671007451
 10
634.6382695747958
 20
127.0584021538124
 10
634.7727670681847
 20
126.9239046607122
 42
0.4142135623732912
 10
634.8151934750558
 20
126.9239046607122
 10
634.9727670681257
 20
127.0814782538286
 42
-0.414213562641904
  0
LWPOLYLINE
  5
18108
330
1F
100
AcDbEntity
  8
RCK_钼铝钼_MASK
100
AcDbPolyline
 90
       44
 70
     1
 43
0.0
 10
644.589457725237
 20
130.9111839626288
 10
644.7470313181042
 20
130.7536103695089
 42
0.414213562529279
 10
644.7894577249869
 20
130.7536103694889
 10
644.9470313179205
 20
130.9111839626377
 42
-0.414213562768264
 10
644.9894577248202
 20
130.9111839625975
 10
645.1470313180455
 20
130.7536103694936
 42
0.414213562180416
 10
645.1894577249027
 20
130.7536103694452
 10
645.3470313181441
 20
130.9111839626009
 42
-0.414213561665166
 10
645.3894577249642
 20
130.9111839626157
 10
645.5470313183572
 20
130.7536103694871
 42
0.4142135623369922
 10
645.5894577252259
 20
130.7536103695427
 10
645.7239552178282
 20
130.8881078625399
 42
-0.1989123677612916
 10
645.7451684212948
 20
130.8968946591354
 10
645.8966760151266
 20
130.8968946591354
 42
0.4142135623730951
 10
645.9266760151267
 20
130.9268946591355
 10
645.9266760151267
 20
132.6917475090268
 42
0.4142135623729362
 10
645.8966760151266
 20
132.7217475090268
 10
645.7434526924863
 20
132.7217475090269
 42
0.1989123678561777
 10
645.7222394890118
 20
132.7129607124235
 10
645.5894577252648
 20
132.5801789481895
 42
-0.4142135626411193
 10
645.5470313183741
 20
132.5801789481388
 10
645.3894577248274
 20
132.7377525414241
 42
0.4142135615809915
 10
645.3470313180138
 20
132.7377525414437
 10
645.1894577240453
 20
132.5801789481469
 42
-0.4142135623658352
 10
645.1470313171747
 20
132.5801789482261
 10
644.9894577248858
 20
132.737752541179
 42
0.41421356312733
 10
644.9470313179599
 20
132.7377525412001
 10
644.7894577251907
 20
132.580178948203
 42
-0.4142135622345703
 10
644.7470313183296
 20
132.5801789481644
 10
644.5894577247814
 20
132.7377525413125
 42
0.4142135624333318
 10
644.547031317906
 20
132.737752541266
 10
644.3894577252739
 20
132.5801789482102
 42
-0.4142135622147528
 10
644.3470313184142
 20
132.5801789481551
 10
644.2142495536002
 20
132.7129607125
 42
0.1989123669205486
 10
644.1930363502023
 20
132.7217475090269
 10
643.9549602502957
 20
132.7217475090269
 42
0.4142135623730951
 10
643.9249602502957
 20
132.6917475090269
 10
643.9249602502957
 20
130.9268946591355
 42
0.4142135623730594
 10
643.9549602502957
 20
130.8968946591354
 10
644.1913206216034
 20
130.8968946591354
 42
-0.1989123671006009
 10
644.2125338250164
 20
130.8881078625938
 10
644.3470313184052
 20
130.7536103694937
 42
0.4142135623728989
 10
644.3894577252765
 20
130.7536103694936
 10
644.5470313183464
 20
130.91118396261
 42
-0.414213562641904
  0
LWPOLYLINE
  5
18109
330
1F
100
AcDbEntity
  8
RCK_钼铝钼_MASK
100
AcDbPolyline
 90
       44
 70
     1
 43
0.0
 10
644.589457725237
 20
128.9963311127374
 10
644.7470313181042
 20
128.8387575196175
 42
0.414213562529279
 10
644.7894577249869
 20
128.8387575195975
 10
644.9470313179205
 20
128.9963311127463
 42
-0.414213562768264
 10
644.9894577248202
 20
128.9963311127061
 10
645.1470313180455
 20
128.8387575196022
 42
0.414213562180416
 10
645.1894577249027
 20
128.8387575195538
 10
645.3470313181441
 20
128.9963311127095
 42
-0.414213561665166
 10
645.3894577249642
 20
128.9963311127243
 10
645.5470313183572
 20
128.8387575195957
 42
0.4142135623369922
 10
645.5894577252259
 20
128.8387575196513
 10
645.7239552178282
 20
128.9732550126485
 42
-0.1989123677612916
 10
645.7451684212948
 20
128.982041809244
 10
645.8966760151266
 20
128.982041809244
 42
0.4142135623730951
 10
645.9266760151267
 20
129.0120418092441
 10
645.9266760151267
 20
130.7768946591354
 42
0.4142135623729362
 10
645.8966760151266
 20
130.8068946591354
 10
645.7434526924863
 20
130.8068946591355
 42
0.1989123678561777
 10
645.7222394890118
 20
130.7981078625322
 10
645.5894577252648
 20
130.6653260982981
 42
-0.4142135626411193
 10
645.5470313183741
 20
130.6653260982474
 10
645.3894577248274
 20
130.8228996915327
 42
0.4142135615809915
 10
645.3470313180138
 20
130.8228996915523
 10
645.1894577240453
 20
130.6653260982555
 42
-0.4142135623658352
 10
645.1470313171747
 20
130.6653260983347
 10
644.9894577248858
 20
130.8228996912876
 42
0.41421356312733
 10
644.9470313179599
 20
130.8228996913087
 10
644.7894577251907
 20
130.6653260983116
 42
-0.4142135622345703
 10
644.7470313183296
 20
130.665326098273
 10
644.5894577247814
 20
130.8228996914211
 42
0.4142135624333318
 10
644.547031317906
 20
130.8228996913746
 10
644.3894577252739
 20
130.6653260983188
 42
-0.4142135622147528
 10
644.3470313184142
 20
130.6653260982637
 10
644.2142495536002
 20
130.7981078626086
 42
0.1989123669205486
 10
644.1930363502023
 20
130.8068946591355
 10
643.9549602502957
 20
130.8068946591355
 42
0.4142135623730951
 10
643.9249602502957
 20
130.7768946591355
 10
643.9249602502957
 20
129.0120418092441
 42
0.4142135623730594
 10
643.9549602502957
 20
128.9820418092441
 10
644.1913206216034
 20
128.982041809244
 42
-0.1989123671006009
 10
644.2125338250164
 20
128.9732550127024
 10
644.3470313184052
 20
128.8387575196023
 42
0.4142135623728989
 10
644.3894577252765
 20
128.8387575196022
 10
644.5470313183464
 20
128.9963311127186
 42
-0.414213562641904
  0
LWPOLYLINE
  5
1810A
330
1F
100
AcDbEntity
  8
RCK_钼铝钼_MASK
100
AcDbPolyline
 90
       44
 70
     1
 43
0.0
 10
617.781517824764
 20
130.9111839626346
 10
617.9390914176312
 20
130.7536103695146
 42
0.414213562529279
 10
617.9815178245137
 20
130.7536103694946
 10
618.1390914174474
 20
130.9111839626434
 42
-0.414213562768264
 10
618.1815178243472
 20
130.9111839626033
 10
618.3390914175722
 20
130.7536103694993
 42
0.414213562180416
 10
618.3815178244294
 20
130.7536103694509
 10
618.5390914176713
 20
130.9111839626067
 42
-0.414213561665166
 10
618.5815178244912
 20
130.9111839626214
 10
618.7390914178841
 20
130.7536103694928
 42
0.4142135623369922
 10
618.7815178247529
 20
130.7536103695484
 10
618.9160153173551
 20
130.8881078625456
 42
-0.1989123677612916
 10
618.9372285208218
 20
130.8968946591412
 10
619.0887361146536
 20
130.8968946591412
 42
0.4142135623730951
 10
619.1187361146536
 20
130.9268946591412
 10
619.1187361146536
 20
132.6917475090325
 42
0.4142135623729362
 10
619.0887361146536
 20
132.7217475090326
 10
618.9355127920132
 20
132.7217475090326
 42
0.1989123678561777
 10
618.9142995885389
 20
132.7129607124293
 10
618.7815178247916
 20
132.5801789481952
 42
-0.4142135626411193
 10
618.739091417901
 20
132.5801789481445
 10
618.5815178243542
 20
132.7377525414298
 42
0.4142135615809915
 10
618.5390914175402
 20
132.7377525414494
 10
618.3815178235724
 20
132.5801789481526
 42
-0.4142135623658352
 10
618.3390914167017
 20
132.5801789482318
 10
618.1815178244126
 20
132.7377525411847
 42
0.41421356312733
 10
618.1390914174867
 20
132.7377525412058
 10
617.9815178247176
 20
132.5801789482087
 42
-0.4142135622345703
 10
617.9390914178566
 20
132.5801789481701
 10
617.7815178243085
 20
132.7377525413182
 42
0.4142135624333318
 10
617.7390914174329
 20
132.7377525412718
 10
617.5815178248009
 20
132.5801789482159
 42
-0.4142135622147528
 10
617.5390914179413
 20
132.5801789481608
 10
617.4063096531272
 20
132.7129607125057
 42
0.1989123669205486
 10
617.3850964497287
 20
132.7217475090326
 10
617.1470203498228
 20
132.7217475090326
 42
0.4142135623730951
 10
617.1170203498227
 20
132.6917475090326
 10
617.1170203498227
 20
130.9268946591413
 42
0.4142135623730594
 10
617.1470203498228
 20
130.8968946591412
 10
617.3833807211305
 20
130.8968946591412
 42
-0.1989123671006009
 10
617.4045939245432
 20
130.8881078625995
 10
617.5390914179322
 20
130.7536103694994
 42
0.4142135623728989
 10
617.5815178248034
 20
130.7536103694993
 10
617.7390914178732
 20
130.9111839626158
 42
-0.414213562641904
  0
LWPOLYLINE
  5
1810B
330
1F
100
AcDbEntity
  8
RCK_钼铝钼_MASK
100
AcDbPolyline
 90
       44
 70
     1
 43
0.0
 10
617.781517824764
 20
128.9963311127432
 10
617.9390914176312
 20
128.8387575196233
 42
0.414213562529279
 10
617.9815178245137
 20
128.8387575196032
 10
618.1390914174474
 20
128.996331112752
 42
-0.414213562768264
 10
618.1815178243472
 20
128.9963311127119
 10
618.3390914175722
 20
128.8387575196079
 42
0.414213562180416
 10
618.3815178244294
 20
128.8387575195595
 10
618.5390914176713
 20
128.9963311127153
 42
-0.414213561665166
 10
618.5815178244912
 20
128.9963311127301
 10
618.7390914178841
 20
128.8387575196014
 42
0.4142135623369922
 10
618.7815178247529
 20
128.838757519657
 10
618.9160153173551
 20
128.9732550126543
 42
-0.1989123677612916
 10
618.9372285208218
 20
128.9820418092498
 10
619.0887361146536
 20
128.9820418092498
 42
0.4142135623730951
 10
619.1187361146536
 20
129.0120418092498
 10
619.1187361146536
 20
130.7768946591411
 42
0.4142135623729362
 10
619.0887361146536
 20
130.8068946591412
 10
618.9355127920132
 20
130.8068946591412
 42
0.1989123678561777
 10
618.9142995885389
 20
130.798107862538
 10
618.7815178247916
 20
130.6653260983038
 42
-0.4142135626411193
 10
618.739091417901
 20
130.6653260982531
 10
618.5815178243542
 20
130.8228996915384
 42
0.4142135615809915
 10
618.5390914175402
 20
130.822899691558
 10
618.3815178235724
 20
130.6653260982612
 42
-0.4142135623658352
 10
618.3390914167017
 20
130.6653260983404
 10
618.1815178244126
 20
130.8228996912933
 42
0.41421356312733
 10
618.1390914174867
 20
130.8228996913144
 10
617.9815178247176
 20
130.6653260983173
 42
-0.4142135622345703
 10
617.9390914178566
 20
130.6653260982787
 10
617.7815178243085
 20
130.8228996914268
 42
0.4142135624333318
 10
617.7390914174329
 20
130.8228996913804
 10
617.5815178248009
 20
130.6653260983246
 42
-0.4142135622147528
 10
617.5390914179413
 20
130.6653260982694
 10
617.4063096531272
 20
130.7981078626143
 42
0.1989123669205486
 10
617.3850964497287
 20
130.8068946591412
 10
617.1470203498228
 20
130.8068946591412
 42
0.4142135623730951
 10
617.1170203498227
 20
130.7768946591412
 10
617.1170203498227
 20
129.0120418092499
 42
0.4142135623730594
 10
617.1470203498228
 20
128.9820418092498
 10
617.3833807211305
 20
128.9820418092498
 42
-0.1989123671006009
 10
617.4045939245432
 20
128.9732550127081
 10
617.5390914179322
 20
128.838757519608
 42
0.4142135623728989
 10
617.5815178248034
 20
128.838757519608
 10
617.7390914178732
 20
128.9963311127244
 42
-0.414213562641904
  0
LWPOLYLINE
  5
1810C
330
1F
100
AcDbEntity
  8
RCK_钼铝钼_MASK
100
AcDbPolyline
 90
       46
 70
     1
 43
0.0
 10
628.1974368005237
 20
134.6613921877529
 10
626.7672896505488
 20
134.6613921877529
 42
0.4142135623730951
 10
626.7372896505487
 20
134.6313921877529
 10
626.7372896505487
 20
134.4569556794632
 42
0.1989123672720327
 10
626.7460764471043
 20
134.4357424760365
 10
626.8576449895755
 20
134.3241739334729
 42
-0.4142135626672154
 10
626.8576449896243
 20
134.2817475265804
 10
626.7000713963435
 20
134.1241739335785
 42
0.4142135615725544
 10
626.7000713963167
 20
134.0817475267654
 10
626.8576449896109
 20
133.9241739328148
 42
-0.4142135621456866
 10
626.8576449895504
 20
133.88174752596
 10
626.7000713965853
 20
133.7241739333833
 42
0.4142135631275262
 10
626.7000713965644
 20
133.6817475264575
 10
626.8576449895614
 20
133.5241739339338
 42
-0.4142135622351587
 10
626.8576449895999
 20
133.4817475270726
 10
626.700071396452
 20
133.3241739335246
 42
0.4142135624333318
 10
626.7000713964985
 20
133.2817475266491
 10
626.8576449895541
 20
133.1241739340169
 42
-0.4142135622145565
 10
626.8576449896094
 20
133.0817475271572
 10
626.7460764469737
 20
132.9701789841184
 42
0.1989123673174978
 10
626.7372896504475
 20
132.9489657807211
 10
626.7372896508539
 20
132.6896764227792
 42
0.4142135619140821
 10
626.7672896508537
 20
132.6596764228263
 10
628.5621425008305
 20
132.6596764228263
 42
0.4142135627464937
 10
628.5921425008305
 20
132.6896764228645
 10
628.5921425004637
 20
132.9772500522141
 42
-0.1989123677118371
 10
628.6009292970283
 20
132.998463255688
 10
628.6842135682706
 20
133.08174752693
 42
0.4142135623730951
 10
628.6842135682706
 20
133.1241739338012
 10
628.5266399751417
 20
133.2817475269315
 42
-0.4142135623778044
 10
628.5266399751422
 20
133.324173933803
 10
628.6842135682761
 20
133.4817475269268
 42
0.4142135623183524
 10
628.6842135682807
 20
133.5241739337941
 10
628.5266399751362
 20
133.6817475270207
 42
-0.4142135624209704
 10
628.5266399751491
 20
133.7241739338954
 10
628.6842135682388
 20
133.881747527096
 42
0.4142135626069785
 10
628.6842135682397
 20
133.9241739339842
 10
628.5266399751908
 20
134.0817475266044
 42
-0.4142135623183524
 10
628.5266399751367
 20
134.1241739334717
 10
628.6842135682818
 20
134.2817475271601
 42
0.4142135622891167
 10
628.6842135682227
 20
134.3241739340252
 10
628.6009292971814
 20
134.4074582047955
 42
-0.1989123678031484
 10
628.5921425005823
 20
134.4286714082657
 10
628.5921425005823
 20
134.6313921877529
 42
0.4142135623733726
 10
628.5621425005825
 20
134.6613921877529
 10
628.2574368005238
 20
134.6613921877529
  0
LWPOLYLINE
  5
1810D
330
1F
100
AcDbEntity
  8
RCK_钼铝钼_MASK
100
AcDbPolyline
 90
       50
 70
     0
 43
0.0
 10
632.5527060648765
 20
132.8117475090323
 10
632.5118482007114
 20
132.8117475090323
 10
632.5527060648765
 20
132.8117475090323
 42
-0.4142135623732341
 10
632.5827060648764
 20
132.7817475090322
 10
632.5827060648764
 20
132.689676422826
 42
0.4142135623732341
 10
632.6127060648764
 20
132.659676422826
 10
634.3067010509265
 20
132.659676422826
 42
0.4142135627467276
 10
634.3367010509265
 20
132.6896764228642
 10
634.3367010505597
 20
132.9772500522138
 42
-0.1989123677118371
 10
634.3454878471241
 20
132.9984632556877
 10
634.4287721183667
 20
133.0817475269297
 42
0.4142135623730951
 10
634.4287721183667
 20
133.1241739338009
 10
634.2711985252377
 20
133.2817475269312
 42
-0.4142135623778044
 10
634.2711985252381
 20
133.3241739338027
 10
634.4287721183721
 20
133.4817475269265
 42
0.4142135623183524
 10
634.4287721183766
 20
133.5241739337938
 10
634.2711985252321
 20
133.6817475270205
 42
-0.4142135624209704
 10
634.2711985252451
 20
133.7241739338951
 10
634.4287721183347
 20
133.8817475270957
 42
0.4142135626069785
 10
634.4287721183357
 20
133.9241739339839
 10
634.2711985252869
 20
134.0817475266042
 42
-0.4142135623183524
 10
634.2711985252329
 20
134.1241739334714
 10
634.4287721183778
 20
134.2817475271598
 42
0.4142135622891167
 10
634.4287721183189
 20
134.3241739340249
 10
634.3454878472774
 20
134.4074582047952
 42
-0.1989123678031484
 10
634.3367010506782
 20
134.4286714082654
 10
634.3367010506782
 20
134.6313921877526
 42
0.4142135623733726
 10
634.3067010506785
 20
134.6613921877526
 10
632.5118482006447
 20
134.6613921877526
 42
0.4142135623730951
 10
632.4818482006447
 20
134.6313921877526
 10
632.4818482006447
 20
134.456955679463
 42
0.1989123672720327
 10
632.4906349972002
 20
134.4357424760362
 10
632.6022035396714
 20
134.3241739334726
 42
-0.4142135626672154
 10
632.6022035397202
 20
134.2817475265801
 10
632.4446299464396
 20
134.1241739335782
 42
0.4142135615725544
 10
632.4446299464128
 20
134.0817475267651
 10
632.6022035397069
 20
133.9241739328145
 42
-0.4142135621456866
 10
632.6022035396462
 20
133.8817475259597
 10
632.4446299466814
 20
133.724173933383
 42
0.4142135631275262
 10
632.4446299466602
 20
133.6817475264572
 10
632.6022035396572
 20
133.5241739339335
 42
-0.4142135622351587
 10
632.602203539696
 20
133.4817475270723
 10
632.444629946548
 20
133.3241739335243
 42
0.4142135624333318
 10
632.4446299465944
 20
133.2817475266488
 10
632.6022035396499
 20
133.1241739340166
 42
-0.4142135622145565
 10
632.6022035397053
 20
133.081747527157
 10
632.4906349970696
 20
132.9701789841181
 42
0.1989123673174978
 10
632.4818482005435
 20
132.9489657807208
 10
632.4818482007115
 20
132.8417475089852
 42
0.4142135619144138
 10
632.5118482007114
 20
132.8117475090323
  0
LWPOLYLINE
  5
1810E
330
1F
100
AcDbEntity
  8
RCK_钼铝钼_MASK
100
AcDbPolyline
 90
       47
 70
     1
 43
0.0
 10
630.5069953506687
 20
132.8417475090706
 10
630.506995350496
 20
132.9772500522139
 42
-0.1989123677118371
 10
630.5157821470602
 20
132.9984632556878
 10
630.5990664183028
 20
133.0817475269298
 42
0.4142135623730951
 10
630.5990664183029
 20
133.124173933801
 10
630.4414928251737
 20
133.2817475269314
 42
-0.4142135623778044
 10
630.4414928251737
 20
133.3241739338028
 10
630.5990664183077
 20
133.4817475269266
 42
0.4142135623183524
 10
630.5990664183127
 20
133.5241739337939
 10
630.4414928251682
 20
133.6817475270206
 42
-0.4142135624209704
 10
630.4414928251809
 20
133.7241739338952
 10
630.5990664182707
 20
133.8817475270959
 42
0.4142135626069785
 10
630.5990664182717
 20
133.924173933984
 10
630.4414928252231
 20
134.0817475266043
 42
-0.4142135623183524
 10
630.4414928251688
 20
134.1241739334716
 10
630.599066418314
 20
134.2817475271599
 42
0.4142135622891167
 10
630.599066418255
 20
134.324173934025
 10
630.5157821472135
 20
134.4074582047954
 42
-0.1989123678031484
 10
630.5069953506142
 20
134.4286714082655
 10
630.5069953506142
 20
134.6313921877527
 42
0.4142135623733726
 10
630.4769953506145
 20
134.6613921877527
 10
628.6821425005808
 20
134.6613921877527
 42
0.4142135623730951
 10
628.6521425005807
 20
134.6313921877527
 10
628.6521425005807
 20
134.4569556794631
 42
0.1989123672720327
 10
628.6609292971363
 20
134.4357424760363
 10
628.7724978396075
 20
134.3241739334727
 42
-0.4142135626672154
 10
628.7724978396562
 20
134.2817475265802
 10
628.6149242463753
 20
134.1241739335783
 42
0.4142135615725544
 10
628.6149242463487
 20
134.0817475267652
 10
628.7724978396426
 20
133.9241739328146
 42
-0.4142135621456866
 10
628.7724978395822
 20
133.8817475259598
 10
628.6149242466173
 20
133.7241739333832
 42
0.4142135631275262
 10
628.6149242465962
 20
133.6817475264573
 10
628.7724978395933
 20
133.5241739339336
 42
-0.4142135622351587
 10
628.772497839632
 20
133.4817475270724
 10
628.6149242464837
 20
133.3241739335244
 42
0.4142135624333318
 10
628.6149242465302
 20
133.2817475266489
 10
628.7724978395861
 20
133.1241739340168
 42
-0.4142135622145565
 10
628.7724978396412
 20
133.0817475271571
 10
628.6609292970056
 20
132.9701789841182
 42
0.1989123673174978
 10
628.6521425004796
 20
132.948965780721
 10
628.6521425008857
 20
132.689676422779
 42
0.4142135619178712
 10
628.6821425008862
 20
132.6596764228261
 10
630.4309903000487
 20
132.6596764228487
 42
0.4142135623732341
 10
630.4609903000486
 20
132.6896764228487
 10
630.4609903000486
 20
132.7834024887802
 42
-0.3468262857187133
 10
630.483992825362
 20
132.8125749988916
 42
0.346826286075979
  0
LWPOLYLINE
  5
18153
330
1F
100
AcDbEntity
  8
RCK_钼铝钼_MASK
100
AcDbPolyline
 90
       46
 70
     1
 43
0.0
 10
634.7714067507395
 20
134.6613921877526
 10
634.4267010506767
 20
134.6613921877526
 42
0.4142135623730951
 10
634.3967010506767
 20
134.6313921877526
 10
634.3967010506767
 20
134.456955679463
 42
0.1989123672720327
 10
634.4054878472323
 20
134.4357424760362
 10
634.5170563897035
 20
134.3241739334726
 42
-0.4142135626672154
 10
634.5170563897522
 20
134.2817475265801
 10
634.3594827964714
 20
134.1241739335782
 42
0.4142135615725544
 10
634.3594827964448
 20
134.0817475267651
 10
634.5170563897387
 20
133.9241739328145
 42
-0.4142135621456866
 10
634.5170563896783
 20
133.8817475259597
 10
634.3594827967134
 20
133.724173933383
 42
0.4142135631275262
 10
634.3594827966922
 20
133.6817475264572
 10
634.5170563896894
 20
133.5241739339335
 42
-0.4142135622351587
 10
634.5170563897278
 20
133.4817475270723
 10
634.35948279658
 20
133.3241739335243
 42
0.4142135624333318
 10
634.3594827966263
 20
133.2817475266488
 10
634.5170563896822
 20
133.1241739340166
 42
-0.4142135622145565
 10
634.5170563897372
 20
133.081747527157
 10
634.4054878471015
 20
132.9701789841181
 42
0.1989123673174978
 10
634.3967010505755
 20
132.9489657807208
 10
634.3967010509817
 20
132.689676422779
 42
0.4142135619140871
 10
634.4267010509817
 20
132.659676422826
 10
636.2215539009585
 20
132.659676422826
 42
0.4142135627465887
 10
636.2515539009582
 20
132.6896764228642
 10
636.2515539005919
 20
132.9772500522138
 42
-0.1989123677118371
 10
636.2603406971564
 20
132.9984632556877
 10
636.3436249683988
 20
133.0817475269297
 42
0.4142135623730951
 10
636.3436249683989
 20
133.1241739338009
 10
636.1860513752698
 20
133.2817475269312
 42
-0.4142135623778044
 10
636.18605137527
 20
133.3241739338027
 10
636.343624968404
 20
133.4817475269265
 42
0.4142135623183524
 10
636.3436249684086
 20
133.5241739337938
 10
636.1860513752642
 20
133.6817475270205
 42
-0.4142135624209704
 10
636.1860513752771
 20
133.7241739338951
 10
636.3436249683667
 20
133.8817475270957
 42
0.4142135626069785
 10
636.3436249683677
 20
133.9241739339839
 10
636.186051375319
 20
134.0817475266042
 42
-0.4142135623183524
 10
636.1860513752645
 20
134.1241739334714
 10
636.3436249684099
 20
134.2817475271598
 42
0.4142135622891167
 10
636.3436249683509
 20
134.3241739340249
 10
636.2603406973093
 20
134.4074582047952
 42
-0.1989123678031484
 10
636.2515539007102
 20
134.4286714082654
 10
636.2515539007102
 20
134.6313921877526
 42
0.4142135623733726
 10
636.2215539007102
 20
134.6613921877526
 10
634.8314067507392
 20
134.6613921877526
  0
LWPOLYLINE
  5
18154
330
1F
100
AcDbEntity
  8
RCK_钼铝钼_MASK
100
AcDbPolyline
 90
       46
 70
     1
 43
0.0
 10
622.9075839504847
 20
134.6313921877529
 10
622.9075839504847
 20
134.4569556794632
 42
0.1989123672720327
 10
622.9163707470404
 20
134.4357424760365
 10
623.0279392895113
 20
134.3241739334729
 42
-0.4142135626680002
 10
623.0279392895604
 20
134.2817475265804
 10
622.8703656962795
 20
134.1241739335785
 42
0.4142135615733391
 10
622.8703656962527
 20
134.0817475267654
 10
623.027939289547
 20
133.9241739328148
 42
-0.4142135621449017
 10
623.0279392894864
 20
133.88174752596
 10
622.8703656965214
 20
133.7241739333833
 42
0.4142135631275261
 10
622.8703656965002
 20
133.6817475264575
 10
623.0279392894972
 20
133.5241739339338
 42
-0.4142135622351587
 10
623.0279392895361
 20
133.4817475270726
 10
622.870365696388
 20
133.3241739335246
 42
0.4142135624341166
 10
622.8703656964344
 20
133.2817475266491
 10
623.0279392894902
 20
133.1241739340169
 42
-0.4142135622145568
 10
623.0279392895453
 20
133.0817475271572
 10
622.9163707469097
 20
132.9701789841184
 42
0.1989123673178461
 10
622.9075839503836
 20
132.9489657807211
 10
622.9075839507899
 20
132.6896764227792
 42
0.4142135619144138
 10
622.9375839507897
 20
132.6596764228263
 10
624.7324368007665
 20
132.6596764228263
 42
0.4142135627468664
 10
624.7624368007666
 20
132.6896764228645
 10
624.7624368003998
 20
132.9772500522141
 42
-0.1989123677118371
 10
624.7712235969643
 20
132.998463255688
 10
624.8545078682068
 20
133.08174752693
 42
0.4142135623730951
 10
624.8545078682068
 20
133.1241739338012
 10
624.6969342750776
 20
133.2817475269315
 42
-0.4142135623778044
 10
624.6969342750778
 20
133.324173933803
 10
624.8545078682119
 20
133.4817475269268
 42
0.4142135623183524
 10
624.8545078682167
 20
133.5241739337941
 10
624.6969342750722
 20
133.6817475270207
 42
-0.4142135624201857
 10
624.6969342750851
 20
133.7241739338954
 10
624.8545078681748
 20
133.881747527096
 42
0.4142135626069785
 10
624.8545078681757
 20
133.9241739339842
 10
624.696934275127
 20
134.0817475266044
 42
-0.4142135623175672
 10
624.6969342750729
 20
134.1241739334717
 10
624.8545078682179
 20
134.2817475271601
 42
0.4142135622891167
 10
624.854507868159
 20
134.3241739340252
 10
624.7712235971172
 20
134.4074582047955
 42
-0.1989123678031484
 10
624.7624368005183
 20
134.4286714082657
 10
624.7624368005183
 20
134.6313921877529
 42
0.4142135623733726
 10
624.7324368005186
 20
134.6613921877529
 10
624.6872896505504
 20
134.6613921877529
 10
624.6272896505504
 20
134.6613921877529
 10
622.9375839504847
 20
134.6613921877529
 42
0.4142135623730951
  0
LWPOLYLINE
  5
18159
330
1F
100
AcDbEntity
  8
RCK_钼铝钼_MASK
100
AcDbPolyline
 90
       52
 70
     0
 43
0.0
 10
619.1487361146526
 20
132.8117475090325
 10
619.1078782504876
 20
132.8117475090325
 10
619.1487361146526
 20
132.8117475090325
 42
-0.4142135623732341
 10
619.1787361146524
 20
132.7817475090325
 10
619.1787361146524
 20
132.6896764228263
 42
0.4142135623732341
 10
619.2087361146524
 20
132.6596764228263
 10
620.9027311007026
 20
132.6596764228263
 42
0.4142135627467276
 10
620.9327311007025
 20
132.6896764228645
 10
620.9327311003359
 20
132.9772500522141
 42
-0.1989123677118371
 10
620.9415178969004
 20
132.998463255688
 10
621.0248021681429
 20
133.08174752693
 42
0.4142135623730951
 10
621.0248021681429
 20
133.1241739338012
 10
620.8672285750138
 20
133.2817475269315
 42
-0.4142135623778044
 10
620.8672285750139
 20
133.324173933803
 10
621.0248021681478
 20
133.4817475269268
 42
0.4142135623183524
 10
621.0248021681527
 20
133.5241739337941
 10
620.8672285750082
 20
133.6817475270207
 42
-0.4142135624209704
 10
620.8672285750211
 20
133.7241739338954
 10
621.0248021681109
 20
133.881747527096
 42
0.4142135626069785
 10
621.0248021681117
 20
133.9241739339842
 10
620.8672285750631
 20
134.0817475266044
 42
-0.4142135623183524
 10
620.8672285750089
 20
134.1241739334717
 10
621.024802168154
 20
134.2817475271601
 42
0.4142135622891167
 10
621.024802168095
 20
134.3241739340252
 10
620.9415178970535
 20
134.4074582047955
 42
-0.1989123678031484
 10
620.9327311004543
 20
134.4286714082657
 10
620.9327311004543
 20
134.6313921877529
 42
0.4142135623733726
 10
620.9027311004545
 20
134.6613921877529
 10
619.2130254003889
 20
134.6613921877529
 10
619.153025400389
 20
134.6613921877529
 10
619.1078782504207
 20
134.6613921877529
 42
0.4142135623730951
 10
619.0778782504207
 20
134.6313921877529
 10
619.0778782504207
 20
134.4569556794632
 42
0.1989123672720327
 10
619.0866650469764
 20
134.4357424760365
 10
619.1982335894476
 20
134.3241739334729
 42
-0.4142135626672154
 10
619.1982335894962
 20
134.2817475265804
 10
619.0406599962154
 20
134.1241739335785
 42
0.4142135615725544
 10
619.0406599961889
 20
134.0817475267654
 10
619.1982335894829
 20
133.9241739328148
 42
-0.4142135621456866
 10
619.1982335894222
 20
133.88174752596
 10
619.0406599964575
 20
133.7241739333833
 42
0.4142135631275262
 10
619.0406599964362
 20
133.6817475264575
 10
619.1982335894332
 20
133.5241739339338
 42
-0.4142135622351587
 10
619.198233589472
 20
133.4817475270726
 10
619.040659996324
 20
133.3241739335246
 42
0.4142135624333318
 10
619.0406599963704
 20
133.2817475266491
 10
619.1982335894262
 20
133.1241739340169
 42
-0.4142135622145565
 10
619.1982335894813
 20
133.0817475271572
 10
619.0866650468456
 20
132.9701789841184
 42
0.1989123673174978
 10
619.0778782503196
 20
132.9489657807211
 10
619.0778782504876
 20
132.8417475089855
 42
0.4142135619144138
 10
619.1078782504876
 20
132.8117475090325
  0
LWPOLYLINE
  5
1815D
330
1F
100
AcDbEntity
  8
RCK_钼铝钼_MASK
100
AcDbPolyline
 90
       46
 70
     1
 43
0.0
 10
640.1040413468095
 20
133.724173933383
 10
640.2616149397743
 20
133.8817475259597
 42
0.4142135621464714
 10
640.2616149398347
 20
133.9241739328145
 10
640.1040413465407
 20
134.0817475267651
 42
-0.4142135615717696
 10
640.1040413465675
 20
134.1241739335782
 10
640.2616149398483
 20
134.2817475265801
 42
0.4142135626672154
 10
640.2616149397995
 20
134.3241739334726
 10
640.1500463973283
 20
134.4357424760362
 42
-0.1989123672720327
 10
640.1412596007727
 20
134.456955679463
 10
640.1412596007727
 20
134.6313921877526
 42
-0.4142135623730951
 10
640.1712596007728
 20
134.6613921877526
 10
640.2564067507447
 20
134.6613921877526
 10
640.3164067507447
 20
134.6613921877526
 10
641.9661124508062
 20
134.6613921877526
 42
-0.4142135623733726
 10
641.9961124508063
 20
134.6313921877526
 10
641.9961124508063
 20
134.4286714082654
 42
0.1989123678028003
 10
642.004899247405
 20
134.4074582047952
 10
642.0881835184466
 20
134.3241739340249
 42
-0.4142135622891167
 10
642.0881835185057
 20
134.2817475271598
 10
641.9306099253607
 20
134.1241739334714
 42
0.4142135623183524
 10
641.9306099254148
 20
134.0817475266042
 10
642.0881835184637
 20
133.9241739339839
 42
-0.4142135626069785
 10
642.0881835184627
 20
133.8817475270957
 10
641.9306099253731
 20
133.7241739338951
 42
0.4142135624209704
 10
641.9306099253603
 20
133.6817475270205
 10
642.0881835185046
 20
133.5241739337938
 42
-0.4142135623183524
 10
642.0881835184999
 20
133.4817475269265
 10
641.9306099253661
 20
133.3241739338027
 42
0.4142135623778044
 10
641.9306099253656
 20
133.2817475269312
 10
642.0881835184947
 20
133.1241739338009
 42
-0.4142135623730951
 10
642.0881835184947
 20
133.0817475269297
 10
642.0048992472523
 20
132.9984632556877
 42
0.1989123677118371
 10
641.9961124506877
 20
132.9772500522138
 10
641.9961124510543
 20
132.6896764228642
 42
-0.4142135627468664
 10
641.9661124510545
 20
132.659676422826
 10
640.1712596010777
 20
132.659676422826
 42
-0.4142135619141362
 10
640.1412596010778
 20
132.689676422779
 10
640.1412596006712
 20
132.9489657807208
 42
-0.1989123673174978
 10
640.1500463971975
 20
132.9701789841181
 10
640.2616149398332
 20
133.081747527157
 42
0.4142135622145568
 10
640.2616149397781
 20
133.1241739340166
 10
640.1040413467224
 20
133.2817475266488
 42
-0.4142135624331357
 10
640.104041346676
 20
133.3241739335243
 10
640.2616149398237
 20
133.4817475270723
 42
0.4142135622337854
 10
640.2616149397854
 20
133.5241739339335
 10
640.1040413467882
 20
133.6817475264572
 42
-0.4142135631275261
  0
LWPOLYLINE
  5
1815F
330
1F
100
AcDbEntity
  8
RCK_钼铝钼_MASK
100
AcDbPolyline
 90
       46
 70
     1
 43
0.0
 10
640.0512596010226
 20
132.659676422826
 10
638.2564067510458
 20
132.659676422826
 42
-0.4142135619141362
 10
638.2264067510456
 20
132.689676422779
 10
638.2264067506395
 20
132.9489657807208
 42
-0.1989123673178461
 10
638.2351935471656
 20
132.9701789841181
 10
638.3467620898012
 20
133.081747527157
 42
0.4142135622145568
 10
638.3467620897462
 20
133.1241739340166
 10
638.1891884966902
 20
133.2817475266488
 42
-0.4142135624339204
 10
638.189188496644
 20
133.3241739335243
 10
638.346762089792
 20
133.4817475270723
 42
0.4142135622353548
 10
638.3467620897532
 20
133.5241739339335
 10
638.1891884967562
 20
133.6817475264572
 42
-0.4142135631283111
 10
638.1891884967773
 20
133.724173933383
 10
638.3467620897422
 20
133.8817475259597
 42
0.4142135621456866
 10
638.3467620898027
 20
133.9241739328145
 10
638.1891884965086
 20
134.0817475267651
 42
-0.4142135615725544
 10
638.1891884965355
 20
134.1241739335782
 10
638.3467620898162
 20
134.2817475265801
 42
0.4142135626680002
 10
638.3467620897675
 20
134.3241739334726
 10
638.2351935472962
 20
134.4357424760362
 42
-0.1989123672720327
 10
638.2264067507406
 20
134.456955679463
 10
638.2264067507406
 20
134.6313921877526
 42
-0.41421356237365
 10
638.2564067507408
 20
134.6613921877526
 10
638.3415539007129
 20
134.6613921877526
 10
638.4015539007129
 20
134.6613921877526
 10
640.0512596007745
 20
134.6613921877526
 42
-0.4142135623733726
 10
640.0812596007745
 20
134.6313921877526
 10
640.0812596007745
 20
134.4286714082654
 42
0.1989123678031484
 10
640.0900463973734
 20
134.4074582047952
 10
640.1733306684148
 20
134.3241739340249
 42
-0.414213562289902
 10
640.1733306684739
 20
134.2817475271598
 10
640.0157570753288
 20
134.1241739334714
 42
0.4142135623175672
 10
640.0157570753831
 20
134.0817475266042
 10
640.1733306684317
 20
133.9241739339839
 42
-0.4142135626069785
 10
640.1733306684308
 20
133.8817475270957
 10
640.015757075341
 20
133.7241739338951
 42
0.4142135624201857
 10
640.0157570753282
 20
133.6817475270205
 10
640.1733306684725
 20
133.5241739337938
 42
-0.4142135623183524
 10
640.173330668468
 20
133.4817475269265
 10
640.015757075334
 20
133.3241739338027
 42
0.4142135623785891
 10
640.0157570753338
 20
133.2817475269312
 10
640.1733306684628
 20
133.1241739338009
 42
-0.4142135623730951
 10
640.1733306684628
 20
133.0817475269297
 10
640.0900463972202
 20
132.9984632556877
 42
0.1989123677118371
 10
640.0812596006559
 20
132.9772500522138
 10
640.0812596010227
 20
132.6896764228642
 42
-0.4142135627471438
  0
LWPOLYLINE
  5
18172
330
1F
100
AcDbEntity
  8
RCK_钼铝钼_MASK
100
AcDbPolyline
 90
       46
 70
     1
 43
0.0
 10
636.4319092397709
 20
133.9241739328145
 10
636.2743356464767
 20
134.0817475267651
 42
-0.4142135615709849
 10
636.2743356465032
 20
134.1241739335782
 10
636.4319092397842
 20
134.2817475265801
 42
0.4142135626672154
 10
636.4319092397354
 20
134.3241739334726
 10
636.3203406972642
 20
134.4357424760362
 42
-0.1989123672720327
 10
636.3115539007087
 20
134.456955679463
 10
636.3115539007087
 20
134.6313921877526
 42
-0.4142135623730951
 10
636.3415539007087
 20
134.6613921877526
 10
636.426701050681
 20
134.6613921877526
 10
636.4867010506807
 20
134.6613921877526
 10
638.1364067507425
 20
134.6613921877526
 42
-0.4142135623733726
 10
638.1664067507422
 20
134.6313921877526
 10
638.1664067507422
 20
134.4286714082654
 42
0.1989123678027281
 10
638.1751935473412
 20
134.4074582047952
 10
638.2584778183827
 20
134.3241739340249
 42
-0.4142135622883318
 10
638.2584778184417
 20
134.2817475271598
 10
638.1009042252967
 20
134.1241739334714
 42
0.4142135623183524
 10
638.1009042253508
 20
134.0817475266042
 10
638.2584778183996
 20
133.9241739339839
 42
-0.4142135626069785
 10
638.2584778183987
 20
133.8817475270957
 10
638.100904225309
 20
133.7241739338951
 42
0.4142135624209704
 10
638.1009042252962
 20
133.6817475270205
 10
638.2584778184407
 20
133.5241739337938
 42
-0.4142135623183524
 10
638.2584778184359
 20
133.4817475269265
 10
638.1009042253017
 20
133.3241739338027
 42
0.4142135623770196
 10
638.1009042253016
 20
133.2817475269312
 10
638.2584778184308
 20
133.1241739338009
 42
-0.4142135623730951
 10
638.2584778184308
 20
133.0817475269297
 10
638.1751935471883
 20
132.9984632556877
 42
0.1989123677118371
 10
638.166406750624
 20
132.9772500522138
 10
638.1664067509905
 20
132.6896764228642
 42
-0.4142135627471438
 10
638.1364067509905
 20
132.659676422826
 10
636.3415539010137
 20
132.659676422826
 42
-0.4142135619141362
 10
636.3115539010139
 20
132.689676422779
 10
636.3115539006075
 20
132.9489657807208
 42
-0.1989123673174978
 10
636.3203406971336
 20
132.9701789841181
 10
636.4319092397693
 20
133.081747527157
 42
0.4142135622145568
 10
636.4319092397143
 20
133.1241739340166
 10
636.2743356466584
 20
133.2817475266488
 42
-0.4142135624331357
 10
636.2743356466117
 20
133.3241739335243
 10
636.4319092397598
 20
133.4817475270723
 42
0.4142135622337854
 10
636.4319092397212
 20
133.5241739339335
 10
636.2743356467242
 20
133.6817475264572
 42
-0.4142135631267414
 10
636.2743356467452
 20
133.724173933383
 10
636.4319092397104
 20
133.8817475259597
 42
0.4142135621464714
  0
LWPOLYLINE
  5
18173
330
1F
100
AcDbEntity
  8
RCK_钼铝钼_MASK
100
AcDbPolyline
 90
       46
 70
     1
 43
0.0
 10
624.9427921395922
 20
134.2817475265804
 10
624.7852185463116
 20
134.1241739335785
 42
0.4142135615725544
 10
624.7852185462846
 20
134.0817475267654
 10
624.9427921395787
 20
133.9241739328148
 42
-0.4142135621456866
 10
624.9427921395182
 20
133.88174752596
 10
624.7852185465535
 20
133.7241739333833
 42
0.4142135631259566
 10
624.7852185465323
 20
133.6817475264575
 10
624.9427921395295
 20
133.5241739339338
 42
-0.4142135622335893
 10
624.942792139568
 20
133.4817475270726
 10
624.7852185464201
 20
133.3241739335246
 42
0.4142135624333318
 10
624.7852185464664
 20
133.2817475266491
 10
624.9427921395222
 20
133.1241739340169
 42
-0.4142135622145568
 10
624.9427921395772
 20
133.0817475271572
 10
624.8312235969416
 20
132.9701789841184
 42
0.1989123673174978
 10
624.8224368004155
 20
132.9489657807211
 10
624.8224368008217
 20
132.6896764227792
 42
0.4142135619146912
 10
624.8524368008218
 20
132.6596764228263
 10
626.6472896507986
 20
132.6596764228263
 42
0.4142135627471438
 10
626.6772896507983
 20
132.6896764228645
 10
626.6772896504319
 20
132.9772500522141
 42
-0.1989123677118371
 10
626.6860764469964
 20
132.998463255688
 10
626.7693607182389
 20
133.08174752693
 42
0.4142135623730951
 10
626.7693607182389
 20
133.1241739338012
 10
626.6117871251098
 20
133.2817475269315
 42
-0.4142135623770196
 10
626.6117871251101
 20
133.324173933803
 10
626.7693607182441
 20
133.4817475269268
 42
0.4142135623183524
 10
626.7693607182486
 20
133.5241739337941
 10
626.6117871251042
 20
133.6817475270207
 42
-0.4142135624209704
 10
626.6117871251172
 20
133.7241739338954
 10
626.7693607182068
 20
133.881747527096
 42
0.4142135626069785
 10
626.7693607182077
 20
133.9241739339842
 10
626.6117871251591
 20
134.0817475266044
 42
-0.4142135623183524
 10
626.6117871251049
 20
134.1241739334717
 10
626.7693607182499
 20
134.2817475271601
 42
0.4142135622875471
 10
626.7693607181907
 20
134.3241739340252
 10
626.6860764471494
 20
134.4074582047955
 42
-0.1989123678027281
 10
626.6772896505504
 20
134.4286714082657
 10
626.6772896505504
 20
134.6313921877529
 42
0.4142135623733726
 10
626.6472896505505
 20
134.6613921877529
 10
626.6021425005823
 20
134.6613921877529
 10
626.5421425005824
 20
134.6613921877529
 10
624.8524368005168
 20
134.6613921877529
 42
0.4142135623730951
 10
624.8224368005167
 20
134.6313921877529
 10
624.8224368005167
 20
134.4569556794632
 42
0.1989123672720327
 10
624.8312235970724
 20
134.4357424760365
 10
624.9427921395436
 20
134.3241739334729
 42
-0.4142135626672154
  0
LWPOLYLINE
  5
1832A
330
1F
100
AcDbEntity
  8
RCK_钼铝钼_MASK
100
AcDbPolyline
 90
       49
 70
     1
 43
0.0
 10
643.8879637517267
 20
132.8125746944618
 42
0.3468118865487643
 10
643.9109653008927
 20
132.8417424170792
 10
643.9109653007199
 20
132.9772500522137
 42
-0.1989123677118371
 10
643.9197520972842
 20
132.9984632556876
 10
644.0030363685267
 20
133.0817475269296
 42
0.4142135623730951
 10
644.0030363685267
 20
133.1241739338008
 10
643.8454627753976
 20
133.2817475269311
 42
-0.4142135623778044
 10
643.845462775398
 20
133.3241739338026
 10
644.003036368532
 20
133.4817475269264
 42
0.4142135623183524
 10
644.0030363685366
 20
133.5241739337937
 10
643.8454627753921
 20
133.6817475270204
 42
-0.4142135624201857
 10
643.8454627754049
 20
133.724173933895
 10
644.0030363684947
 20
133.8817475270956
 42
0.4142135626069785
 10
644.0030363684956
 20
133.9241739339838
 10
643.8454627754468
 20
134.081747526604
 42
-0.4142135623175672
 10
643.8454627753928
 20
134.1241739334713
 10
644.003036368538
 20
134.2817475271597
 42
0.4142135622891167
 10
644.0030363684789
 20
134.3241739340248
 10
643.9197520974373
 20
134.4074582047951
 42
-0.1989123678031484
 10
643.9109653008382
 20
134.4286714082653
 10
643.9109653008382
 20
134.6313921877525
 42
0.4142135623733726
 10
643.8809653008384
 20
134.6613921877525
 10
643.8445956049856
 20
134.6613921877529
 10
643.7845956049857
 20
134.6613921877525
 10
642.0861124508046
 20
134.6613921877525
 42
0.4142135623730951
 10
642.0561124508045
 20
134.6313921877525
 10
642.0561124508045
 20
134.4569556794629
 42
0.1989123672720327
 10
642.0648992473602
 20
134.4357424760361
 10
642.1764677898312
 20
134.3241739334725
 42
-0.4142135626680002
 10
642.1764677898802
 20
134.28174752658
 10
642.0188941965995
 20
134.124173933578
 42
0.4142135615733391
 10
642.0188941965728
 20
134.081747526765
 10
642.1764677898667
 20
133.9241739328144
 42
-0.4142135621449017
 10
642.1764677898062
 20
133.8817475259596
 10
642.0188941968413
 20
133.7241739333829
 42
0.4142135631275261
 10
642.0188941968204
 20
133.6817475264571
 10
642.1764677898172
 20
133.5241739339334
 42
-0.4142135622351587
 10
642.1764677898559
 20
133.4817475270722
 10
642.0188941967077
 20
133.3241739335242
 42
0.4142135624341166
 10
642.0188941967542
 20
133.2817475266487
 10
642.1764677898102
 20
133.1241739340164
 42
-0.4142135622145568
 10
642.1764677898652
 20
133.0817475271568
 10
642.0648992472295
 20
132.970178984118
 42
0.1989123673178461
 10
642.0561124507035
 20
132.9489657807207
 10
642.0561124511098
 20
132.6896764227788
 42
0.4142135619144138
 10
642.0861124511097
 20
132.6596764228259
 10
643.8349602502959
 20
132.6596764228258
 42
0.4142135623733726
 10
643.8649602502959
 20
132.6896764228258
 10
643.8649602502959
 20
132.7834019502558
 42
-0.3468356569176418
  0
ENDSEC
  0
SECTION
  2
OBJECTS
  0
DICTIONARY
  5
C
330
0
100
AcDbDictionary
281
     1
  3
ACAD_CIP_PREVIOUS_PRODUCT_INFO
350
18369
  3
ACAD_COLOR
350
6B
  3
ACAD_DETAILVIEWSTYLE
350
1835B
  3
ACAD_GROUP
350
D
  3
ACAD_IMAGE_DICT
350
18357
  3
ACAD_LAST_SAVED_VERSION_INFO
350
18371
  3
ACAD_LAYOUT
350
1A
  3
ACAD_MATERIAL
350
6A
  3
ACAD_MLEADERSTYLE
350
18347
  3
ACAD_MLINESTYLE
350
17
  3
ACAD_PLOTSETTINGS
350
19
  3
ACAD_PLOTSTYLENAME
350
E
  3
ACAD_SCALELIST
350
1832B
  3
ACAD_SECTIONVIEWSTYLE
350
1835C
  3
ACAD_TABLESTYLE
350
7E
  3
ACAD_VISUALSTYLE
350
F0
  3
ACDB_RECOMPOSE_DATA
350
183BE
  3
AcDbVariableDictionary
350
5E
  3
GCAD_REPLACEFONT
350
18349
  0
SUN
  5
18352
330
EB
100
AcDbSun
 90
        1
290
     1
 63
     7
421
 16777215
 40
1.0
291
     1
 91
  2455826
 92
 54000000
292
     0
 70
     0
 71
   256
280
     1
  0
DICTIONARY
  5
5438
330
2
100
AcDbDictionary
280
     1
281
     1
  3
ACAD_LAYERFILTERS
360
86C3
  3
ACAD_LAYERSTATES
360
5439
  3
ACLYDICTIONARY
360
86C2
  0
DICTIONARY
  5
5430
330
542F
100
AcDbDictionary
280
     1
281
     1
  3
ADSK_XREC_LAYER_RECONCILED
360
5431
  0
DICTIONARY
  5
154F2
330
154F1
100
AcDbDictionary
280
     1
281
     1
  3
ADSK_XREC_LAYER_RECONCILED
360
154F3
  0
DICTIONARY
  5
5D72
330
1F
100
AcDbDictionary
280
     1
281
     1
  3
ACAD_SORTENTS
360
5D73
  0
DICTIONARY
  5
13F1C
330
13F19
100
AcDbDictionary
280
     1
281
     1
  3
ACAD_SORTENTS
360
13F1D
  0
XRECORD
  5
18369
102
{ACAD_REACTORS
330
C
102
}
330
C
100
AcDbXrecord
280
     1
300
ACD
300
2024
300

  0
DICTIONARY
  5
6B
102
{ACAD_REACTORS
330
C
102
}
330
C
100
AcDbDictionary
281
     1
  0
DICTIONARY
  5
1835B
102
{ACAD_REACTORS
330
C
102
}
330
C
100
AcDbDictionary
281
     1
  3
Metric50
350
18360
  0
DICTIONARY
  5
D
102
{ACAD_REACTORS
330
C
102
}
330
C
100
AcDbDictionary
281
     1
  3
MyGroup
350
123
  0
DICTIONARY
  5
18357
102
{ACAD_REACTORS
330
C
102
}
330
C
100
AcDbDictionary
281
     1
  0
XRECORD
  5
18371
102
{ACAD_REACTORS
330
C
102
}
330
C
100
AcDbXrecord
280
     1
300
{D73C240F-39BC-B64F-92C5-929DB73F62DE}
301
{53FA33AE-47EE-C14B-AFDC-4C592A4E33E0}
302
{D73C240F-39BC-B64F-92C5-929DB73F62DE}
303
C:\Users\starry\Desktop\chip_shape.dxf
301
{A6E85757-E5D4-8B4D-9729-9333CDE2F671}
302
{7AE61382-D0D8-5048-9FA7-F36856BC3D53}
303
D:\桌面\毕业设计-电极形状.dxf
  0
DICTIONARY
  5
1A
102
{ACAD_REACTORS
330
C
102
}
330
C
100
AcDbDictionary
281
     1
  3
Model
350
22
  3
布局1
350
D3
  3
布局2
350
D7
  0
DICTIONARY
  5
6A
102
{ACAD_REACTORS
330
C
102
}
330
C
100
AcDbDictionary
281
     1
  3
ByBlock
350
EE
  3
ByLayer
350
ED
  3
Global
350
EF
  0
DICTIONARY
  5
18347
102
{ACAD_REACTORS
330
C
102
}
330
C
100
AcDbDictionary
281
     1
  3
Standard
350
18348
  0
DICTIONARY
  5
17
102
{ACAD_REACTORS
330
C
102
}
330
C
100
AcDbDictionary
281
     1
  3
Standard
350
18
  0
DICTIONARY
  5
19
102
{ACAD_REACTORS
330
C
102
}
330
C
100
AcDbDictionary
281
     1
  0
ACDBDICTIONARYWDFLT
  5
E
102
{ACAD_REACTORS
330
C
102
}
330
C
100
AcDbDictionary
281
     1
  3
Normal
350
F
100
AcDbDictionaryWithDefault
340
F
  0
DICTIONARY
  5
1832B
102
{ACAD_REACTORS
330
C
102
}
330
C
100
AcDbDictionary
281
     1
  3
A0
350
1832C
  3
A1
350
1832D
  3
A2
350
1832E
  3
A3
350
1832F
  3
A4
350
18330
  3
A5
350
18331
  3
A6
350
18332
  3
A7
350
18333
  3
A8
350
18334
  3
A9
350
18335
  3
B0
350
18336
  3
B1
350
18337
  3
B2
350
18338
  3
B3
350
18339
  3
B4
350
1833A
  3
B5
350
1833B
  3
B6
350
1833C
  0
DICTIONARY
  5
1835C
102
{ACAD_REACTORS
330
C
102
}
330
C
100
AcDbDictionary
281
     1
  3
Metric50
350
1835F
  0
DICTIONARY
  5
7E
102
{ACAD_REACTORS
330
C
102
}
330
C
100
AcDbDictionary
281
     1
  3
Standard
350
7F
  0
DICTIONARY
  5
F0
102
{ACAD_REACTORS
330
C
102
}
330
C
100
AcDbDictionary
281
     1
  3
2dWireframe
350
F6
  3
3D Hidden
350
F8
  3
3dWireframe
350
F7
  3
Basic
350
F5
  3
Brighten
350
FC
  3
ColorChange
350
100
  3
Conceptual
350
F9
  3
Dim
350
FB
  3
EdgeColorOff
350
18341
  3
Facepattern
350
FF
  3
Flat
350
F1
  3
FlatWithEdges
350
F2
  3
Gouraud
350
F3
  3
GouraudWithEdges
350
F4
  3
Hidden
350
1833E
  3
JitterOff
350
1833F
  3
Linepattern
350
FE
  3
OverhangOff
350
18340
  3
Realistic
350
FA
  3
Shaded
350
18346
  3
Shaded with edges
350
18345
  3
Shades of Gray
350
18342
  3
Sketchy
350
18343
  3
Thicken
350
FD
  3
Wireframe
350
1833D
  3
X-Ray
350
18344
  0
XRECORD
  5
183BE
102
{ACAD_REACTORS
330
C
102
}
330
C
100
AcDbXrecord
280
     1
 90
        1
330
7F
  0
DICTIONARY
  5
5E
102
{ACAD_REACTORS
330
C
102
}
330
C
100
AcDbDictionary
281
     1
  3
CANNOSCALE
350
18358
  3
CMLEADERSTYLE
350
18359
  3
CTABLESTYLE
350
84
  3
CVIEWDETAILSTYLE
350
1838D
  3
CVIEWSECTIONSTYLE
350
1838E
  3
DIMASSOC
350
5F
  3
HIDETEXT
350
63
  3
MSLTSCALE
350
1835A
  0
DICTIONARY
  5
18349
102
{ACAD_REACTORS
330
C
102
}
330
C
100
AcDbDictionary
281
     1
  3
ROMANC
350
1834A
  3
romans
350
1834E
  0
DICTIONARY
  5
86C3
102
{ACAD_REACTORS
330
5438
102
}
330
5438
100
AcDbDictionary
281
     1
  0
DICTIONARY
  5
5439
102
{ACAD_REACTORS
330
5438
102
}
330
5438
100
AcDbDictionary
281
     1
  0
DICTIONARY
  5
86C2
102
{ACAD_REACTORS
330
5438
102
}
330
5438
100
AcDbDictionary
281
     1
1001
ACAD
1000
<All
  0
XRECORD
  5
5431
102
{ACAD_REACTORS
330
5430
102
}
330
5430
100
AcDbXrecord
280
     1
290
     1
  0
XRECORD
  5
154F3
102
{ACAD_REACTORS
330
154F2
102
}
330
154F2
100
AcDbXrecord
280
     1
290
     1
  0
SORTENTSTABLE
  5
5D73
102
{ACAD_REACTORS
330
5D72
102
}
330
5D72
100
AcDbSortentsTable
330
1F
  0
SORTENTSTABLE
  5
13F1D
102
{ACAD_REACTORS
330
13F1C
102
}
330
13F1C
100
AcDbSortentsTable
330
13F19
  0
ACDBDETAILVIEWSTYLE
  5
18360
102
{ACAD_REACTORS
330
1835B
102
}
330
1835B
100
AcDbModelDocViewStyle
 70
     0
  3
Metric50
290
     0
300
Metric50
 90
        0
100
AcDbDetailViewStyle
 70
     0
 71
     0
 90
        3
 71
     1
340
11
 62
   256
 40
5.0
340
0
 62
   256
 40
5.0
300

 40
0.0
280
     1
 71
     2
340
16
 90
       25
 62
   256
 71
     3
340
11
 62
   256
 40
5.0
 90
        0
 40
15.0
 90
        1
300
%<\AcVar ViewDetailId>% (%<\AcVar ViewScale \f "%sn">%)
 71
     4
340
16
 90
       25
 62
   256
340
16
 90
       25
 62
   256
280
     0
  0
GROUP
  5
123
102
{ACAD_REACTORS
330
D
102
}
330
D
100
AcDbGroup
300

 70
     0
 71
     1
  0
LAYOUT
  5
22
102
{ACAD_REACTORS
330
1A
102
}
330
1A
100
AcDbPlotSettings
  1

  2
none_device
  4
ISO_A4_(210.00_x_297.00_MM)
  6

 40
7.5
 41
20.0
 42
7.5
 43
20.0
 44
210.0
 45
297.0
 46
11.54999923706054
 47
-13.65000009536743
 48
0.0
 49
0.0
140
0.0
141
0.0
142
1.0
143
8.704084754739808
 70
 11952
 72
     1
 73
     0
 74
     0
  7

 75
     0
147
0.1148885871608098
 76
     0
 77
     2
 78
   300
148
0.0
149
0.0
100
AcDbLayout
  1
Model
 70
     1
 71
     0
 10
0.0
 20
0.0
 11
12.0
 21
9.0
 12
0.0
 22
0.0
 32
0.0
 14
0.0
 24
0.0
 34
0.0
 15
0.0
 25
0.0
 35
0.0
146
0.0
 13
0.0
 23
0.0
 33
0.0
 16
1.0
 26
0.0
 36
0.0
 17
0.0
 27
1.0
 37
0.0
 76
     0
330
1F
331
EB
1001
ACAD_PSEXT
1000
None
1000
None
1000
Not applicable
1000
The layout will not be plotted unless a new plotter configuration name is selected.
1070
     0
  0
LAYOUT
  5
D3
102
{ACAD_REACTORS
330
1A
102
}
330
1A
100
AcDbPlotSettings
  1

  2
C:\Documents and Settings\basas\Application Data\Autodesk\AutoCAD 2005\R16.1\enu\plotters\Default Windows System Printer.pc3
  4

  6

 40
0.0
 41
0.0
 42
0.0
 43
0.0
 44
0.0
 45
0.0
 46
0.0
 47
0.0
 48
0.0
 49
0.0
140
0.0
141
0.0
142
1.0
143
1.0
 70
   688
 72
     0
 73
     0
 74
     5
  7

 75
    16
147
1.0
 76
     0
 77
     2
 78
   300
148
0.0
149
0.0
100
AcDbLayout
  1
布局1
 70
     1
 71
     1
 10
0.0
 20
0.0
 11
12.0
 21
9.0
 12
0.0
 22
0.0
 32
0.0
 14
0.0
 24
0.0
 34
0.0
 15
0.0
 25
0.0
 35
0.0
146
0.0
 13
0.0
 23
0.0
 33
0.0
 16
1.0
 26
0.0
 36
0.0
 17
0.0
 27
1.0
 37
0.0
 76
     0
330
D2
  0
LAYOUT
  5
D7
102
{ACAD_REACTORS
330
1A
102
}
330
1A
100
AcDbPlotSettings
  1

  2
C:\Documents and Settings\basas\Application Data\Autodesk\AutoCAD 2005\R16.1\enu\plotters\Default Windows System Printer.pc3
  4

  6

 40
0.0
 41
0.0
 42
0.0
 43
0.0
 44
0.0
 45
0.0
 46
0.0
 47
0.0
 48
0.0
 49
0.0
140
0.0
141
0.0
142
1.0
143
1.0
 70
   688
 72
     0
 73
     0
 74
     5
  7

 75
    16
147
1.0
 76
     0
 77
     2
 78
   300
148
0.0
149
0.0
100
AcDbLayout
  1
布局2
 70
     1
 71
     2
 10
0.0
 20
0.0
 11
12.0
 21
9.0
 12
0.0
 22
0.0
 32
0.0
 14
0.0
 24
0.0
 34
0.0
 15
0.0
 25
0.0
 35
0.0
146
0.0
 13
0.0
 23
0.0
 33
0.0
 16
1.0
 26
0.0
 36
0.0
 17
0.0
 27
1.0
 37
0.0
 76
     0
330
D6
  0
MATERIAL
  5
EE
102
{ACAD_REACTORS
330
6A
102
}
330
6A
100
AcDbMaterial
  1
ByBlock
 73
     1
 78
     1
172
     1
176
     1
270
     1
274
     1
 94
       63
  0
MATERIAL
  5
ED
102
{ACAD_REACTORS
330
6A
102
}
330
6A
100
AcDbMaterial
  1
ByLayer
 73
     1
 78
     1
172
     1
176
     1
270
     1
274
     1
 94
       63
  0
MATERIAL
  5
EF
102
{ACAD_REACTORS
330
6A
102
}
330
6A
100
AcDbMaterial
  1
Global
 73
     1
 78
     1
172
     1
176
     1
270
     1
274
     1
 94
       63
  0
MLEADERSTYLE
  5
18348
102
{ACAD_REACTORS
330
18347
102
}
330
18347
100
AcDbMLeaderStyle
179
     2
170
     2
171
     1
172
     0
 90
        2
 40
0.0
 41
0.0
173
     1
 91
-1056964608
340
14
 92
       -2
290
     1
 42
2.0
291
     1
 43
8.0
  3
Standard
 44
4.0
300

342
11
174
     1
178
     6
175
     1
176
     0
 93
-1056964608
 45
4.0
292
     0
297
     0
 46
4.0
 94
-1056964608
 47
1.0
 49
1.0
140
1.0
293
     1
141
0.0
294
     1
177
     0
142
1.0
295
     0
296
     0
143
3.75
271
     0
272
     9
273
     9
298
     0
  0
MLINESTYLE
  5
18
102
{ACAD_REACTORS
330
17
102
}
330
17
100
AcDbMlineStyle
  2
STANDARD
 70
     0
  3

 62
   256
 51
90.0
 52
90.0
 71
     2
 49
0.5
 62
   256
  6
BYLAYER
 49
-0.5
 62
   256
  6
BYLAYER
  0
ACDBPLACEHOLDER
  5
F
102
{ACAD_REACTORS
330
E
102
}
330
E
  0
SCALE
  5
1832C
102
{ACAD_REACTORS
330
1832B
102
}
330
1832B
100
AcDbScale
 70
     0
300
1:1
140
1.0
141
1.0
290
     1
  0
SCALE
  5
1832D
102
{ACAD_REACTORS
330
1832B
102
}
330
1832B
100
AcDbScale
 70
     0
300
1:2
140
1.0
141
2.0
290
     0
  0
SCALE
  5
1832E
102
{ACAD_REACTORS
330
1832B
102
}
330
1832B
100
AcDbScale
 70
     0
300
1:4
140
1.0
141
4.0
290
     0
  0
SCALE
  5
1832F
102
{ACAD_REACTORS
330
1832B
102
}
330
1832B
100
AcDbScale
 70
     0
300
1:5
140
1.0
141
5.0
290
     0
  0
SCALE
  5
18330
102
{ACAD_REACTORS
330
1832B
102
}
330
1832B
100
AcDbScale
 70
     0
300
1:8
140
1.0
141
8.0
290
     0
  0
SCALE
  5
18331
102
{ACAD_REACTORS
330
1832B
102
}
330
1832B
100
AcDbScale
 70
     0
300
1:10
140
1.0
141
10.0
290
     0
  0
SCALE
  5
18332
102
{ACAD_REACTORS
330
1832B
102
}
330
1832B
100
AcDbScale
 70
     0
300
1:16
140
1.0
141
16.0
290
     0
  0
SCALE
  5
18333
102
{ACAD_REACTORS
330
1832B
102
}
330
1832B
100
AcDbScale
 70
     0
300
1:20
140
1.0
141
20.0
290
     0
  0
SCALE
  5
18334
102
{ACAD_REACTORS
330
1832B
102
}
330
1832B
100
AcDbScale
 70
     0
300
1:30
140
1.0
141
30.0
290
     0
  0
SCALE
  5
18335
102
{ACAD_REACTORS
330
1832B
102
}
330
1832B
100
AcDbScale
 70
     0
300
1:40
140
1.0
141
40.0
290
     0
  0
SCALE
  5
18336
102
{ACAD_REACTORS
330
1832B
102
}
330
1832B
100
AcDbScale
 70
     0
300
1:50
140
1.0
141
50.0
290
     0
  0
SCALE
  5
18337
102
{ACAD_REACTORS
330
1832B
102
}
330
1832B
100
AcDbScale
 70
     0
300
1:100
140
1.0
141
100.0
290
     0
  0
SCALE
  5
18338
102
{ACAD_REACTORS
330
1832B
102
}
330
1832B
100
AcDbScale
 70
     0
300
2:1
140
2.0
141
1.0
290
     0
  0
SCALE
  5
18339
102
{ACAD_REACTORS
330
1832B
102
}
330
1832B
100
AcDbScale
 70
     0
300
4:1
140
4.0
141
1.0
290
     0
  0
SCALE
  5
1833A
102
{ACAD_REACTORS
330
1832B
102
}
330
1832B
100
AcDbScale
 70
     0
300
8:1
140
8.0
141
1.0
290
     0
  0
SCALE
  5
1833B
102
{ACAD_REACTORS
330
1832B
102
}
330
1832B
100
AcDbScale
 70
     0
300
10:1
140
10.0
141
1.0
290
     0
  0
SCALE
  5
1833C
102
{ACAD_REACTORS
330
1832B
102
}
330
1832B
100
AcDbScale
 70
     0
300
100:1
140
100.0
141
1.0
290
     0
  0
ACDBSECTIONVIEWSTYLE
  5
1835F
102
{ACAD_REACTORS
330
1835C
102
}
330
1835C
100
AcDbModelDocViewStyle
 70
     0
  3
Metric50
290
     0
300
Metric50
 90
        0
100
AcDbSectionViewStyle
 70
     0
 71
     0
 90
      102
 71
     1
340
11
 62
   256
 40
5.0
340
0
340
0
 62
   256
 40
5.0
300
I, O, Q, S, X, Z
 40
10.0
 90
        0
 40
2.5
 90
        0
 71
     2
340
16
 90
       25
 62
   256
340
16
 90
       50
 62
   256
 40
5.0
 40
2.5
 40
5.0
 71
     3
340
11
 62
   256
 40
5.0
 90
        0
 40
15.0
 90
        1
300
%<\AcVar ViewSectionStartId>%-%<\AcVar ViewSectionEndId>% (%<\AcVar ViewScale \f "%sn">%)
 71
     4
 62
   256
 62
   257
300
ANSI31
 40
1.0
 90
        0
290
     0
290
     0
 90
        6
 40
0.0
 40
1.570796326794896
 40
0.2617993877991494
 40
1.308996938995747
 40
-0.2617993877991494
 40
1.832595714594044
  0
TABLESTYLE
  5
7F
102
{ACAD_XDICTIONARY
360
18399
102
}
102
{ACAD_REACTORS
330
7E
102
}
330
7E
100
AcDbTableStyle
280
     0
  3
Standard
 70
     0
 71
     0
 40
1.5
 41
1.5
280
     0
281
     0
  7
Standard
140
4.5
170
     2
 62
     0
 63
     7
283
     0
 90
      512
 91
        0
  1

274
    -2
284
     1
 64
     0
275
    -2
285
     1
 65
     0
276
    -2
286
     1
 66
     0
277
    -2
287
     1
 67
     0
278
    -2
288
     1
 68
     0
279
    -2
289
     1
 69
     0
  7
Standard
140
6.0
170
     5
 62
     0
 63
     7
283
     0
 90
      512
 91
        0
  1

274
    -2
284
     1
 64
     0
275
    -2
285
     1
 65
     0
276
    -2
286
     1
 66
     0
277
    -2
287
     1
 67
     0
278
    -2
288
     1
 68
     0
279
    -2
289
     1
 69
     0
  7
Standard
140
4.5
170
     5
 62
     0
 63
     7
283
     0
 90
      512
 91
        0
  1

274
    -2
284
     1
 64
     0
275
    -2
285
     1
 65
     0
276
    -2
286
     1
 66
     0
277
    -2
287
     1
 67
     0
278
    -2
288
     1
 68
     0
279
    -2
289
     1
 69
     0
  0
VISUALSTYLE
  5
F6
102
{ACAD_REACTORS
330
F0
102
}
330
F0
100
AcDbVisualStyle
  2
2dWireframe
 70
     4
177
     3
291
     0
 70
    58
 90
        0
176
     1
 90
        2
176
     1
 90
        1
176
     1
 90
        0
176
     1
 40
0.6
176
     1
 40
30.0
176
     1
 62
     7
420
 16777215
176
     1
 90
        1
176
     1
 90
        4
176
     1
 62
     7
176
     1
 62
   257
176
     1
 90
        1
176
     1
 90
        1
176
     1
 40
1.0
176
     1
 90
        0
176
     1
 62
   257
176
     1
 40
1.0
176
     1
 90
        1
176
     1
 90
        6
176
     1
 90
        2
176
     1
 62
     7
176
     1
 90
        5
176
     1
 90
        0
176
     1
 90
        0
176
     1
290
     0
176
     1
 90
        1
176
     1
 40
0.0
176
     1
 90
        0
176
     1
290
     1
176
     1
290
     1
176
     1
290
     0
176
     1
290
     0
176
     1
290
     0
176
     1
290
     0
176
     1
290
     0
176
     1
290
     0
176
     1
290
     0
176
     1
 90
       50
176
     1
 40
0.0
176
     1
 40
1.0
176
     1
 90
        0
176
     1
 62
    18
176
     1
 90
       50
176
     1
 90
        3
176
     1
 62
     5
420
      255
176
     1
290
     0
176
     1
 90
       50
176
     1
 90
       50
176
     1
 90
       50
176
     1
290
     0
176
     1
 90
       50
176
     1
 62
   256
176
     0
 40
1.0
176
     0
 90
        2
176
     1
  1
strokes_ogs.tif
176
     1
290
     0
176
     1
 40
1.0
176
     1
 40
1.0
176
     1
  0
VISUALSTYLE
  5
F8
102
{ACAD_REACTORS
330
F0
102
}
330
F0
100
AcDbVisualStyle
  2
3D Hidden
 70
     6
177
     3
291
     0
 70
    58
 90
        1
176
     1
 90
        2
176
     1
 90
        2
176
     1
 90
        0
176
     1
 40
0.6
176
     1
 40
30.0
176
     1
 62
     7
420
 16777215
176
     1
 90
        2
176
     1
 90
        2
176
     1
 62
     7
176
     1
 62
   257
176
     1
 90
        2
176
     1
 90
        1
176
     1
 40
40.0
176
     1
 90
        0
176
     1
 62
   257
176
     1
 40
1.0
176
     1
 90
        1
176
     1
 90
        6
176
     1
 90
        2
176
     1
 62
     7
176
     1
 90
        3
176
     1
 90
        0
176
     1
 90
        0
176
     1
290
     0
176
     1
 90
        1
176
     1
 40
0.0
176
     1
 90
        0
176
     1
290
     0
176
     1
290
     1
176
     1
290
     1
176
     1
290
     0
176
     1
290
     0
176
     1
290
     0
176
     1
290
     0
176
     1
290
     0
176
     1
290
     0
176
     1
 90
       50
176
     1
 40
0.0
176
     1
 40
1.0
176
     1
 90
        0
176
     1
 62
    18
176
     1
 90
       50
176
     1
 90
        3
176
     1
 62
     5
420
      255
176
     1
290
     0
176
     1
 90
       50
176
     1
 90
       50
176
     1
 90
       50
176
     1
290
     0
176
     1
 90
       50
176
     1
 62
   256
176
     0
 40
1.0
176
     0
 90
        2
176
     1
  1
strokes_ogs.tif
176
     1
290
     0
176
     1
 40
1.0
176
     1
 40
1.0
176
     1
  0
VISUALSTYLE
  5
F7
102
{ACAD_REACTORS
330
F0
102
}
330
F0
100
AcDbVisualStyle
  2
3dWireframe
 70
     5
177
     3
291
     0
 70
    58
 90
        0
176
     1
 90
        2
176
     1
 90
        1
176
     1
 90
        0
176
     1
 40
0.6
176
     1
 40
30.0
176
     1
 62
     7
420
 16777215
176
     1
 90
        1
176
     1
 90
        4
176
     1
 62
     7
176
     1
 62
   257
176
     1
 90
        1
176
     1
 90
        1
176
     1
 40
1.0
176
     1
 90
        0
176
     1
 62
   257
176
     1
 40
1.0
176
     1
 90
        1
176
     1
 90
        6
176
     1
 90
        2
176
     1
 62
     7
176
     1
 90
        5
176
     1
 90
        0
176
     1
 90
        0
176
     1
290
     0
176
     1
 90
        1
176
     1
 40
0.0
176
     1
 90
        0
176
     1
290
     0
176
     1
290
     1
176
     1
290
     1
176
     1
290
     0
176
     1
290
     0
176
     1
290
     0
176
     1
290
     0
176
     1
290
     0
176
     1
290
     0
176
     1
 90
       50
176
     1
 40
0.0
176
     1
 40
1.0
176
     1
 90
        0
176
     1
 62
    18
176
     1
 90
       50
176
     1
 90
        3
176
     1
 62
     5
420
      255
176
     1
290
     0
176
     1
 90
       50
176
     1
 90
       50
176
     1
 90
       50
176
     1
290
     0
176
     1
 90
       50
176
     1
 62
   256
176
     0
 40
1.0
176
     0
 90
        2
176
     1
  1
strokes_ogs.tif
176
     1
290
     0
176
     1
 40
1.0
176
     1
 40
1.0
176
     1
  0
VISUALSTYLE
  5
F5
102
{ACAD_REACTORS
330
F0
102
}
330
F0
100
AcDbVisualStyle
  2
Basic
 70
     7
177
     3
291
     1
 70
    58
 90
        1
176
     1
 90
        0
176
     1
 90
        1
176
     1
 90
        0
176
     1
 40
0.6
176
     1
 40
30.0
176
     1
 62
     7
420
 16777215
176
     1
 90
        0
176
     1
 90
        4
176
     1
 62
     7
176
     1
 62
   257
176
     1
 90
        1
176
     1
 90
        1
176
     1
 40
1.0
176
     1
 90
        8
176
     1
 62
     7
176
     1
 40
1.0
176
     1
 90
        1
176
     1
 90
        6
176
     1
 90
        2
176
     1
 62
     7
176
     1
 90
        5
176
     1
 90
        0
176
     1
 90
        0
176
     1
290
     0
176
     1
 90
        1
176
     1
 40
0.0
176
     1
 90
        0
176
     1
290
     0
176
     1
290
     1
176
     1
290
     1
176
     1
290
     0
176
     1
290
     0
176
     1
290
     0
176
     1
290
     0
176
     1
290
     0
176
     1
290
     0
176
     1
 90
       50
176
     1
 40
0.0
176
     1
 40
1.0
176
     1
 90
        0
176
     1
 62
    18
176
     1
 90
       50
176
     1
 90
        3
176
     1
 62
     5
420
      255
176
     1
290
     0
176
     1
 90
       50
176
     1
 90
       50
176
     1
 90
       50
176
     1
290
     0
176
     1
 90
       50
176
     1
 62
   256
176
     0
 40
1.0
176
     0
 90
        2
176
     1
  1
strokes_ogs.tif
176
     1
290
     0
176
     1
 40
1.0
176
     1
 40
1.0
176
     1
  0
VISUALSTYLE
  5
FC
102
{ACAD_REACTORS
330
F0
102
}
330
F0
100
AcDbVisualStyle
  2
Brighten
 70
    12
177
     3
291
     1
 70
    58
 90
        2
176
     1
 90
        2
176
     1
 90
        1
176
     1
 90
        0
176
     1
 40
0.6
176
     1
 40
30.0
176
     1
 62
     7
420
 16777215
176
     1
 90
        1
176
     1
 90
        4
176
     1
 62
     7
176
     1
 62
   257
176
     1
 90
        1
176
     1
 90
        1
176
     1
 40
1.0
176
     1
 90
        8
176
     1
 62
     7
176
     1
 40
1.0
176
     1
 90
        1
176
     1
 90
        6
176
     1
 90
        2
176
     1
 62
     7
176
     1
 90
        5
176
     1
 90
        0
176
     1
 90
        0
176
     1
290
     0
176
     1
 90
        1
176
     1
 40
50.0
176
     1
 90
        0
176
     1
290
     0
176
     1
290
     1
176
     1
290
     1
176
     1
290
     0
176
     1
290
     0
176
     1
290
     0
176
     1
290
     0
176
     1
290
     0
176
     1
290
     0
176
     1
 90
       50
176
     1
 40
0.0
176
     1
 40
1.0
176
     1
 90
        0
176
     1
 62
    18
176
     1
 90
       50
176
     1
 90
        3
176
     1
 62
     5
420
      255
176
     1
290
     0
176
     1
 90
       50
176
     1
 90
       50
176
     1
 90
       50
176
     1
290
     0
176
     1
 90
       50
176
     1
 62
   256
176
     0
 40
1.0
176
     0
 90
        2
176
     1
  1
strokes_ogs.tif
176
     1
290
     0
176
     1
 40
1.0
176
     1
 40
1.0
176
     1
  0
VISUALSTYLE
  5
100
102
{ACAD_REACTORS
330
F0
102
}
330
F0
100
AcDbVisualStyle
  2
ColorChange
 70
    16
177
     3
291
     1
 70
    58
 90
        2
176
     1
 90
        2
176
     1
 90
        3
176
     1
 90
        0
176
     1
 40
0.6
176
     1
 40
30.0
176
     1
 62
     8
420
  8421504
176
     1
 90
        1
176
     1
 90
        4
176
     1
 62
     7
176
     1
 62
   257
176
     1
 90
        1
176
     1
 90
        1
176
     1
 40
1.0
176
     1
 90
        8
176
     1
 62
     8
420
  8421504
176
     1
 40
1.0
176
     1
 90
        1
176
     1
 90
        6
176
     1
 90
        2
176
     1
 62
     7
176
     1
 90
        5
176
     1
 90
        0
176
     1
 90
        0
176
     1
290
     0
176
     1
 90
        1
176
     1
 40
0.0
176
     1
 90
        0
176
     1
290
     0
176
     1
290
     1
176
     1
290
     1
176
     1
290
     0
176
     1
290
     0
176
     1
290
     0
176
     1
290
     0
176
     1
290
     0
176
     1
290
     0
176
     1
 90
       50
176
     1
 40
0.0
176
     1
 40
1.0
176
     1
 90
        0
176
     1
 62
    18
176
     1
 90
       50
176
     1
 90
        3
176
     1
 62
     5
420
      255
176
     1
290
     0
176
     1
 90
       50
176
     1
 90
       50
176
     1
 90
       50
176
     1
290
     0
176
     1
 90
       50
176
     1
 62
   256
176
     0
 40
1.0
176
     0
 90
        2
176
     1
  1
strokes_ogs.tif
176
     1
290
     0
176
     1
 40
1.0
176
     1
 40
1.0
176
     1
  0
VISUALSTYLE
  5
F9
102
{ACAD_REACTORS
330
F0
102
}
330
F0
100
AcDbVisualStyle
  2
Conceptual
 70
     9
177
     3
291
     0
 70
    58
 90
        3
176
     1
 90
        2
176
     1
 90
        1
176
     1
 90
        0
176
     1
 40
0.6
176
     1
 40
30.0
176
     1
 62
     7
420
 16777215
176
     1
 90
        2
176
     1
 90
        2
176
     1
 62
     7
176
     1
 62
   257
176
     1
 90
        1
176
     1
 90
        1
176
     1
 40
40.0
176
     1
 90
        8
176
     1
 62
     7
176
     1
 40
1.0
176
     1
 90
        1
176
     1
 90
        6
176
     1
 90
        2
176
     1
 62
     7
176
     1
 90
        3
176
     1
 90
        0
176
     1
 90
        0
176
     1
290
     0
176
     1
 90
        1
176
     1
 40
0.0
176
     1
 90
        0
176
     1
290
     0
176
     1
290
     1
176
     1
290
     1
176
     1
290
     0
176
     1
290
     0
176
     1
290
     0
176
     1
290
     0
176
     1
290
     0
176
     1
290
     0
176
     1
 90
       50
176
     1
 40
0.0
176
     1
 40
1.0
176
     1
 90
        0
176
     1
 62
    18
176
     1
 90
       50
176
     1
 90
        3
176
     1
 62
     5
420
      255
176
     1
290
     0
176
     1
 90
       50
176
     1
 90
       50
176
     1
 90
       50
176
     1
290
     0
176
     1
 90
       50
176
     1
 62
   256
176
     0
 40
1.0
176
     0
 90
        2
176
     1
  1
strokes_ogs.tif
176
     1
290
     0
176
     1
 40
1.0
176
     1
 40
1.0
176
     1
  0
VISUALSTYLE
  5
FB
102
{ACAD_REACTORS
330
F0
102
}
330
F0
100
AcDbVisualStyle
  2
Dim
 70
    11
177
     3
291
     1
 70
    58
 90
        2
176
     1
 90
        2
176
     1
 90
        1
176
     1
 90
        0
176
     1
 40
0.6
176
     1
 40
30.0
176
     1
 62
     7
420
 16777215
176
     1
 90
        1
176
     1
 90
        4
176
     1
 62
     7
176
     1
 62
   257
176
     1
 90
        1
176
     1
 90
        1
176
     1
 40
1.0
176
     1
 90
        8
176
     1
 62
     7
176
     1
 40
1.0
176
     1
 90
        1
176
     1
 90
        6
176
     1
 90
        2
176
     1
 62
     7
176
     1
 90
        5
176
     1
 90
        0
176
     1
 90
        0
176
     1
290
     0
176
     1
 90
        1
176
     1
 40
-50.0
176
     1
 90
        0
176
     1
290
     0
176
     1
290
     1
176
     1
290
     1
176
     1
290
     0
176
     1
290
     0
176
     1
290
     0
176
     1
290
     0
176
     1
290
     0
176
     1
290
     0
176
     1
 90
       50
176
     1
 40
0.0
176
     1
 40
1.0
176
     1
 90
        0
176
     1
 62
    18
176
     1
 90
       50
176
     1
 90
        3
176
     1
 62
     5
420
      255
176
     1
290
     0
176
     1
 90
       50
176
     1
 90
       50
176
     1
 90
       50
176
     1
290
     0
176
     1
 90
       50
176
     1
 62
   256
176
     0
 40
1.0
176
     0
 90
        2
176
     1
  1
strokes_ogs.tif
176
     1
290
     0
176
     1
 40
1.0
176
     1
 40
1.0
176
     1
  0
VISUALSTYLE
  5
18341
102
{ACAD_REACTORS
330
F0
102
}
330
F0
100
AcDbVisualStyle
  2
EdgeColorOff
 70
    22
177
     3
291
     1
 70
    58
 90
        2
176
     0
 90
        2
176
     0
 90
        0
176
     0
 90
        0
176
     0
 40
0.6
176
     0
 40
30.0
176
     0
 62
     7
420
 16777215
176
     0
 90
        1
176
     0
 90
        4
176
     0
 62
     7
176
     0
 62
   257
176
     0
 90
        1
176
     0
 90
        1
176
     0
 40
1.0
176
     0
 90
        8
176
     2
 62
     7
176
     0
 40
1.0
176
     0
 90
        1
176
     0
 90
        6
176
     0
 90
        2
176
     0
 62
     7
176
     0
 90
        5
176
     0
 90
        0
176
     0
 90
        0
176
     0
290
     0
176
     0
 90
        1
176
     0
 40
0.0
176
     0
 90
        0
176
     0
290
     0
176
     0
290
     1
176
     0
290
     1
176
     0
290
     0
176
     0
290
     0
176
     0
290
     0
176
     0
290
     0
176
     0
290
     0
176
     0
290
     0
176
     0
 90
       50
176
     0
 40
0.0
176
     0
 40
1.0
176
     0
 90
        0
176
     0
 62
    18
176
     0
 90
       50
176
     0
 90
        3
176
     0
 62
     5
420
      255
176
     0
290
     0
176
     0
 90
       50
176
     0
 90
       50
176
     0
 90
       50
176
     0
290
     0
176
     0
 90
       50
176
     0
 62
   256
176
     0
 40
1.0
176
     0
 90
        2
176
     0
  1
strokes_ogs.tif
176
     0
290
     0
176
     0
 40
1.0
176
     0
 40
1.0
176
     0
  0
VISUALSTYLE
  5
FF
102
{ACAD_REACTORS
330
F0
102
}
330
F0
100
AcDbVisualStyle
  2
Facepattern
 70
    15
177
     3
291
     1
 70
    58
 90
        2
176
     1
 90
        2
176
     1
 90
        1
176
     1
 90
        0
176
     1
 40
0.6
176
     1
 40
30.0
176
     1
 62
     7
420
 16777215
176
     1
 90
        1
176
     1
 90
        4
176
     1
 62
     7
176
     1
 62
   257
176
     1
 90
        1
176
     1
 90
        1
176
     1
 40
1.0
176
     1
 90
        8
176
     1
 62
     7
176
     1
 40
1.0
176
     1
 90
        1
176
     1
 90
        6
176
     1
 90
        2
176
     1
 62
     7
176
     1
 90
        5
176
     1
 90
        0
176
     1
 90
        0
176
     1
290
     0
176
     1
 90
        1
176
     1
 40
0.0
176
     1
 90
        0
176
     1
290
     0
176
     1
290
     1
176
     1
290
     1
176
     1
290
     0
176
     1
290
     0
176
     1
290
     0
176
     1
290
     0
176
     1
290
     0
176
     1
290
     0
176
     1
 90
       50
176
     1
 40
0.0
176
     1
 40
1.0
176
     1
 90
        0
176
     1
 62
    18
176
     1
 90
       50
176
     1
 90
        3
176
     1
 62
     5
420
      255
176
     1
290
     0
176
     1
 90
       50
176
     1
 90
       50
176
     1
 90
       50
176
     1
290
     0
176
     1
 90
       50
176
     1
 62
   256
176
     0
 40
1.0
176
     0
 90
        2
176
     1
  1
strokes_ogs.tif
176
     1
290
     0
176
     1
 40
1.0
176
     1
 40
1.0
176
     1
  0
VISUALSTYLE
  5
F1
102
{ACAD_REACTORS
330
F0
102
}
330
F0
100
AcDbVisualStyle
  2
Flat
 70
     0
177
     3
291
     1
 70
    58
 90
        2
176
     1
 90
        1
176
     1
 90
        1
176
     1
 90
        2
176
     1
 40
0.6
176
     1
 40
30.0
176
     1
 62
     7
420
 16777215
176
     1
 90
        0
176
     1
 90
        4
176
     1
 62
     7
176
     1
 62
   257
176
     1
 90
        1
176
     1
 90
        1
176
     1
 40
1.0
176
     1
 90
        8
176
     1
 62
     7
176
     1
 40
1.0
176
     1
 90
        1
176
     1
 90
        6
176
     1
 90
        2
176
     1
 62
     7
176
     1
 90
        5
176
     1
 90
        0
176
     1
 90
        0
176
     1
290
     0
176
     1
 90
        1
176
     1
 40
0.0
176
     1
 90
        0
176
     1
290
     0
176
     1
290
     1
176
     1
290
     1
176
     1
290
     0
176
     1
290
     0
176
     1
290
     0
176
     1
290
     0
176
     1
290
     0
176
     1
290
     0
176
     1
 90
       50
176
     1
 40
0.0
176
     1
 40
1.0
176
     1
 90
        0
176
     1
 62
    18
176
     1
 90
       50
176
     1
 90
        3
176
     1
 62
     5
420
      255
176
     1
290
     0
176
     1
 90
       50
176
     1
 90
       50
176
     1
 90
       50
176
     1
290
     0
176
     1
 90
       50
176
     1
 62
   256
176
     0
 40
1.0
176
     0
 90
        2
176
     1
  1
strokes_ogs.tif
176
     1
290
     0
176
     1
 40
1.0
176
     1
 40
1.0
176
     1
  0
VISUALSTYLE
  5
F2
102
{ACAD_REACTORS
330
F0
102
}
330
F0
100
AcDbVisualStyle
  2
FlatWithEdges
 70
     1
177
     3
291
     1
 70
    58
 90
        2
176
     1
 90
        1
176
     1
 90
        1
176
     1
 90
        2
176
     1
 40
0.6
176
     1
 40
30.0
176
     1
 62
     7
420
 16777215
176
     1
 90
        1
176
     1
 90
        4
176
     1
 62
     7
176
     1
 62
   257
176
     1
 90
        1
176
     1
 90
        1
176
     1
 40
1.0
176
     1
 90
        0
176
     1
 62
   257
176
     1
 40
1.0
176
     1
 90
        1
176
     1
 90
        6
176
     1
 90
        2
176
     1
 62
     7
176
     1
 90
        5
176
     1
 90
        0
176
     1
 90
        0
176
     1
290
     0
176
     1
 90
        1
176
     1
 40
0.0
176
     1
 90
        0
176
     1
290
     0
176
     1
290
     1
176
     1
290
     1
176
     1
290
     0
176
     1
290
     0
176
     1
290
     0
176
     1
290
     0
176
     1
290
     0
176
     1
290
     0
176
     1
 90
       50
176
     1
 40
0.0
176
     1
 40
1.0
176
     1
 90
        0
176
     1
 62
    18
176
     1
 90
       50
176
     1
 90
        3
176
     1
 62
     5
420
      255
176
     1
290
     0
176
     1
 90
       50
176
     1
 90
       50
176
     1
 90
       50
176
     1
290
     0
176
     1
 90
       50
176
     1
 62
   256
176
     0
 40
1.0
176
     0
 90
        2
176
     1
  1
strokes_ogs.tif
176
     1
290
     0
176
     1
 40
1.0
176
     1
 40
1.0
176
     1
  0
VISUALSTYLE
  5
F3
102
{ACAD_REACTORS
330
F0
102
}
330
F0
100
AcDbVisualStyle
  2
Gouraud
 70
     2
177
     3
291
     1
 70
    58
 90
        2
176
     1
 90
        2
176
     1
 90
        1
176
     1
 90
        2
176
     1
 40
0.6
176
     1
 40
30.0
176
     1
 62
     7
420
 16777215
176
     1
 90
        0
176
     1
 90
        4
176
     1
 62
     7
176
     1
 62
   257
176
     1
 90
        1
176
     1
 90
        1
176
     1
 40
1.0
176
     1
 90
        0
176
     1
 62
     7
176
     1
 40
1.0
176
     1
 90
        1
176
     1
 90
        6
176
     1
 90
        2
176
     1
 62
     7
176
     1
 90
        5
176
     1
 90
        0
176
     1
 90
        0
176
     1
290
     0
176
     1
 90
        1
176
     1
 40
0.0
176
     1
 90
        0
176
     1
290
     0
176
     1
290
     1
176
     1
290
     1
176
     1
290
     0
176
     1
290
     0
176
     1
290
     0
176
     1
290
     0
176
     1
290
     0
176
     1
290
     0
176
     1
 90
       50
176
     1
 40
0.0
176
     1
 40
1.0
176
     1
 90
        0
176
     1
 62
    18
176
     1
 90
       50
176
     1
 90
        3
176
     1
 62
     5
420
      255
176
     1
290
     0
176
     1
 90
       50
176
     1
 90
       50
176
     1
 90
       50
176
     1
290
     0
176
     1
 90
       50
176
     1
 62
   256
176
     0
 40
1.0
176
     0
 90
        2
176
     1
  1
strokes_ogs.tif
176
     1
290
     0
176
     1
 40
1.0
176
     1
 40
1.0
176
     1
  0
VISUALSTYLE
  5
F4
102
{ACAD_REACTORS
330
F0
102
}
330
F0
100
AcDbVisualStyle
  2
GouraudWithEdges
 70
     3
177
     3
291
     1
 70
    58
 90
        2
176
     1
 90
        2
176
     1
 90
        1
176
     1
 90
        2
176
     1
 40
0.6
176
     1
 40
30.0
176
     1
 62
     7
420
 16777215
176
     1
 90
        1
176
     1
 90
        4
176
     1
 62
     7
176
     1
 62
   257
176
     1
 90
        1
176
     1
 90
        1
176
     1
 40
1.0
176
     1
 90
        0
176
     1
 62
   257
176
     1
 40
1.0
176
     1
 90
        1
176
     1
 90
        6
176
     1
 90
        2
176
     1
 62
     7
176
     1
 90
        5
176
     1
 90
        0
176
     1
 90
        0
176
     1
290
     0
176
     1
 90
        1
176
     1
 40
0.0
176
     1
 90
        0
176
     1
290
     0
176
     1
290
     1
176
     1
290
     1
176
     1
290
     0
176
     1
290
     0
176
     1
290
     0
176
     1
290
     0
176
     1
290
     0
176
     1
290
     0
176
     1
 90
       50
176
     1
 40
0.0
176
     1
 40
1.0
176
     1
 90
        0
176
     1
 62
    18
176
     1
 90
       50
176
     1
 90
        3
176
     1
 62
     5
420
      255
176
     1
290
     0
176
     1
 90
       50
176
     1
 90
       50
176
     1
 90
       50
176
     1
290
     0
176
     1
 90
       50
176
     1
 62
   256
176
     0
 40
1.0
176
     0
 90
        2
176
     1
  1
strokes_ogs.tif
176
     1
290
     0
176
     1
 40
1.0
176
     1
 40
1.0
176
     1
  0
VISUALSTYLE
  5
1833E
102
{ACAD_REACTORS
330
F0
102
}
330
F0
100
AcDbVisualStyle
  2
Hidden
 70
     6
177
     3
291
     0
 70
    58
 90
        1
176
     1
 90
        2
176
     1
 90
        2
176
     1
 90
        0
176
     1
 40
0.6
176
     1
 40
30.0
176
     1
 62
     7
420
 16777215
176
     1
 90
        2
176
     1
 90
        2
176
     1
 62
     7
176
     1
 62
   257
176
     1
 90
        2
176
     1
 90
        1
176
     1
 40
40.0
176
     1
 90
        0
176
     1
 62
   257
176
     1
 40
1.0
176
     1
 90
        1
176
     1
 90
        6
176
     1
 90
        2
176
     1
 62
     7
176
     1
 90
        3
176
     1
 90
        0
176
     1
 90
        0
176
     1
290
     0
176
     1
 90
        1
176
     1
 40
0.0
176
     1
 90
        0
176
     1
290
     0
176
     1
290
     1
176
     1
290
     1
176
     1
290
     0
176
     1
290
     0
176
     1
290
     0
176
     1
290
     0
176
     1
290
     0
176
     1
290
     0
176
     1
 90
       50
176
     1
 40
0.0
176
     1
 40
1.0
176
     1
 90
        0
176
     1
 62
    18
176
     1
 90
       50
176
     1
 90
        3
176
     1
 62
     5
420
      255
176
     1
290
     0
176
     1
 90
       50
176
     1
 90
       50
176
     1
 90
       50
176
     1
290
     0
176
     1
 90
       50
176
     1
 62
   256
176
     0
 40
1.0
176
     0
 90
        2
176
     1
  1
strokes_ogs.tif
176
     1
290
     0
176
     1
 40
1.0
176
     1
 40
1.0
176
     1
  0
VISUALSTYLE
  5
1833F
102
{ACAD_REACTORS
330
F0
102
}
330
F0
100
AcDbVisualStyle
  2
JitterOff
 70
    20
177
     3
291
     1
 70
    58
 90
        2
176
     0
 90
        2
176
     0
 90
        0
176
     0
 90
        0
176
     0
 40
0.6
176
     0
 40
30.0
176
     0
 62
     7
420
 16777215
176
     0
 90
        1
176
     0
 90
        4
176
     0
 62
     7
176
     0
 62
   257
176
     0
 90
        1
176
     0
 90
        1
176
     0
 40
1.0
176
     0
 90
       10
176
     2
 62
     7
176
     0
 40
1.0
176
     0
 90
        1
176
     0
 90
        6
176
     0
 90
        2
176
     0
 62
     7
176
     0
 90
        5
176
     0
 90
        0
176
     0
 90
        0
176
     0
290
     0
176
     0
 90
        1
176
     0
 40
0.0
176
     0
 90
        0
176
     0
290
     0
176
     0
290
     1
176
     0
290
     1
176
     0
290
     0
176
     0
290
     0
176
     0
290
     0
176
     0
290
     0
176
     0
290
     0
176
     0
290
     0
176
     0
 90
       50
176
     0
 40
0.0
176
     0
 40
1.0
176
     0
 90
        0
176
     0
 62
    18
176
     0
 90
       50
176
     0
 90
        3
176
     0
 62
     5
420
      255
176
     0
290
     0
176
     0
 90
       50
176
     0
 90
       50
176
     0
 90
       50
176
     0
290
     0
176
     0
 90
       50
176
     0
 62
   256
176
     0
 40
1.0
176
     0
 90
        2
176
     0
  1
strokes_ogs.tif
176
     0
290
     0
176
     0
 40
1.0
176
     0
 40
1.0
176
     0
  0
VISUALSTYLE
  5
FE
102
{ACAD_REACTORS
330
F0
102
}
330
F0
100
AcDbVisualStyle
  2
Linepattern
 70
    14
177
     3
291
     1
 70
    58
 90
        2
176
     1
 90
        2
176
     1
 90
        1
176
     1
 90
        0
176
     1
 40
0.6
176
     1
 40
30.0
176
     1
 62
     7
420
 16777215
176
     1
 90
        1
176
     1
 90
        4
176
     1
 62
     7
176
     1
 62
   257
176
     1
 90
        7
176
     1
 90
        7
176
     1
 40
1.0
176
     1
 90
        8
176
     1
 62
     7
176
     1
 40
1.0
176
     1
 90
        1
176
     1
 90
        6
176
     1
 90
        2
176
     1
 62
     7
176
     1
 90
        5
176
     1
 90
        0
176
     1
 90
        0
176
     1
290
     0
176
     1
 90
        1
176
     1
 40
0.0
176
     1
 90
        0
176
     1
290
     0
176
     1
290
     1
176
     1
290
     1
176
     1
290
     0
176
     1
290
     0
176
     1
290
     0
176
     1
290
     0
176
     1
290
     0
176
     1
290
     0
176
     1
 90
       50
176
     1
 40
0.0
176
     1
 40
1.0
176
     1
 90
        0
176
     1
 62
    18
176
     1
 90
       50
176
     1
 90
        3
176
     1
 62
     5
420
      255
176
     1
290
     0
176
     1
 90
       50
176
     1
 90
       50
176
     1
 90
       50
176
     1
290
     0
176
     1
 90
       50
176
     1
 62
   256
176
     0
 40
1.0
176
     0
 90
        2
176
     1
  1
strokes_ogs.tif
176
     1
290
     0
176
     1
 40
1.0
176
     1
 40
1.0
176
     1
  0
VISUALSTYLE
  5
18340
102
{ACAD_REACTORS
330
F0
102
}
330
F0
100
AcDbVisualStyle
  2
OverhangOff
 70
    21
177
     3
291
     1
 70
    58
 90
        2
176
     0
 90
        2
176
     0
 90
        0
176
     0
 90
        0
176
     0
 40
0.6
176
     0
 40
30.0
176
     0
 62
     7
420
 16777215
176
     0
 90
        1
176
     0
 90
        4
176
     0
 62
     7
176
     0
 62
   257
176
     0
 90
        1
176
     0
 90
        1
176
     0
 40
1.0
176
     0
 90
        9
176
     2
 62
     7
176
     0
 40
1.0
176
     0
 90
        1
176
     0
 90
        6
176
     0
 90
        2
176
     0
 62
     7
176
     0
 90
        5
176
     0
 90
        0
176
     0
 90
        0
176
     0
290
     0
176
     0
 90
        1
176
     0
 40
0.0
176
     0
 90
        0
176
     0
290
     0
176
     0
290
     1
176
     0
290
     1
176
     0
290
     0
176
     0
290
     0
176
     0
290
     0
176
     0
290
     0
176
     0
290
     0
176
     0
290
     0
176
     0
 90
       50
176
     0
 40
0.0
176
     0
 40
1.0
176
     0
 90
        0
176
     0
 62
    18
176
     0
 90
       50
176
     0
 90
        3
176
     0
 62
     5
420
      255
176
     0
290
     0
176
     0
 90
       50
176
     0
 90
       50
176
     0
 90
       50
176
     0
290
     0
176
     0
 90
       50
176
     0
 62
   256
176
     0
 40
1.0
176
     0
 90
        2
176
     0
  1
strokes_ogs.tif
176
     0
290
     0
176
     0
 40
1.0
176
     0
 40
1.0
176
     0
  0
VISUALSTYLE
  5
FA
102
{ACAD_REACTORS
330
F0
102
}
330
F0
100
AcDbVisualStyle
  2
Realistic
 70
     8
177
     3
291
     0
 70
    58
 90
        2
176
     1
 90
        2
176
     1
 90
        1
176
     1
 90
        0
176
     1
 40
0.6
176
     1
 40
30.0
176
     1
 62
     7
420
 16777215
176
     1
 90
        1
176
     1
 90
        0
176
     1
 62
     7
176
     1
 62
   257
176
     1
 90
        1
176
     1
 90
        1
176
     1
 40
1.0
176
     1
 90
        8
176
     1
 62
     8
420
  7895160
176
     1
 40
1.0
176
     1
 90
        1
176
     1
 90
        6
176
     1
 90
        2
176
     1
 62
     7
176
     1
 90
        5
176
     1
 90
        0
176
     1
 90
        0
176
     1
290
     0
176
     1
 90
       13
176
     1
 40
0.0
176
     1
 90
        0
176
     1
290
     0
176
     1
290
     1
176
     1
290
     1
176
     1
290
     0
176
     1
290
     0
176
     1
290
     0
176
     1
290
     0
176
     1
290
     0
176
     1
290
     0
176
     1
 90
       50
176
     1
 40
0.0
176
     1
 40
1.0
176
     1
 90
        0
176
     1
 62
    18
176
     1
 90
       50
176
     1
 90
        3
176
     1
 62
     5
420
      255
176
     1
290
     0
176
     1
 90
       50
176
     1
 90
       50
176
     1
 90
       50
176
     1
290
     0
176
     1
 90
       50
176
     1
 62
   256
176
     0
 40
1.0
176
     0
 90
        2
176
     1
  1
strokes_ogs.tif
176
     1
290
     0
176
     1
 40
1.0
176
     1
 40
1.0
176
     1
  0
VISUALSTYLE
  5
18346
102
{ACAD_REACTORS
330
F0
102
}
330
F0
100
AcDbVisualStyle
  2
Shaded
 70
    27
177
     3
291
     0
 70
    58
 90
        2
176
     1
 90
        2
176
     1
 90
        1
176
     1
 90
        2
176
     1
 40
0.6
176
     1
 40
30.0
176
     1
 62
     7
420
 16777215
176
     1
 90
        0
176
     1
 90
        4
176
     1
 62
     7
176
     1
 62
   257
176
     1
 90
        1
176
     1
 90
        1
176
     1
 40
1.0
176
     1
 90
        8
176
     1
 62
   257
176
     1
 40
1.0
176
     1
 90
        1
176
     1
 90
        6
176
     1
 90
        2
176
     1
 62
     8
420
  7895160
176
     1
 90
        3
176
     1
 90
        0
176
     1
 90
        0
176
     1
290
     0
176
     1
 90
        5
176
     1
 40
0.0
176
     1
 90
        0
176
     1
290
     0
176
     1
290
     1
176
     1
290
     1
176
     1
290
     0
176
     1
290
     0
176
     1
290
     0
176
     1
290
     0
176
     1
290
     0
176
     1
290
     0
176
     1
 90
       50
176
     1
 40
0.0
176
     1
 40
1.0
176
     1
 90
        0
176
     1
 62
    18
176
     1
 90
       50
176
     1
 90
        3
176
     1
 62
     5
420
      255
176
     1
290
     0
176
     1
 90
       50
176
     1
 90
       50
176
     1
 90
       50
176
     1
290
     0
176
     1
 90
       50
176
     1
 62
   256
176
     0
 40
1.0
176
     0
 90
        2
176
     1
  1
strokes_ogs.tif
176
     1
290
     0
176
     1
 40
1.0
176
     1
 40
1.0
176
     1
  0
VISUALSTYLE
  5
18345
102
{ACAD_REACTORS
330
F0
102
}
330
F0
100
AcDbVisualStyle
  2
Shaded with edges
 70
    26
177
     3
291
     0
 70
    58
 90
        2
176
     1
 90
        2
176
     1
 90
        1
176
     1
 90
        2
176
     1
 40
0.6
176
     1
 40
30.0
176
     1
 62
     7
420
 16777215
176
     1
 90
        1
176
     1
 90
        2
176
     1
 62
     7
176
     1
 62
   257
176
     1
 90
        2
176
     1
 90
        1
176
     1
 40
1.0
176
     1
 90
        8
176
     1
 62
   257
176
     1
 40
1.0
176
     1
 90
        1
176
     1
 90
        6
176
     1
 90
        2
176
     1
 62
     7
176
     1
 90
        3
176
     1
 90
        0
176
     1
 90
        0
176
     1
290
     0
176
     1
 90
        5
176
     1
 40
0.0
176
     1
 90
        0
176
     1
290
     0
176
     1
290
     1
176
     1
290
     1
176
     1
290
     0
176
     1
290
     0
176
     1
290
     0
176
     1
290
     0
176
     1
290
     0
176
     1
290
     0
176
     1
 90
       50
176
     1
 40
0.0
176
     1
 40
1.0
176
     1
 90
        0
176
     1
 62
    18
176
     1
 90
       50
176
     1
 90
        3
176
     1
 62
     5
420
      255
176
     1
290
     0
176
     1
 90
       50
176
     1
 90
       50
176
     1
 90
       50
176
     1
290
     0
176
     1
 90
       50
176
     1
 62
   256
176
     0
 40
1.0
176
     0
 90
        2
176
     1
  1
strokes_ogs.tif
176
     1
290
     0
176
     1
 40
1.0
176
     1
 40
1.0
176
     1
  0
VISUALSTYLE
  5
18342
102
{ACAD_REACTORS
330
F0
102
}
330
F0
100
AcDbVisualStyle
  2
Shades of Gray
 70
    23
177
     3
291
     0
 70
    58
 90
        2
176
     1
 90
        2
176
     1
 90
        3
176
     1
 90
        0
176
     1
 40
0.6
176
     1
 40
30.0
176
     1
 62
     7
420
 16777215
176
     1
 90
        2
176
     1
 90
        2
176
     1
 62
     7
176
     1
 62
     7
176
     1
 90
        1
176
     1
 90
        1
176
     1
 40
40.0
176
     1
 90
        8
176
     1
 62
     7
176
     1
 40
1.0
176
     1
 90
        1
176
     1
 90
        6
176
     1
 90
        2
176
     1
 62
     7
176
     1
 90
        3
176
     1
 90
        0
176
     1
 90
        0
176
     1
290
     0
176
     1
 90
        1
176
     1
 40
0.0
176
     1
 90
        0
176
     1
290
     0
176
     1
290
     1
176
     1
290
     1
176
     1
290
     0
176
     1
290
     0
176
     1
290
     0
176
     1
290
     0
176
     1
290
     0
176
     1
290
     0
176
     1
 90
       50
176
     1
 40
0.0
176
     1
 40
1.0
176
     1
 90
        0
176
     1
 62
    18
176
     1
 90
       50
176
     1
 90
        3
176
     1
 62
     5
420
      255
176
     1
290
     0
176
     1
 90
       50
176
     1
 90
       50
176
     1
 90
       50
176
     1
290
     0
176
     1
 90
       50
176
     1
 62
   256
176
     0
 40
1.0
176
     0
 90
        2
176
     1
  1
strokes_ogs.tif
176
     1
290
     0
176
     1
 40
1.0
176
     1
 40
1.0
176
     1
  0
VISUALSTYLE
  5
18343
102
{ACAD_REACTORS
330
F0
102
}
330
F0
100
AcDbVisualStyle
  2
Sketchy
 70
    24
177
     3
291
     0
 70
    58
 90
        1
176
     1
 90
        2
176
     1
 90
        2
176
     1
 90
        0
176
     1
 40
0.6
176
     1
 40
30.0
176
     1
 62
     7
420
 16777215
176
     1
 90
        2
176
     1
 90
        2
176
     1
 62
     7
176
     1
 62
     7
176
     1
 90
        1
176
     1
 90
        1
176
     1
 40
40.0
176
     1
 90
       11
176
     1
 62
     7
176
     1
 40
1.0
176
     1
 90
        1
176
     1
 90
        6
176
     1
 90
        2
176
     1
 62
     7
176
     1
 90
        6
176
     1
 90
        0
176
     1
 90
        0
176
     1
290
     0
176
     1
 90
        1
176
     1
 40
0.0
176
     1
 90
        0
176
     1
290
     0
176
     1
290
     1
176
     1
290
     1
176
     1
290
     0
176
     1
290
     0
176
     1
290
     0
176
     1
290
     0
176
     1
290
     0
176
     1
290
     0
176
     1
 90
       50
176
     1
 40
0.0
176
     1
 40
1.0
176
     1
 90
        0
176
     1
 62
    18
176
     1
 90
       50
176
     1
 90
        3
176
     1
 62
     5
420
      255
176
     1
290
     0
176
     1
 90
       50
176
     1
 90
       50
176
     1
 90
       50
176
     1
290
     0
176
     1
 90
       50
176
     1
 62
   256
176
     0
 40
1.0
176
     0
 90
        2
176
     1
  1
strokes_ogs.tif
176
     1
290
     0
176
     1
 40
1.0
176
     1
 40
1.0
176
     1
  0
VISUALSTYLE
  5
FD
102
{ACAD_REACTORS
330
F0
102
}
330
F0
100
AcDbVisualStyle
  2
Thicken
 70
    13
177
     3
291
     1
 70
    58
 90
        2
176
     1
 90
        2
176
     1
 90
        1
176
     1
 90
        0
176
     1
 40
0.6
176
     1
 40
30.0
176
     1
 62
     7
420
 16777215
176
     1
 90
        1
176
     1
 90
        4
176
     1
 62
     7
176
     1
 62
   257
176
     1
 90
        1
176
     1
 90
        1
176
     1
 40
1.0
176
     1
 90
       12
176
     1
 62
     7
176
     1
 40
1.0
176
     1
 90
        1
176
     1
 90
        6
176
     1
 90
        2
176
     1
 62
     7
176
     1
 90
        5
176
     1
 90
        0
176
     1
 90
        0
176
     1
290
     0
176
     1
 90
        1
176
     1
 40
0.0
176
     1
 90
        0
176
     1
290
     0
176
     1
290
     1
176
     1
290
     1
176
     1
290
     0
176
     1
290
     0
176
     1
290
     0
176
     1
290
     0
176
     1
290
     0
176
     1
290
     0
176
     1
 90
       50
176
     1
 40
0.0
176
     1
 40
1.0
176
     1
 90
        0
176
     1
 62
    18
176
     1
 90
       50
176
     1
 90
        3
176
     1
 62
     5
420
      255
176
     1
290
     0
176
     1
 90
       50
176
     1
 90
       50
176
     1
 90
       50
176
     1
290
     0
176
     1
 90
       50
176
     1
 62
   256
176
     0
 40
1.0
176
     0
 90
        2
176
     1
  1
strokes_ogs.tif
176
     1
290
     0
176
     1
 40
1.0
176
     1
 40
1.0
176
     1
  0
VISUALSTYLE
  5
1833D
102
{ACAD_REACTORS
330
F0
102
}
330
F0
100
AcDbVisualStyle
  2
Wireframe
 70
     5
177
     3
291
     0
 70
    58
 90
        0
176
     1
 90
        2
176
     1
 90
        0
176
     1
 90
        0
176
     1
 40
0.6
176
     1
 40
30.0
176
     1
 62
     7
420
 16777215
176
     1
 90
        1
176
     1
 90
        4
176
     1
 62
     7
176
     1
 62
   257
176
     1
 90
        1
176
     1
 90
        1
176
     1
 40
1.0
176
     1
 90
        0
176
     1
 62
   257
176
     1
 40
1.0
176
     1
 90
        1
176
     1
 90
        6
176
     1
 90
        2
176
     1
 62
     7
176
     1
 90
        3
176
     1
 90
        0
176
     1
 90
        0
176
     1
290
     0
176
     1
 90
        1
176
     1
 40
0.0
176
     1
 90
        0
176
     1
290
     0
176
     1
290
     1
176
     1
290
     1
176
     1
290
     0
176
     1
290
     0
176
     1
290
     0
176
     1
290
     0
176
     1
290
     0
176
     1
290
     0
176
     1
 90
       50
176
     1
 40
0.0
176
     1
 40
1.0
176
     1
 90
        0
176
     1
 62
    18
176
     1
 90
       50
176
     1
 90
        3
176
     1
 62
     5
420
      255
176
     1
290
     0
176
     1
 90
       50
176
     1
 90
       50
176
     1
 90
       50
176
     1
290
     0
176
     1
 90
       50
176
     1
 62
   256
176
     0
 40
1.0
176
     0
 90
        2
176
     1
  1
strokes_ogs.tif
176
     1
290
     0
176
     1
 40
1.0
176
     1
 40
1.0
176
     1
  0
VISUALSTYLE
  5
18344
102
{ACAD_REACTORS
330
F0
102
}
330
F0
100
AcDbVisualStyle
  2
X-Ray
 70
    25
177
     3
291
     0
 70
    58
 90
        2
176
     1
 90
        2
176
     1
 90
        1
176
     1
 90
        1
176
     1
 40
0.5
176
     1
 40
30.0
176
     1
 62
     7
420
 16777215
176
     1
 90
        1
176
     1
 90
        0
176
     1
 62
     7
176
     1
 62
   257
176
     1
 90
        1
176
     1
 90
        1
176
     1
 40
1.0
176
     1
 90
        8
176
     1
 62
     7
176
     1
 40
1.0
176
     1
 90
        1
176
     1
 90
        6
176
     1
 90
        2
176
     1
 62
     7
176
     1
 90
        3
176
     1
 90
        0
176
     1
 90
        0
176
     1
290
     0
176
     1
 90
       13
176
     1
 40
0.0
176
     1
 90
        0
176
     1
290
     0
176
     1
290
     1
176
     1
290
     1
176
     1
290
     0
176
     1
290
     0
176
     1
290
     0
176
     1
290
     0
176
     1
290
     0
176
     1
290
     0
176
     1
 90
       50
176
     1
 40
0.0
176
     1
 40
1.0
176
     1
 90
        0
176
     1
 62
    18
176
     1
 90
       50
176
     1
 90
        3
176
     1
 62
     5
420
      255
176
     1
290
     0
176
     1
 90
       50
176
     1
 90
       50
176
     1
 90
       50
176
     1
290
     0
176
     1
 90
       50
176
     1
 62
   256
176
     0
 40
1.0
176
     0
 90
        2
176
     1
  1
strokes_ogs.tif
176
     1
290
     0
176
     1
 40
1.0
176
     1
 40
1.0
176
     1
  0
DICTIONARYVAR
  5
18358
102
{ACAD_REACTORS
330
5E
102
}
330
5E
100
DictionaryVariables
280
     0
  1
1:1
  0
DICTIONARYVAR
  5
18359
102
{ACAD_REACTORS
330
5E
102
}
330
5E
100
DictionaryVariables
280
     0
  1
STANDARD
  0
DICTIONARYVAR
  5
84
102
{ACAD_REACTORS
330
5E
102
}
330
5E
100
DictionaryVariables
280
     0
  1
STANDARD
  0
DICTIONARYVAR
  5
1838D
102
{ACAD_REACTORS
330
5E
102
}
330
5E
100
DictionaryVariables
280
     0
  1
Metric50
  0
DICTIONARYVAR
  5
1838E
102
{ACAD_REACTORS
330
5E
102
}
330
5E
100
DictionaryVariables
280
     0
  1
Metric50
  0
DICTIONARYVAR
  5
5F
102
{ACAD_REACTORS
330
5E
102
}
330
5E
100
DictionaryVariables
280
     0
  1
2
  0
DICTIONARYVAR
  5
63
102
{ACAD_REACTORS
330
5E
102
}
330
5E
100
DictionaryVariables
280
     0
  1
1
  0
DICTIONARYVAR
  5
1835A
102
{ACAD_REACTORS
330
5E
102
}
330
5E
100
DictionaryVariables
280
     0
  1
0
  0
DICTIONARY
  5
1834A
102
{ACAD_REACTORS
330
18349
102
}
330
18349
100
AcDbDictionary
281
     1
  3
BIGFONT
350
1834B
  3
DESFILE
350
1834D
  3
ORIFILE
350
1834C
  0
DICTIONARY
  5
1834E
102
{ACAD_REACTORS
330
18349
102
}
330
18349
100
AcDbDictionary
281
     1
  3
BIGFONT
350
1834F
  3
DESFILE
350
18351
  3
ORIFILE
350
18350
  0
DICTIONARY
  5
18399
330
7F
100
AcDbDictionary
280
     1
281
     1
  3
ACAD_ROUNDTRIP_2008_TABLESTYLE_CELLSTYLEMAP
360
183BD
  0
DICTIONARYVAR
  5
1834B
102
{ACAD_REACTORS
330
1834A
102
}
330
1834A
100
DictionaryVariables
280
     0
  1
1
  0
DICTIONARYVAR
  5
1834D
102
{ACAD_REACTORS
330
1834A
102
}
330
1834A
100
DictionaryVariables
280
     0
  1
AllInOneBig.shx
  0
DICTIONARYVAR
  5
1834C
102
{ACAD_REACTORS
330
1834A
102
}
330
1834A
100
DictionaryVariables
280
     0
  1

  0
DICTIONARYVAR
  5
1834F
102
{ACAD_REACTORS
330
1834E
102
}
330
1834E
100
DictionaryVariables
280
     0
  1
1
  0
DICTIONARYVAR
  5
18351
102
{ACAD_REACTORS
330
1834E
102
}
330
1834E
100
DictionaryVariables
280
     0
  1
AllInOneBig.shx
  0
DICTIONARYVAR
  5
18350
102
{ACAD_REACTORS
330
1834E
102
}
330
1834E
100
DictionaryVariables
280
     0
  1

  0
CELLSTYLEMAP
  5
183BD
102
{ACAD_REACTORS
330
18399
102
}
330
18399
100
AcDbCellStyleMap
 90
        3
300
CELLSTYLE
  1
TABLEFORMAT_BEGIN
 90
        5
170
     1
 91
        0
 92
    32768
 62
   257
 93
        1
300
CONTENTFORMAT
  1
CONTENTFORMAT_BEGIN
 90
        0
 91
        0
 92
      512
 93
        0
300

 40
0.0
140
1.0
 94
        5
 62
     0
340
11
144
6.0
309
CONTENTFORMAT_END
171
     1
301
MARGIN
  1
CELLMARGIN_BEGIN
 40
1.5
 40
1.5
 40
1.5
 40
1.5
 40
0.18
 40
0.18
309
CELLMARGIN_END
 94
        6
 95
        1
302
GRIDFORMAT
  1
GRIDFORMAT_BEGIN
 90
        0
 91
        1
 62
     0
 92
       -2
340
0
 93
        0
 40
0.045
309
GRIDFORMAT_END
 95
        2
302
GRIDFORMAT
  1
GRIDFORMAT_BEGIN
 90
        0
 91
        1
 62
     0
 92
       -2
340
0
 93
        0
 40
0.045
309
GRIDFORMAT_END
 95
        4
302
GRIDFORMAT
  1
GRIDFORMAT_BEGIN
 90
        0
 91
        1
 62
     0
 92
       -2
340
0
 93
        0
 40
0.045
309
GRIDFORMAT_END
 95
        8
302
GRIDFORMAT
  1
GRIDFORMAT_BEGIN
 90
        0
 91
        1
 62
     0
 92
       -2
340
0
 93
        0
 40
0.045
309
GRIDFORMAT_END
 95
       16
302
GRIDFORMAT
  1
GRIDFORMAT_BEGIN
 90
        0
 91
        1
 62
     0
 92
       -2
340
0
 93
        0
 40
0.045
309
GRIDFORMAT_END
 95
       32
302
GRIDFORMAT
  1
GRIDFORMAT_BEGIN
 90
        0
 91
        1
 62
     0
 92
       -2
340
0
 93
        0
 40
0.045
309
GRIDFORMAT_END
309
TABLEFORMAT_END
  1
CELLSTYLE_BEGIN
 90
        1
 91
        1
300
_TITLE
309
CELLSTYLE_END
300
CELLSTYLE
  1
TABLEFORMAT_BEGIN
 90
        5
170
     1
 91
        0
 92
        0
 62
   257
 93
        1
300
CONTENTFORMAT
  1
CONTENTFORMAT_BEGIN
 90
        0
 91
        0
 92
      512
 93
        0
300

 40
0.0
140
1.0
 94
        5
 62
     0
340
11
144
4.5
309
CONTENTFORMAT_END
171
     1
301
MARGIN
  1
CELLMARGIN_BEGIN
 40
1.5
 40
1.5
 40
1.5
 40
1.5
 40
0.18
 40
0.18
309
CELLMARGIN_END
 94
        6
 95
        1
302
GRIDFORMAT
  1
GRIDFORMAT_BEGIN
 90
        0
 91
        1
 62
     0
 92
       -2
340
0
 93
        0
 40
0.045
309
GRIDFORMAT_END
 95
        2
302
GRIDFORMAT
  1
GRIDFORMAT_BEGIN
 90
        0
 91
        1
 62
     0
 92
       -2
340
0
 93
        0
 40
0.045
309
GRIDFORMAT_END
 95
        4
302
GRIDFORMAT
  1
GRIDFORMAT_BEGIN
 90
        0
 91
        1
 62
     0
 92
       -2
340
0
 93
        0
 40
0.045
309
GRIDFORMAT_END
 95
        8
302
GRIDFORMAT
  1
GRIDFORMAT_BEGIN
 90
        0
 91
        1
 62
     0
 92
       -2
340
0
 93
        0
 40
0.045
309
GRIDFORMAT_END
 95
       16
302
GRIDFORMAT
  1
GRIDFORMAT_BEGIN
 90
        0
 91
        1
 62
     0
 92
       -2
340
0
 93
        0
 40
0.045
309
GRIDFORMAT_END
 95
       32
302
GRIDFORMAT
  1
GRIDFORMAT_BEGIN
 90
        0
 91
        1
 62
     0
 92
       -2
340
0
 93
        0
 40
0.045
309
GRIDFORMAT_END
309
TABLEFORMAT_END
  1
CELLSTYLE_BEGIN
 90
        2
 91
        1
300
_HEADER
309
CELLSTYLE_END
300
CELLSTYLE
  1
TABLEFORMAT_BEGIN
 90
        5
170
     1
 91
        0
 92
        0
 62
   257
 93
        1
300
CONTENTFORMAT
  1
CONTENTFORMAT_BEGIN
 90
        0
 91
        0
 92
      512
 93
        0
300

 40
0.0
140
1.0
 94
        2
 62
     0
340
11
144
4.5
309
CONTENTFORMAT_END
171
     1
301
MARGIN
  1
CELLMARGIN_BEGIN
 40
1.5
 40
1.5
 40
1.5
 40
1.5
 40
0.18
 40
0.18
309
CELLMARGIN_END
 94
        6
 95
        1
302
GRIDFORMAT
  1
GRIDFORMAT_BEGIN
 90
        0
 91
        1
 62
     0
 92
       -2
340
0
 93
        0
 40
0.045
309
GRIDFORMAT_END
 95
        2
302
GRIDFORMAT
  1
GRIDFORMAT_BEGIN
 90
        0
 91
        1
 62
     0
 92
       -2
340
0
 93
        0
 40
0.045
309
GRIDFORMAT_END
 95
        4
302
GRIDFORMAT
  1
GRIDFORMAT_BEGIN
 90
        0
 91
        1
 62
     0
 92
       -2
340
0
 93
        0
 40
0.045
309
GRIDFORMAT_END
 95
        8
302
GRIDFORMAT
  1
GRIDFORMAT_BEGIN
 90
        0
 91
        1
 62
     0
 92
       -2
340
0
 93
        0
 40
0.045
309
GRIDFORMAT_END
 95
       16
302
GRIDFORMAT
  1
GRIDFORMAT_BEGIN
 90
        0
 91
        1
 62
     0
 92
       -2
340
0
 93
        0
 40
0.045
309
GRIDFORMAT_END
 95
       32
302
GRIDFORMAT
  1
GRIDFORMAT_BEGIN
 90
        0
 91
        1
 62
     0
 92
       -2
340
0
 93
        0
 40
0.045
309
GRIDFORMAT_END
309
TABLEFORMAT_END
  1
CELLSTYLE_BEGIN
 90
        3
 91
        2
300
_DATA
309
CELLSTYLE_END
  0
ENDSEC
  0
SECTION
  2
ACDSDATA
 70
     2
 71
     8
  0
ACDSSCHEMA
 90
        0
  1
AcDb_Thumbnail_Schema
  2
AcDbDs::ID
280
    10
 91
        8
  2
Thumbnail_Data
280
    15
 91
        0
101
ACDSRECORD
 95
        0
 90
        1
  2
AcDbDs::TreatedAsObjectData
280
     1
291
     1
101
ACDSRECORD
 95
        0
 90
        2
  2
AcDbDs::Legacy
280
     1
291
     1
101
ACDSRECORD
  1
AcDbDs::ID
 90
        3
  2
AcDs:Indexable
280
     1
291
     1
101
ACDSRECORD
  1
AcDbDs::ID
 90
        4
  2
AcDbDs::HandleAttribute
280
     7
282
     1
  0
ACDSSCHEMA
 90
        1
  1
AcDbDs::TreatedAsObjectDataSchema
  2
AcDbDs::TreatedAsObjectData
280
     1
 91
        0
  0
ACDSSCHEMA
 90
        2
  1
AcDbDs::LegacySchema
  2
AcDbDs::Legacy
280
     1
 91
        0
  0
ACDSSCHEMA
 90
        3
  1
AcDbDs::IndexedPropertySchema
  2
AcDs:Indexable
280
     1
 91
        0
  0
ACDSSCHEMA
 90
        4
  1
AcDbDs::HandleAttributeSchema
  2
AcDbDs::HandleAttribute
280
     7
 91
        1
284
     1
  0
ACDSRECORD
 90
        0
  2
AcDbDs::ID
280
    10
320
22
  2
Thumbnail_Data
280
    15
 94
     1188
310
89504E470D0A1A0A0000000D4948445200000100000000670803000000D82A6C0200000300504C5445212830FFFFFF2128300000000000000000000000000000000000000000000000000000330000660000990000CC0000FF0033000033330033660033990033CC0033FF0066000066330066660066990066CC0066FF0099
310
000099330099660099990099CC0099FF00CC0000CC3300CC6600CC9900CCCC00CCFF00FF0000FF3300FF6600FF9900FFCC00FFFF3300003300333300663300993300CC3300FF3333003333333333663333993333CC3333FF3366003366333366663366993366CC3366FF3399003399333399663399993399CC3399FF33CC00
310
33CC3333CC6633CC9933CCCC33CCFF33FF0033FF3333FF6633FF9933FFCC33FFFF6600006600336600666600996600CC6600FF6633006633336633666633996633CC6633FF6666006666336666666666996666CC6666FF6699006699336699666699996699CC6699FF66CC0066CC3366CC6666CC9966CCCC66CCFF66FF0066
310
FF3366FF6666FF9966FFCC66FFFF9900009900339900669900999900CC9900FF9933009933339933669933999933CC9933FF9966009966339966669966999966CC9966FF9999009999339999669999999999CC9999FF99CC0099CC3399CC6699CC9999CCCC99CCFF99FF0099FF3399FF6699FF9999FFCC99FFFFCC0000CC00
310
33CC0066CC0099CC00CCCC00FFCC3300CC3333CC3366CC3399CC33CCCC33FFCC6600CC6633CC6666CC6699CC66CCCC66FFCC9900CC9933CC9966CC9999CC99CCCC99FFCCCC00CCCC33CCCC66CCCC99CCCCCCCCCCFFCCFF00CCFF33CCFF66CCFF99CCFFCCCCFFFFFF0000FF0033FF0066FF0099FF00CCFF00FFFF3300FF3333
310
FF3366FF3399FF33CCFF33FFFF6600FF6633FF6666FF6699FF66CCFF66FFFF9900FF9933FF9966FF9999FF99CCFF99FFFFCC00FFCC33FFCC66FFCC99FFCCCCFFCCFFFFFF00FFFF33FFFF66FFFF99FFFFCCFFFFFF0000000D0D0D1A1A1A2828283535354343435050505D5D5D6B6B6B787878868686939393A1A1A1AEAEAEBB
310
BBBBC9C9C9D6D6D6E4E4E4F1F1F1FFFFFF0000000000000000000000000000000000000000000000000000000000002E4550F10000015F4944415478DAEDDA416EC4200C8561EE7F28CE56693A53924012A76A1786EFAD90E545F2639E4D94528888FE46F55F9409C01BC3CF7AB3EC02351AC80760F3BE25C4A2D43B701354
310
407D12A8B92B0080753D4017886D59302FAD090200C0B20082AE15CC7BE5D4C501E8023C0000008CC2892AA03DF2E565E8D5DE0297A199BE08F91E00C00A009EDA5B28451770040000000026986B14BE6F734517E001004C6D82657BCACBF1D0775E518E0E518CC24C900700008051D828AC0BF000002601E037B915BAC0AE
310
0E62E147C9000000402A27BC8F3E4BCE330E7FFFE1B7DDC036FAEEB6B50DCDFBE4324A4E53FF75BF6858DE8B40F2309CE6FCD7C3EAB3A7DD3B9D27CF02E0F3F86DBADDBDEA79F2884B9E06100570913C08A7BA0B3403EF7EF9AAC7771C26F7E14C004E4AE2367A190620EB6D701C7E94AC0200700400700400700454000000
310
00000000000000000000B80B10111111111111111111FD565FBBE31710E1CDD8CB0000000049454E44AE426082
  0
ENDSEC
  0
EOF
