115,630.5669953505222,127.2044072310445,630.5669953506901,127.0971889593089,630.5969953506902,127.0671889593559,630.7873506713653,127.0671889593559,630.8085638747781,127.0584021628142,630.9430613681672,126.9239046697141,630.9854877750382,126.923904669714,631.1430613681082,127.0814782628304,631.1854877749988,127.0814782628492,631.3430613678662,126.9239046697293,631.3854877747488,126.9239046697093,631.5430613676823,127.0814782628581,631.5854877745822,127.081478262818,631.7430613678072,126.9239046697139,631.7854877746646,126.9239046696656,631.9430613679062,127.0814782628214,631.9854877747262,127.0814782628361,632.1430613681193,126.9239046697075,632.1854877749877,126.9239046697631,632.31998526759,127.0584021627603,632.3411984710567,127.0671889593559,632.3918482007115,127.0671889593559,632.4218482007112,127.0971889593941,632.4218482005386,127.2326915025374,632.4306349971029,127.2539047060114,632.5139192683455,127.3371889772534,632.5139192683457,127.3796153841246,632.3563456752164,127.5371889772549,632.3563456752167,127.5796153841264,632.5139192683507,127.7371889772502,632.5139192683555,127.7796153841174,632.356345675211,127.9371889773441,632.3563456752237,127.9796153842188,632.5139192683135,128.1371889774194,632.5139192683145,128.1796153843075,632.3563456752657,128.3371889769278,632.3563456752115,128.379615383795,632.5139192683567,128.5371889774835,632.5139192682977,128.5796153843486,632.4306349972562,128.6628996551189,632.4218482006572,128.684112858589,632.4218482006572,128.8620418092473,632.3918482006573,128.8920418092473,632.3394827422482,128.8920418092473,632.3182695387737,128.883255012644,632.1854877750264,128.7504732484099,632.1430613681359,128.7504732483592,631.9854877745893,128.9080468416445,631.9430613677755,128.9080468416641,631.7854877738072,128.7504732483673,631.7430613669366,128.7504732484465,631.5854877746476,128.9080468413994,631.5430613677217,128.9080468414205,631.3854877749528,128.7504732484234,631.3430613680915,128.7504732483848,631.1854877745433,128.9080468415329,631.1430613676678,128.9080468414865,630.9854877750358,128.7504732484306,630.9430613681761,128.7504732483755,630.8102796033621,128.8832550127203,630.7890663999636,128.8920418092473,630.5969953506235,128.8920418092473,630.5669953506235,128.8620418092473,630.5669953506235,128.7123971297866,630.5757821471789,128.6911839263598,630.6873506896502,128.5796153837963,630.6873506896991,128.5371889769038,630.5297770964182,128.3796153839019,630.5297770963915,128.3371889770887,630.6873506896854,128.179615383138,630.6873506896252,128.1371889762834,630.5297770966602,127.9796153837067,630.5297770966391,127.9371889767809,630.6873506896359,127.7796153842571,630.6873506896748,127.737188977396,630.5297770965267,127.579615383848,630.529777096573,127.5371889769724,630.6873506896289,127.3796153843403,630.6873506896842,127.3371889774806,630.5757821470482,127.2256204344418
25,619.07787825032,125.2895543811555,619.0778782504883,125.1823361094199,619.107878250488,125.1523361094669,619.2982335711632,125.1523361094669,619.3194467745761,125.1435493129253,619.453944267965,125.0090518198251,619.4963706748362,125.009051819825,619.653944267906,125.1666254129415,619.6963706747968,125.1666254129603,619.8539442676641,125.0090518198403,619.8963706745466,125.0090518198204,620.0539442674802,125.1666254129691,620.0963706743801,125.166625412929,620.2539442676053,125.009051819825,620.2963706744623,125.0090518197766,620.4539442677043,125.1666254129324,620.4963706745242,125.1666254129471,620.653944267917,125.0090518198186,620.6963706747856,125.0090518198742,620.8308681673877,125.1435493128714,620.8520813708546,125.1523361094669,620.9027311005093,125.1523361094669,620.9327311005092,125.1823361095051,620.9327311003366,125.3178386526485,620.941517896901,125.3390518561224,621.0248021681434,125.4223361273644,621.0248021681434,125.4647625342356,620.8672285750142,125.6223361273659,620.8672285750147,125.6647625342374,621.0248021681487,125.8223361273612,621.0248021681532,125.8647625342284,620.867228575009,126.0223361274552,620.8672285750217,126.0647625343298,621.0248021681113,126.2223361275304,621.0248021681125,126.2647625344186,620.8672285750638,126.4223361270389,620.8672285750092,126.4647625339061,621.0248021681545,126.6223361275945,621.0248021680954,126.6647625344596,620.941517897054,126.7480468052299,620.932731100455,126.7692600087001,620.932731100455,126.9471889593583,620.902731100455,126.9771889593583,620.8503656420463,126.9771889593584,620.8291524385717,126.9684021627551,620.6963706748243,126.8356203985209,620.6539442679338,126.8356203984702,620.4963706743873,126.9931939917555,620.4539442675734,126.9931939917751,620.2963706736052,126.8356203984783,620.2539442667346,126.8356203985576,620.0963706744452,126.9931939915104,620.0539442675196,126.9931939915315,619.8963706747505,126.8356203985344,619.8539442678892,126.8356203984958,619.6963706743413,126.9931939916439,619.6539442674657,126.9931939915975,619.4963706748337,126.8356203985417,619.453944267974,126.8356203984865,619.3211625031596,126.9684021628314,619.2999492997619,126.9771889593583,619.1078782504212,126.9771889593583,619.0778782504215,126.9471889593583,619.0778782504215,126.7975442798977,619.086665046977,126.7763310764709,619.1982335894481,126.6647625339073,619.1982335894968,126.6223361270148,619.0406599962162,126.4647625340129,619.0406599961892,126.4223361271998,619.1982335894834,126.2647625332492,619.198233589423,126.2223361263944,619.0406599964581,126.0647625338177,619.0406599964367,126.0223361268919,619.1982335894339,125.8647625343682,619.1982335894727,125.822336127507,619.0406599963246,125.664762533959,619.040659996371,125.6223361270835,619.1982335894269,125.4647625344514,619.198233589482,125.4223361275917,619.0866650468462,125.3107675845528
24,620.9927311003538,125.2895543811549,620.9927311005217,125.1823361094193,621.0227311005218,125.1523361094663,621.2130864211967,125.1523361094663,621.2342996246097,125.1435493129247,621.3687971179987,125.0090518198245,621.4112235248697,125.0090518198244,621.5687971179398,125.1666254129409,621.6112235248304,125.1666254129597,621.7687971176977,125.0090518198397,621.8112235245802,125.0090518198197,621.9687971175138,125.1666254129685,622.0112235244137,125.1666254129284,622.1687971176387,125.0090518198244,622.2112235244958,125.009051819776,622.3687971177376,125.1666254129318,622.4112235245577,125.1666254129465,622.5687971179508,125.0090518198179,622.6112235248193,125.0090518198735,622.7457210174216,125.1435493128707,622.7669342208882,125.1523361094663,622.8175839505429,125.1523361094663,622.8475839505429,125.1823361095045,622.8475839503702,125.3178386526478,622.8563707469345,125.3390518561218,622.939655018177,125.4223361273638,622.939655018177,125.464762534235,622.7820814250477,125.6223361273653,622.7820814250482,125.6647625342368,622.9396550181822,125.8223361273606,622.9396550181867,125.8647625342279,622.7820814250426,126.0223361274545,622.7820814250553,126.0647625343292,622.939655018145,126.2223361275298,622.9396550181461,126.2647625344179,622.7820814250973,126.4223361270382,622.782081425043,126.4647625339055,622.9396550181879,126.6223361275939,622.9396550181292,126.664762534459,622.8563707470876,126.7480468052293,622.8475839504887,126.7692600086995,622.8475839504887,126.9471889593577,622.8175839504887,126.9771889593577,622.7652184920797,126.9771889593577,622.7440052886053,126.9684021627544,622.6112235248581,126.8356203985203,622.5687971179675,126.8356203984696,622.4112235244207,126.9931939917549,622.3687971176071,126.9931939917745,622.2112235236388,126.8356203984777,622.1687971167682,126.8356203985569,622.0112235244791,126.9931939915098,621.9687971175532,126.9931939915309,621.8112235247843,126.8356203985339,621.768797117923,126.8356203984952,621.6112235243747,126.9931939916433,621.5687971174992,126.9931939915969,621.4112235248673,126.8356203985411,621.3687971180076,126.8356203984859,621.2360153531935,126.9684021628308,621.2148021497954,126.9771889593577,621.0227311004548,126.9771889593577,620.9927311004551,126.9471889593577,620.9927311004551,126.7975442798971,621.0015178970106,126.7763310764703,621.1130864394817,126.6647625339067,621.1130864395307,126.6223361270142,620.9555128462498,126.4647625340123,620.955512846223,126.4223361271991,621.1130864395172,126.2647625332486,621.1130864394567,126.2223361263938,620.9555128464917,126.0647625338171,620.9555128464707,126.0223361268913,621.1130864394675,125.8647625343676,621.1130864395062,125.8223361275064,620.9555128463581,125.6647625339584,620.9555128464046,125.6223361270829,621.1130864394605,125.4647625344507,621.1130864395157,125.422336127591,621.0015178968799,125.3107675845522
23,622.9075839503872,125.2895543811549,622.9075839505552,125.1823361094193,622.9375839505552,125.1523361094663,623.1279392712306,125.1523361094663,623.1491524746433,125.1435493129247,623.2836499680323,125.0090518198245,623.3260763749036,125.0090518198244,623.4836499679734,125.1666254129409,623.5260763748639,125.1666254129597,623.6836499677314,125.0090518198397,623.7260763746141,125.0090518198198,623.8836499675476,125.1666254129685,623.9260763744472,125.1666254129284,624.0836499676722,125.0090518198244,624.1260763745296,125.009051819776,624.2836499677712,125.1666254129318,624.3260763745913,125.1666254129465,624.4836499679841,125.0090518198179,624.5260763748529,125.0090518198735,624.6605738674552,125.1435493128708,624.6817870709218,125.1523361094663,624.7324368005766,125.1523361094663,624.7624368005764,125.1823361095045,624.7624368004037,125.3178386526478,624.7712235969681,125.3390518561218,624.8545078682107,125.4223361273638,624.8545078682107,125.464762534235,624.6969342750815,125.6223361273653,624.6969342750817,125.6647625342368,624.8545078682156,125.8223361273606,624.8545078682203,125.8647625342279,624.6969342750762,126.0223361274546,624.6969342750888,126.0647625343292,624.8545078681786,126.2223361275298,624.8545078681797,126.264762534418,624.6969342751308,126.4223361270383,624.6969342750767,126.4647625339055,624.8545078682217,126.6223361275939,624.8545078681627,126.664762534459,624.7712235971213,126.7480468052293,624.7624368005224,126.7692600086995,624.7624368005224,126.9471889593577,624.7324368005222,126.9771889593577,624.6800713421134,126.9771889593577,624.6588581386388,126.9684021627545,624.5260763748917,126.8356203985203,624.4836499680011,126.8356203984696,624.3260763744545,126.9931939917549,624.2836499676407,126.9931939917745,624.1260763736725,126.8356203984777,624.0836499668017,126.8356203985569,623.9260763745128,126.9931939915098,623.8836499675867,126.9931939915309,623.7260763748176,126.8356203985339,623.6836499679566,126.8356203984952,623.5260763744085,126.9931939916433,623.483649967533,126.9931939915969,623.3260763749009,126.8356203985411,623.2836499680412,126.8356203984859,623.1508682032272,126.9684021628308,623.1296549998289,126.9771889593577,622.9375839504887,126.9771889593577,622.9075839504887,126.9471889593577,622.9075839504887,126.7975442798971,622.9163707470442,126.7763310764703,623.0279392895154,126.6647625339067,623.0279392895643,126.6223361270142,622.8703656962832,126.4647625340123,622.8703656962566,126.4223361271991,623.0279392895509,126.2647625332486,623.0279392894902,126.2223361263938,622.8703656965254,126.0647625338171,622.8703656965043,126.0223361268913,623.0279392895013,125.8647625343676,623.02793928954,125.8223361275064,622.8703656963919,125.6647625339584,622.8703656964381,125.6223361270829,623.027939289494,125.4647625344508,623.0279392895493,125.422336127591,622.9163707469135,125.3107675845522
22,624.8224368004207,125.2895543811537,624.8224368005891,125.1823361094181,624.8524368005891,125.1523361094651,625.0427921212643,125.1523361094651,625.0640053246769,125.1435493129234,625.1985028180659,125.0090518198233,625.2409292249373,125.0090518198232,625.3985028180069,125.1666254129396,625.4409292248976,125.1666254129584,625.5985028177649,125.0090518198385,625.6409292246476,125.0090518198185,625.7985028175812,125.1666254129673,625.840929224481,125.1666254129272,625.9985028177061,125.0090518198232,626.0409292245632,125.0090518197748,626.1985028178051,125.1666254129305,626.240929224625,125.1666254129453,626.3985028180177,125.0090518198167,626.4409292248865,125.0090518198723,626.5754267174887,125.1435493128695,626.5966399209553,125.1523361094651,626.6472896506102,125.1523361094651,626.67728965061,125.1823361095033,626.6772896504375,125.3178386526466,626.6860764470017,125.3390518561205,626.7693607182442,125.4223361273626,626.7693607182445,125.4647625342338,626.6117871251151,125.6223361273641,626.6117871251156,125.6647625342356,626.7693607182493,125.8223361273594,626.7693607182542,125.8647625342266,626.6117871251099,126.0223361274533,626.6117871251226,126.064762534328,626.7693607182122,126.2223361275286,626.7693607182133,126.2647625344168,626.6117871251647,126.422336127037,626.6117871251103,126.4647625339043,626.7693607182555,126.6223361275927,626.7693607181963,126.6647625344578,626.6860764471547,126.7480468052281,626.677289650556,126.7692600086983,626.677289650556,126.9471889593565,626.6472896505561,126.9771889593565,626.5949241921472,126.9771889593565,626.5737109886726,126.9684021627532,626.4409292249254,126.8356203985191,626.3985028180347,126.8356203984684,626.2409292244881,126.9931939917537,626.1985028176742,126.9931939917733,626.0409292237061,126.8356203984765,625.9985028168355,126.8356203985557,625.8409292245462,126.9931939915086,625.7985028176205,126.9931939915297,625.6409292248512,126.8356203985326,625.5985028179902,126.835620398494,625.4409292244422,126.9931939916421,625.3985028175667,126.9931939915956,625.2409292249343,126.8356203985399,625.1985028180746,126.8356203984847,625.0657210532607,126.9684021628296,625.0445078498627,126.9771889593565,624.8524368005222,126.9771889593565,624.8224368005224,126.9471889593565,624.8224368005224,126.7975442798958,624.8312235970777,126.7763310764691,624.942792139549,126.6647625339055,624.9427921395978,126.622336127013,624.7852185463171,126.4647625340111,624.7852185462903,126.4223361271979,624.9427921395845,126.2647625332473,624.9427921395238,126.2223361263926,624.785218546559,126.0647625338159,624.7852185465379,126.0223361268901,624.942792139535,125.8647625343663,624.9427921395736,125.8223361275052,624.7852185464254,125.6647625339572,624.7852185464718,125.6223361270816,624.9427921395278,125.4647625344495,624.9427921395829,125.4223361275898,624.831223596947,125.310767584551
21,626.7372896504546,125.2895543811537,626.7372896506228,125.1823361094181,626.7672896506228,125.1523361094651,626.9576449712977,125.1523361094651,626.9788581747108,125.1435493129235,627.1133556680996,125.0090518198233,627.1557820749708,125.0090518198232,627.3133556680408,125.1666254129396,627.3557820749313,125.1666254129584,627.5133556677984,125.0090518198385,627.5557820746812,125.0090518198185,627.7133556676147,125.1666254129673,627.7557820745146,125.1666254129272,627.9133556677396,125.0090518198232,627.955782074597,125.0090518197748,628.1133556678387,125.1666254129306,628.1557820746586,125.1666254129453,628.3133556680516,125.0090518198167,628.3557820749201,125.0090518198723,628.4902795675225,125.1435493128695,628.5114927709892,125.1523361094651,628.5621425006437,125.1523361094651,628.5921425006437,125.1823361095033,628.5921425004711,125.3178386526466,628.6009292970355,125.3390518561206,628.6842135682778,125.4223361273626,628.6842135682781,125.4647625342338,628.5266399751487,125.6223361273641,628.5266399751492,125.6647625342356,628.6842135682832,125.8223361273594,628.6842135682879,125.8647625342266,628.5266399751436,126.0223361274533,628.5266399751563,126.064762534328,628.6842135682458,126.2223361275286,628.6842135682468,126.2647625344168,628.5266399751982,126.422336127037,628.5266399751439,126.4647625339043,628.6842135682891,126.6223361275927,628.68421356823,126.6647625344578,628.6009292971884,126.7480468052281,628.5921425005897,126.7692600086983,628.5921425005897,126.9471889593565,628.5621425005897,126.9771889593565,628.5097770421806,126.9771889593565,628.4885638387062,126.9684021627532,628.355782074959,126.8356203985191,628.3133556680684,126.8356203984684,628.1557820745217,126.9931939917537,628.113355667708,126.9931939917733,627.9557820737397,126.8356203984765,627.913355666869,126.8356203985557,627.75578207458,126.9931939915086,627.7133556676542,126.9931939915297,627.5557820748851,126.8356203985326,627.5133556680239,126.835620398494,627.3557820744757,126.9931939916421,627.3133556676001,126.9931939915957,627.1557820749682,126.8356203985399,627.1133556681085,126.8356203984847,626.9805739032944,126.9684021628296,626.9593606998965,126.9771889593565,626.7672896505557,126.9771889593565,626.737289650556,126.9471889593565,626.737289650556,126.7975442798958,626.7460764471116,126.7763310764691,626.8576449895824,126.6647625339055,626.8576449896317,126.622336127013,626.7000713963508,126.4647625340111,626.7000713963239,126.4223361271979,626.8576449896182,126.2647625332473,626.8576449895577,126.2223361263926,626.7000713965926,126.0647625338159,626.7000713965715,126.0223361268901,626.8576449895686,125.8647625343664,626.8576449896073,125.8223361275052,626.700071396459,125.6647625339572,626.7000713965055,125.6223361270816,626.8576449895614,125.4647625344495,626.8576449896166,125.4223361275898,626.7460764469809,125.310767584551
20,628.6521425004884,125.2895543811531,628.6521425006562,125.1823361094175,628.6821425006563,125.1523361094645,628.8724978213315,125.1523361094645,628.8937110247442,125.1435493129228,629.0282085181332,125.0090518198227,629.0706349250045,125.0090518198226,629.2282085180742,125.166625412939,629.270634924965,125.1666254129578,629.4282085178322,125.0090518198379,629.4706349247149,125.0090518198179,629.6282085176485,125.1666254129667,629.6706349245482,125.1666254129266,629.8282085177732,125.0090518198226,629.8706349246306,125.0090518197742,630.0282085178721,125.1666254129299,630.0706349246922,125.1666254129447,630.2282085180852,125.0090518198161,630.2706349249538,125.0090518198717,630.405132417556,125.1435493128689,630.4263456210227,125.1523361094645,630.4769953506775,125.1523361094645,630.5069953506772,125.1823361095027,630.5069953505047,125.317838652646,630.5157821470692,125.3390518561199,630.5990664183116,125.4223361273619,630.5990664183117,125.4647625342331,630.4414928251823,125.6223361273635,630.4414928251826,125.664762534235,630.5990664183167,125.8223361273588,630.5990664183215,125.864762534226,630.4414928251771,126.0223361274527,630.4414928251899,126.0647625343274,630.5990664182793,126.222336127528,630.5990664182806,126.264762534416,630.4414928252318,126.4223361270364,630.4414928251776,126.4647625339037,630.5990664183226,126.6223361275921,630.5990664182636,126.6647625344572,630.5157821472222,126.7480468052275,630.5069953506232,126.7692600086977,630.5069953506232,126.9471889593559,630.4769953506234,126.9771889593559,630.4246298922143,126.9771889593559,630.4034166887398,126.9684021627526,630.2706349249928,126.8356203985185,630.228208518102,126.8356203984678,630.0706349245554,126.9931939917531,630.0282085177416,126.9931939917726,629.8706349237733,126.8356203984759,629.8282085169027,126.8356203985551,629.6706349246136,126.993193991508,629.6282085176877,126.9931939915291,629.4706349249187,126.835620398532,629.4282085180574,126.8356203984934,629.2706349245094,126.9931939916415,629.2282085176339,126.993193991595,629.070634925002,126.8356203985393,629.0282085181423,126.8356203984841,628.8954267533281,126.9684021628289,628.8742135499301,126.9771889593559,628.6821425005896,126.9771889593559,628.6521425005895,126.9471889593559,628.6521425005895,126.7975442798952,628.6609292971452,126.7763310764684,628.7724978396162,126.6647625339049,628.7724978396652,126.6223361270123,628.6149242463842,126.4647625340105,628.6149242463575,126.4223361271973,628.7724978396517,126.2647625332467,628.7724978395912,126.222336126392,628.6149242466263,126.0647625338153,628.6149242466051,126.0223361268895,628.7724978396022,125.8647625343657,628.7724978396409,125.8223361275046,628.6149242464928,125.6647625339566,628.6149242465391,125.622336127081,628.772497839595,125.4647625344489,628.7724978396502,125.4223361275892,628.6609292970145,125.3107675845504
19,630.566995350522,125.2895543811531,630.56699535069,125.1823361094175,630.59699535069,125.1523361094645,630.7873506713653,125.1523361094645,630.808563874778,125.1435493129228,630.9430613681669,125.0090518198227,630.9854877750381,125.0090518198226,631.1430613681079,125.166625412939,631.1854877749984,125.1666254129578,631.343061367866,125.0090518198379,631.3854877747485,125.0090518198179,631.5430613676823,125.1666254129667,631.5854877745818,125.1666254129266,631.743061367807,125.0090518198226,631.7854877746643,125.0090518197742,631.943061367906,125.16662541293,631.9854877747259,125.1666254129447,632.1430613681187,125.0090518198161,632.1854877749875,125.0090518198717,632.3199852675896,125.1435493128689,632.3411984710561,125.1523361094645,632.3918482007111,125.1523361094645,632.4218482007111,125.1823361095027,632.4218482005384,125.317838652646,632.4306349971029,125.3390518561199,632.5139192683451,125.422336127362,632.5139192683454,125.4647625342332,632.356345675216,125.6223361273635,632.3563456752165,125.664762534235,632.5139192683502,125.8223361273588,632.5139192683552,125.864762534226,632.3563456752107,126.0223361274527,632.3563456752236,126.0647625343274,632.5139192683129,126.222336127528,632.5139192683143,126.264762534416,632.3563456752656,126.4223361270364,632.3563456752112,126.4647625339037,632.5139192683564,126.6223361275921,632.5139192682974,126.6647625344572,632.4306349972559,126.7480468052275,632.4218482006568,126.7692600086977,632.4218482006568,126.9471889593559,632.391848200657,126.9771889593559,632.3394827422482,126.9771889593559,632.3182695387735,126.9684021627526,632.1854877750261,126.8356203985185,632.1430613681357,126.8356203984678,631.985487774589,126.9931939917531,631.9430613677752,126.9931939917726,631.7854877738072,126.8356203984759,631.7430613669362,126.8356203985551,631.585487774647,126.993193991508,631.5430613677214,126.9931939915291,631.3854877749523,126.835620398532,631.3430613680908,126.8356203984934,631.1854877745433,126.9931939916415,631.1430613676678,126.9931939915951,630.9854877750356,126.8356203985393,630.9430613681759,126.8356203984841,630.8102796033617,126.968402162829,630.7890663999636,126.9771889593559,630.5969953506233,126.9771889593559,630.5669953506233,126.9471889593559,630.5669953506233,126.7975442798952,630.5757821471789,126.7763310764684,630.68735068965,126.6647625339049,630.6873506896987,126.6223361270124,630.5297770964179,126.4647625340105,630.5297770963911,126.4223361271973,630.6873506896853,126.2647625332467,630.6873506896247,126.222336126392,630.5297770966598,126.0647625338153,630.5297770966387,126.0223361268895,630.6873506896359,125.8647625343657,630.6873506896745,125.8223361275046,630.5297770965263,125.6647625339566,630.5297770965727,125.622336127081,630.6873506896287,125.4647625344489,630.6873506896837,125.4223361275892,630.5757821470481,125.3107675845504
105,632.4818482005556,125.2895543811519,632.4818482007237,125.1823361094163,632.5118482007236,125.1523361094633,632.7022035213988,125.1523361094632,632.7234167248116,125.1435493129216,632.8579142182006,125.0090518198215,632.9003406250717,125.0090518198214,633.0579142181416,125.1666254129378,633.1003406250322,125.1666254129566,633.2579142178996,125.0090518198367,633.300340624782,125.0090518198167,633.4579142177156,125.1666254129654,633.5003406246154,125.1666254129253,633.6579142178407,125.0090518198213,633.7003406246979,125.009051819773,633.8579142179397,125.1666254129287,633.9003406247595,125.1666254129435,634.0579142181525,125.0090518198149,634.100340625021,125.0090518198705,634.2348381176232,125.1435493128677,634.2560513210901,125.1523361094633,634.3067010507447,125.1523361094633,634.3367010507448,125.1823361095015,634.336701050572,125.3178386526448,634.3454878471365,125.3390518561187,634.4287721183789,125.4223361273608,634.428772118379,125.4647625342319,634.2711985252496,125.6223361273623,634.27119852525,125.6647625342337,634.4287721183841,125.8223361273576,634.4287721183888,125.8647625342248,634.2711985252442,126.0223361274515,634.2711985252573,126.0647625343262,634.4287721183468,126.2223361275268,634.4287721183478,126.2647625344149,634.2711985252992,126.4223361270352,634.2711985252449,126.4647625339025,634.42877211839,126.6223361275908,634.428772118331,126.6647625344559,634.3454878472895,126.7480468052263,634.3367010506906,126.7692600086964,634.3367010506906,126.9471889593547,634.3067010506905,126.9771889593547,634.2543355922816,126.9771889593547,634.2331223888073,126.9684021627514,634.1003406250599,126.8356203985173,634.0579142181692,126.8356203984666,633.9003406246226,126.9931939917518,633.8579142178088,126.9931939917714,633.7003406238407,126.8356203984747,633.6579142169701,126.8356203985539,633.5003406246809,126.9931939915068,633.4579142177553,126.9931939915279,633.300340624986,126.8356203985308,633.2579142181248,126.8356203984922,633.1003406245766,126.9931939916403,633.0579142177013,126.9931939915938,632.9003406250692,126.835620398538,632.8579142182095,126.8356203984829,632.7251324533952,126.9684021628277,632.7039192499974,126.9771889593547,632.5118482006569,126.9771889593547,632.4818482006569,126.9471889593546,632.4818482006569,126.797544279894,632.4906349972125,126.7763310764672,632.6022035396836,126.6647625339036,632.6022035397325,126.6223361270112,632.4446299464516,126.4647625340093,632.4446299464247,126.4223361271961,632.602203539719,126.2647625332455,632.6022035396585,126.2223361263907,632.4446299466933,126.0647625338141,632.4446299466723,126.0223361268882,632.6022035396695,125.8647625343645,632.602203539708,125.8223361275033,632.4446299465598,125.6647625339553,632.4446299466065,125.6223361270798,632.6022035396622,125.4647625344477,632.6022035397175,125.422336127588,632.4906349970818,125.3107675845491
104,634.3967010505892,125.2895543811519,634.396701050757,125.1823361094163,634.4267010507572,125.1523361094633,634.6170563714322,125.1523361094633,634.6382695748453,125.1435493129216,634.7727670682342,125.0090518198215,634.8151934751053,125.0090518198214,634.9727670681752,125.1666254129378,635.0151934750656,125.1666254129566,635.1727670679333,125.0090518198367,635.2151934748158,125.0090518198167,635.3727670677492,125.1666254129655,635.4151934746488,125.1666254129253,635.5727670678742,125.0090518198213,635.6151934747315,125.009051819773,635.7727670679732,125.1666254129287,635.815193474793,125.1666254129435,635.972767068186,125.0090518198149,636.0151934750547,125.0090518198705,636.1496909676571,125.1435493128677,636.1709041711237,125.1523361094633,636.2215539007783,125.1523361094633,636.2515539007784,125.1823361095015,636.2515539006055,125.3178386526448,636.2603406971701,125.3390518561187,636.3436249684124,125.4223361273608,636.3436249684127,125.4647625342319,636.1860513752832,125.6223361273623,636.1860513752836,125.6647625342338,636.3436249684177,125.8223361273576,636.3436249684224,125.8647625342248,636.1860513752779,126.0223361274515,636.1860513752907,126.0647625343262,636.3436249683805,126.2223361275268,636.3436249683815,126.2647625344149,636.1860513753327,126.4223361270352,636.1860513752787,126.4647625339025,636.3436249684236,126.6223361275909,636.3436249683647,126.6647625344559,636.2603406973232,126.7480468052263,636.2515539007242,126.7692600086964,636.2515539007242,126.9471889593547,636.2215539007243,126.9771889593547,636.1691884423152,126.9771889593547,636.1479752388409,126.9684021627514,636.0151934750936,126.8356203985173,635.972767068203,126.8356203984666,635.8151934746562,126.9931939917519,635.7727670678424,126.9931939917714,635.6151934738742,126.8356203984747,635.5727670670038,126.8356203985539,635.4151934747146,126.9931939915068,635.3727670677888,126.9931939915279,635.2151934750196,126.8356203985308,635.1727670681582,126.8356203984922,635.0151934746102,126.9931939916403,634.9727670677349,126.9931939915938,634.8151934751029,126.835620398538,634.7727670682433,126.8356203984829,634.6399853034291,126.9684021628277,634.6187721000309,126.9771889593547,634.4267010506906,126.9771889593547,634.3967010506905,126.9471889593547,634.3967010506905,126.797544279894,634.4054878472461,126.7763310764673,634.5170563897173,126.6647625339036,634.5170563897661,126.6223361270112,634.359482796485,126.4647625340093,634.3594827964583,126.4223361271961,634.5170563897527,126.2647625332455,634.5170563896921,126.2223361263908,634.3594827967272,126.0647625338141,634.359482796706,126.0223361268883,634.517056389703,125.8647625343645,634.5170563897417,125.8223361275033,634.3594827965937,125.6647625339554,634.3594827966401,125.6223361270798,634.5170563896957,125.4647625344477,634.5170563897511,125.422336127588,634.4054878471154,125.3107675845491
103,636.3115539006228,125.2895543811513,636.3115539007908,125.1823361094157,636.3415539007908,125.1523361094627,636.5319092214661,125.1523361094626,636.5531224248789,125.143549312921,636.6876199182676,125.0090518198209,636.730046325139,125.0090518198208,636.8876199182087,125.1666254129372,636.9300463250993,125.166625412956,637.0876199179669,125.0090518198361,637.1300463248494,125.0090518198161,637.2876199177831,125.1666254129648,637.3300463246827,125.1666254129247,637.4876199179078,125.0090518198208,637.5300463247651,125.0090518197724,637.6876199180069,125.1666254129281,637.7300463248267,125.1666254129429,637.8876199182197,125.0090518198143,637.9300463250883,125.0090518198699,638.0645438176907,125.1435493128671,638.0857570211574,125.1523361094627,638.1364067508118,125.1523361094627,638.166406750812,125.1823361095009,638.1664067506392,125.3178386526442,638.1751935472038,125.3390518561181,638.2584778184463,125.4223361273601,638.2584778184463,125.4647625342313,638.1009042253168,125.6223361273617,638.1009042253174,125.6647625342331,638.2584778184514,125.822336127357,638.2584778184558,125.8647625342242,638.1009042253118,126.0223361274509,638.1009042253245,126.0647625343256,638.2584778184141,126.2223361275262,638.2584778184153,126.2647625344143,638.1009042253665,126.4223361270346,638.1009042253123,126.4647625339019,638.2584778184572,126.6223361275903,638.2584778183983,126.6647625344553,638.1751935473566,126.7480468052257,638.1664067507577,126.7692600086958,638.1664067507577,126.9471889593541,638.1364067507579,126.977188959354,638.0840412923491,126.9771889593541,638.0628280888745,126.9684021627508,637.9300463251273,126.8356203985167,637.8876199182366,126.835620398466,637.7300463246897,126.9931939917512,637.6876199178758,126.9931939917708,637.530046323908,126.8356203984741,637.4876199170373,126.8356203985533,637.3300463247481,126.9931939915062,637.2876199178222,126.9931939915273,637.1300463250532,126.8356203985302,637.0876199181921,126.8356203984916,636.9300463246441,126.9931939916397,636.8876199177686,126.9931939915932,636.7300463251365,126.8356203985374,636.6876199182767,126.8356203984823,636.5548381534627,126.9684021628271,636.5336249500646,126.977188959354,636.3415539007243,126.977188959354,636.3115539007242,126.947188959354,636.3115539007242,126.7975442798934,636.3203406972798,126.7763310764666,636.4319092397509,126.664762533903,636.4319092397997,126.6223361270105,636.2743356465188,126.4647625340087,636.2743356464917,126.4223361271955,636.4319092397863,126.2647625332449,636.4319092397257,126.2223361263901,636.2743356467607,126.0647625338135,636.2743356467396,126.0223361268876,636.4319092397368,125.8647625343639,636.4319092397752,125.8223361275027,636.2743356466274,125.6647625339548,636.2743356466736,125.6223361270792,636.4319092397296,125.4647625344471,636.4319092397847,125.4223361275874,636.3203406971489,125.3107675845486
102,638.2264067506565,125.2895543811513,638.2264067508247,125.1823361094157,638.2564067508243,125.1523361094627,638.4467620714997,125.1523361094627,638.4679752749125,125.143549312921,638.6024727683015,125.0090518198209,638.6448991751726,125.0090518198208,638.8024727682425,125.1666254129372,638.8448991751332,125.166625412956,639.0024727680005,125.0090518198361,639.0448991748827,125.0090518198161,639.2024727678167,125.1666254129649,639.2448991747165,125.1666254129247,639.4024727679416,125.0090518198208,639.4448991747987,125.0090518197724,639.6024727680403,125.1666254129281,639.6448991748605,125.1666254129429,639.8024727682534,125.0090518198143,639.8448991751219,125.0090518198699,639.9793966677242,125.1435493128671,640.000609871191,125.1523361094627,640.0512596008456,125.1523361094627,640.0812596008456,125.1823361095009,640.081259600673,125.3178386526442,640.0900463972374,125.3390518561181,640.1733306684798,125.4223361273601,640.1733306684798,125.4647625342313,640.0157570753506,125.6223361273617,640.0157570753511,125.6647625342332,640.173330668485,125.822336127357,640.1733306684897,125.8647625342242,640.0157570753454,126.0223361274509,640.0157570753581,126.0647625343256,640.1733306684476,126.2223361275262,640.1733306684489,126.2647625344143,640.0157570754002,126.4223361270346,640.0157570753457,126.4647625339019,640.1733306684908,126.6223361275903,640.1733306684317,126.6647625344553,640.0900463973901,126.7480468052257,640.0812596007916,126.7692600086958,640.0812596007916,126.9471889593541,640.0512596007915,126.9771889593541,639.9988941423827,126.9771889593541,639.9776809389082,126.9684021627508,639.8448991751608,126.8356203985167,639.8024727682701,126.835620398466,639.6448991747234,126.9931939917513,639.6024727679098,126.9931939917708,639.4448991739416,126.8356203984741,639.402472767071,126.8356203985533,639.2448991747817,126.9931939915062,639.2024727678562,126.9931939915273,639.0448991750869,126.8356203985302,639.0024727682257,126.8356203984916,638.8448991746777,126.9931939916397,638.8024727678023,126.9931939915932,638.64489917517,126.8356203985374,638.6024727683102,126.8356203984823,638.4696910034961,126.9684021628271,638.4484778000983,126.9771889593541,638.2564067507577,126.977188959354,638.2264067507577,126.9471889593541,638.2264067507577,126.7975442798934,638.2351935473134,126.7763310764666,638.3467620897844,126.664762533903,638.3467620898334,126.6223361270105,638.1891884965527,126.4647625340087,638.1891884965257,126.4223361271955,638.3467620898199,126.2647625332449,638.3467620897594,126.2223361263902,638.1891884967941,126.0647625338135,638.1891884967732,126.0223361268877,638.3467620897703,125.8647625343639,638.346762089809,125.8223361275027,638.189188496661,125.6647625339548,638.1891884967074,125.6223361270792,638.3467620897633,125.4647625344471,638.3467620898183,125.4223361275874,638.2351935471826,125.3107675845486
101,640.1412596006902,125.2895543811501,640.1412596008582,125.1823361094144,640.1712596008581,125.1523361094614,640.3616149215331,125.1523361094614,640.3828281249461,125.1435493129198,640.5173256183351,125.0090518198196,640.5597520252062,125.0090518198196,640.717325618276,125.166625412936,640.7597520251668,125.1666254129548,640.917325618034,125.0090518198349,640.9597520249167,125.0090518198149,641.1173256178503,125.1666254129636,641.1597520247501,125.1666254129235,641.3173256179751,125.0090518198195,641.3597520248322,125.0090518197711,641.5173256180742,125.1666254129269,641.5597520248941,125.1666254129417,641.7173256182868,125.0090518198131,641.7597520251556,125.0090518198686,641.894249517758,125.1435493128659,641.9154627212248,125.1523361094614,641.9661124508793,125.1523361094614,641.9961124508793,125.1823361094997,641.9961124507066,125.317838652643,642.0048992472709,125.3390518561169,642.0881835185133,125.4223361273589,642.0881835185133,125.4647625342301,641.9306099253843,125.6223361273605,641.9306099253847,125.6647625342319,642.0881835185188,125.8223361273558,642.0881835185232,125.864762534223,641.930609925379,126.0223361274497,641.9306099253916,126.0647625343243,642.0881835184814,126.2223361275249,642.0881835184825,126.2647625344131,641.9306099254336,126.4223361270334,641.9306099253795,126.4647625339007,642.0881835185245,126.622336127589,642.0881835184656,126.6647625344541,642.004899247424,126.7480468052244,641.9961124508253,126.7692600086946,641.9961124508253,126.9471889593528,641.9661124508252,126.9771889593529,641.9137469924162,126.9771889593529,641.8925337889417,126.9684021627496,641.7597520251945,126.8356203985154,641.7173256183039,126.8356203984648,641.5597520247572,126.99319399175,641.5173256179435,126.9931939917696,641.3597520239751,126.8356203984729,641.3173256171046,126.8356203985521,641.1597520248155,126.9931939915049,641.1173256178898,126.9931939915261,640.9597520251203,126.835620398529,640.9173256182594,126.8356203984904,640.7597520247112,126.9931939916384,640.7173256178357,126.993193991592,640.5597520252038,126.8356203985362,640.5173256183441,126.835620398481,640.38454385353,126.9684021628259,640.363330650132,126.9771889593529,640.1712596007912,126.9771889593528,640.1412596007915,126.9471889593528,640.1412596007915,126.7975442798922,640.150046397347,126.7763310764654,640.2616149398181,126.6647625339018,640.261614939867,126.6223361270093,640.1040413465862,126.4647625340074,640.1040413465594,126.4223361271943,640.2616149398536,126.2647625332437,640.261614939793,126.2223361263889,640.1040413468281,126.0647625338122,640.1040413468068,126.0223361268864,640.2616149398038,125.8647625343627,640.2616149398427,125.8223361275015,640.1040413466945,125.6647625339535,640.104041346741,125.622336127078,640.2616149397969,125.4647625344459,640.2616149398518,125.4223361275862,640.1500463972162,125.3107675845473
100,642.0561124507237,125.2895543811501,642.0561124508918,125.1823361094144,642.0861124508917,125.1523361094615,642.276467771567,125.1523361094614,642.2976809749798,125.1435493129198,642.4321784683686,125.0090518198196,642.4746048752397,125.0090518198196,642.6321784683097,125.166625412936,642.6746048752002,125.1666254129548,642.8321784680678,125.0090518198349,642.8746048749503,125.0090518198149,643.032178467884,125.1666254129636,643.0746048747837,125.1666254129235,643.2321784680087,125.0090518198195,643.274604874866,125.0090518197711,643.4321784681077,125.1666254129269,643.4746048749278,125.1666254129417,643.6321784683207,125.0090518198131,643.6746048751892,125.0090518198687,643.8091023677916,125.1435493128659,643.830315571258,125.1523361094614,643.880965300913,125.1523361094614,643.9109653009128,125.1823361094997,643.9109653007403,125.317838652643,643.9197520973046,125.3390518561169,644.0030363685471,125.4223361273589,644.0030363685472,125.4647625342301,643.8454627754179,125.6223361273605,643.8454627754182,125.6647625342319,644.0030363685522,125.8223361273558,644.0030363685568,125.864762534223,643.8454627754127,126.0223361274497,643.8454627754253,126.0647625343243,644.003036368515,126.222336127525,644.0030363685163,126.2647625344131,643.8454627754675,126.4223361270334,643.8454627754131,126.4647625339007,644.0030363685582,126.622336127589,644.0030363684992,126.6647625344541,643.9197520974577,126.7480468052244,643.9109653008586,126.7692600086946,643.9109653008586,126.9471889593528,643.8809653008587,126.9771889593529,643.82859984245,126.9771889593529,643.8073866389752,126.9684021627496,643.674604875228,126.8356203985155,643.6321784683374,126.8356203984648,643.4746048747909,126.99319399175,643.4321784679771,126.9931939917696,643.2746048740089,126.8356203984729,643.2321784671382,126.8356203985521,643.0746048748491,126.9931939915049,643.0321784679232,126.9931939915261,642.874604875154,126.835620398529,642.832178468293,126.8356203984904,642.674604874745,126.9931939916384,642.6321784678695,126.993193991592,642.4746048752372,126.8356203985362,642.4321784683777,126.835620398481,642.2993967035636,126.9684021628259,642.2781835001655,126.9771889593529,642.0861124508251,126.9771889593529,642.0561124508251,126.9471889593528,642.0561124508251,126.7975442798922,642.0648992473807,126.7763310764654,642.1764677898518,126.6647625339018,642.1764677899004,126.6223361270093,642.0188941966197,126.4647625340074,642.018894196593,126.4223361271943,642.1764677898872,126.2647625332437,642.1764677898266,126.2223361263889,642.0188941968618,126.0647625338123,642.0188941968405,126.0223361268864,642.1764677898377,125.8647625343627,642.1764677898764,125.8223361275015,642.0188941967283,125.6647625339535,642.0188941967746,125.622336127078,642.1764677898304,125.4647625344459,642.1764677898856,125.4223361275862,642.0648992472497,125.3107675845473
32,619.0778782503197,123.3747015312641,619.0778782504877,123.2674832595285,619.1078782504876,123.2374832595755,619.2982335711631,123.2374832595755,619.3194467745759,123.2286964630339,619.4539442679647,123.0941989699337,619.4963706748359,123.0941989699336,619.6539442679059,123.2517725630501,619.6963706747965,123.2517725630689,619.8539442676636,123.0941989699489,619.8963706745462,123.094198969929,620.0539442674799,123.2517725630777,620.0963706743797,123.2517725630376,620.253944267605,123.0941989699336,620.2963706744623,123.0941989698852,620.4539442677038,123.251772563041,620.4963706745237,123.2517725630557,620.6539442679167,123.0941989699271,620.6963706747854,123.0941989699827,620.8308681673877,123.22869646298,620.8520813708543,123.2374832595755,620.902731100509,123.2374832595755,620.932731100509,123.2674832596138,620.9327311003362,123.4029858027571,620.9415178969006,123.424199006231,621.0248021681431,123.507483277473,621.0248021681431,123.5499096843442,620.8672285750139,123.7074832774746,620.8672285750142,123.749909684346,621.0248021681483,123.9074832774698,621.0248021681527,123.9499096843371,620.8672285750087,124.1074832775638,620.8672285750215,124.1499096844384,621.0248021681111,124.307483277639,621.024802168112,124.3499096845272,620.8672285750635,124.5074832771475,620.8672285750092,124.5499096840147,621.0248021681542,124.7074832777031,621.0248021680952,124.7499096845682,620.9415178970536,124.8331939553386,620.9327311004547,124.8544071588087,620.9327311004547,125.0323361094669,620.9027311004547,125.0623361094669,620.8503656420457,125.0623361094669,620.8291524385714,125.0535493128637,620.6963706748243,124.9207675486295,620.6539442679336,124.9207675485788,620.4963706743868,125.0783411418641,620.4539442675731,125.0783411418837,620.2963706736047,124.920767548587,620.2539442667344,124.9207675486661,620.0963706744451,125.078341141619,620.0539442675192,125.0783411416401,619.8963706747502,124.9207675486431,619.8539442678891,124.9207675486045,619.6963706743408,125.0783411417525,619.6539442674652,125.0783411417061,619.4963706748335,124.9207675486503,619.4539442679738,124.9207675485951,619.3211625031596,125.05354931294,619.2999492997614,125.0623361094669,619.1078782504209,125.0623361094669,619.0778782504211,125.0323361094669,619.0778782504211,124.8826914300063,619.0866650469763,124.8614782265795,619.1982335894479,124.7499096840159,619.1982335894968,124.7074832771234,619.0406599962159,124.5499096841215,619.0406599961891,124.5074832773084,619.1982335894833,124.3499096833578,619.1982335894224,124.307483276503,619.0406599964577,124.1499096839263,619.0406599964367,124.1074832770005,619.1982335894337,123.9499096844768,619.1982335894722,123.9074832776156,619.0406599963242,123.7499096840676,619.0406599963708,123.7074832771921,619.1982335894265,123.54990968456,619.1982335894818,123.5074832777002,619.0866650468457,123.3959147346614
31,620.9927311003532,123.3747015312635,620.9927311005214,123.2674832595279,621.0227311005215,123.2374832595749,621.2130864211967,123.2374832595749,621.2342996246095,123.2286964630333,621.3687971179982,123.0941989699331,621.4112235248697,123.094198969933,621.5687971179395,123.2517725630495,621.61122352483,123.2517725630683,621.7687971176972,123.0941989699483,621.81122352458,123.0941989699283,621.9687971175136,123.2517725630771,622.0112235244133,123.251772563037,622.1687971176386,123.094198969933,622.2112235244956,123.0941989698846,622.3687971177374,123.2517725630404,622.4112235245573,123.2517725630551,622.5687971179503,123.0941989699265,622.611223524819,123.0941989699821,622.7457210174214,123.2286964629794,622.766934220888,123.2374832595749,622.8175839505427,123.2374832595749,622.8475839505428,123.2674832596132,622.8475839503698,123.4029858027565,622.8563707469342,123.4241990062304,622.9396550181767,123.5074832774724,622.9396550181767,123.5499096843436,622.7820814250476,123.7074832774739,622.7820814250477,123.7499096843454,622.9396550181818,123.9074832774692,622.9396550181866,123.9499096843365,622.7820814250422,124.1074832775632,622.7820814250551,124.1499096844378,622.9396550181448,124.3074832776384,622.9396550181458,124.3499096845265,622.7820814250971,124.5074832771468,622.7820814250427,124.5499096840141,622.9396550181879,124.7074832777025,622.9396550181287,124.7499096845676,622.8563707470872,124.8331939553379,622.8475839504882,124.8544071588081,622.8475839504883,125.0323361094663,622.8175839504887,125.0623361094663,622.7652184920795,125.0623361094663,622.7440052886053,125.053549312863,622.6112235248579,124.9207675486289,622.5687971179673,124.9207675485782,622.4112235244205,125.0783411418635,622.3687971176067,125.0783411418831,622.2112235236386,124.9207675485863,622.168797116768,124.9207675486655,622.0112235244787,125.0783411416184,621.9687971175528,125.0783411416395,621.8112235247838,124.9207675486424,621.7687971179226,124.9207675486038,621.6112235243747,125.0783411417519,621.5687971174991,125.0783411417055,621.4112235248673,124.9207675486497,621.3687971180075,124.9207675485945,621.2360153531932,125.0535493129394,621.2148021497952,125.0623361094663,621.0227311004547,125.0623361094663,620.9927311004546,125.0323361094663,620.9927311004546,124.8826914300057,621.0015178970102,124.8614782265789,621.1130864394815,124.7499096840153,621.11308643953,124.7074832771228,620.9555128462493,124.5499096841209,620.9555128462227,124.5074832773078,621.1130864395169,124.3499096833572,621.1130864394561,124.3074832765024,620.9555128464915,124.1499096839257,620.9555128464702,124.1074832769999,621.1130864394672,123.9499096844762,621.113086439506,123.907483277615,620.955512846358,123.749909684067,620.9555128464042,123.7074832771915,621.1130864394601,123.5499096845593,621.1130864395154,123.5074832776996,621.0015178968792,123.3959147346608
30,622.9075839503869,123.3747015312635,622.9075839505551,123.2674832595279,622.9375839505551,123.2374832595749,623.1279392712304,123.2374832595749,623.1491524746433,123.2286964630333,623.283649968032,123.0941989699331,623.3260763749032,123.094198969933,623.483649967973,123.2517725630495,623.5260763748637,123.2517725630683,623.683649967731,123.0941989699483,623.7260763746136,123.0941989699283,623.8836499675471,123.2517725630771,623.9260763744471,123.251772563037,624.0836499676722,123.094198969933,624.1260763745295,123.0941989698846,624.2836499677712,123.2517725630404,624.3260763745911,123.2517725630551,624.483649967984,123.0941989699265,624.5260763748526,123.0941989699821,624.660573867455,123.2286964629794,624.6817870709215,123.2374832595749,624.7324368005762,123.2374832595749,624.7624368005761,123.2674832596132,624.7624368004035,123.4029858027565,624.7712235969677,123.4241990062304,624.8545078682105,123.5074832774724,624.8545078682105,123.5499096843436,624.6969342750812,123.7074832774739,624.6969342750817,123.7499096843454,624.8545078682155,123.9074832774692,624.8545078682203,123.9499096843365,624.6969342750759,124.1074832775632,624.6969342750888,124.1499096844378,624.8545078681784,124.3074832776384,624.8545078681794,124.3499096845266,624.6969342751307,124.5074832771469,624.6969342750765,124.5499096840141,624.8545078682216,124.7074832777025,624.8545078681623,124.7499096845676,624.7712235971208,124.833193955338,624.7624368005221,124.8544071588081,624.7624368005221,125.0323361094663,624.7324368005222,125.0623361094663,624.6800713421133,125.0623361094663,624.6588581386387,125.053549312863,624.5260763748915,124.9207675486289,624.4836499680009,124.9207675485782,624.3260763744541,125.0783411418635,624.2836499676401,125.0783411418831,624.1260763736723,124.9207675485863,624.0836499668017,124.9207675486655,623.9260763745121,125.0783411416184,623.8836499675866,125.0783411416395,623.7260763748174,124.9207675486424,623.6836499679562,124.9207675486038,623.5260763744084,125.0783411417519,623.4836499675328,125.0783411417055,623.3260763749007,124.9207675486497,623.2836499680411,124.9207675485945,623.150868203227,125.0535493129394,623.1296549998289,125.0623361094663,622.9375839504881,125.0623361094663,622.9075839504884,125.0323361094663,622.9075839504884,124.8826914300057,622.916370747044,124.8614782265789,623.0279392895152,124.7499096840153,623.0279392895638,124.7074832771228,622.8703656962832,124.5499096841209,622.8703656962562,124.5074832773078,623.0279392895504,124.3499096833572,623.02793928949,124.3074832765024,622.8703656965251,124.1499096839257,622.870365696504,124.1074832769999,623.0279392895011,123.9499096844762,623.0279392895396,123.907483277615,622.8703656963914,123.749909684067,622.870365696438,123.7074832771915,623.0279392894937,123.5499096845594,623.027939289549,123.5074832776996,622.9163707469132,123.3959147346608
29,624.8224368004207,123.3747015312623,624.8224368005887,123.2674832595267,624.8524368005887,123.2374832595737,625.042792121264,123.2374832595737,625.0640053246767,123.228696463032,625.1985028180655,123.0941989699319,625.2409292249367,123.0941989699318,625.3985028180067,123.2517725630482,625.4409292248972,123.251772563067,625.5985028177647,123.0941989699471,625.6409292246472,123.0941989699271,625.7985028175809,123.2517725630759,625.8409292244806,123.2517725630358,625.9985028177058,123.0941989699318,626.0409292245631,123.0941989698834,626.1985028178048,123.2517725630391,626.2409292246247,123.2517725630539,626.3985028180177,123.0941989699253,626.4409292248862,123.0941989699809,626.5754267174887,123.2286964629781,626.5966399209552,123.2374832595737,626.6472896506098,123.2374832595737,626.67728965061,123.2674832596119,626.677289650437,123.4029858027552,626.6860764470016,123.4241990062292,626.7693607182441,123.5074832774712,626.7693607182441,123.5499096843422,626.6117871251148,123.7074832774727,626.6117871251154,123.7499096843442,626.7693607182493,123.907483277468,626.7693607182539,123.9499096843352,626.6117871251093,124.1074832775619,626.6117871251224,124.1499096844366,626.7693607182119,124.3074832776372,626.7693607182129,124.3499096845253,626.6117871251643,124.5074832771456,626.6117871251101,124.5499096840129,626.7693607182551,124.7074832777013,626.7693607181961,124.7499096845664,626.6860764471545,124.8331939553367,626.6772896505557,124.8544071588069,626.6772896505557,125.0323361094651,626.6472896505558,125.0623361094651,626.5949241921467,125.0623361094651,626.5737109886725,125.0535493128618,626.4409292249252,124.9207675486277,626.3985028180344,124.920767548577,626.2409292244877,125.0783411418623,626.198502817674,125.0783411418818,626.0409292237059,124.9207675485851,625.9985028168353,124.9207675486643,625.840929224546,125.0783411416172,625.7985028176201,125.0783411416383,625.6409292248511,124.9207675486412,625.59850281799,124.9207675486026,625.440929224442,125.0783411417507,625.398502817566,125.0783411417042,625.2409292249342,124.9207675486485,625.1985028180746,124.9207675485933,625.0657210532606,125.0535493129381,625.0445078498625,125.0623361094651,624.852436800522,125.0623361094651,624.822436800522,125.0323361094651,624.822436800522,124.8826914300044,624.8312235970776,124.8614782265776,624.9427921395485,124.7499096840141,624.9427921395976,124.7074832771216,624.7852185463167,124.5499096841197,624.78521854629,124.5074832773065,624.9427921395843,124.3499096833559,624.9427921395236,124.3074832765012,624.7852185465587,124.1499096839245,624.7852185465376,124.1074832769987,624.9427921395347,123.9499096844749,624.9427921395732,123.9074832776138,624.7852185464251,123.7499096840658,624.7852185464718,123.7074832771902,624.9427921395272,123.5499096845581,624.9427921395827,123.5074832776984,624.8312235969469,123.3959147346596
28,626.7372896504544,123.3747015312623,626.7372896506222,123.2674832595267,626.7672896506224,123.2374832595737,626.9576449712976,123.2374832595737,626.9788581747102,123.228696463032,627.1133556680991,123.0941989699319,627.1557820749706,123.0941989699318,627.3133556680402,123.2517725630482,627.355782074931,123.251772563067,627.5133556677984,123.0941989699471,627.5557820746809,123.0941989699271,627.7133556676146,123.2517725630759,627.7557820745144,123.2517725630358,627.9133556677394,123.0941989699318,627.9557820745968,123.0941989698834,628.1133556678383,123.2517725630392,628.1557820746582,123.2517725630539,628.3133556680511,123.0941989699253,628.35578207492,123.0941989699809,628.4902795675223,123.2286964629781,628.511492770989,123.2374832595737,628.5621425006436,123.2374832595737,628.5921425006436,123.2674832596119,628.5921425004707,123.4029858027552,628.6009292970352,123.4241990062292,628.6842135682778,123.5074832774712,628.6842135682778,123.5499096843424,628.5266399751484,123.7074832774727,628.526639975149,123.7499096843442,628.684213568283,123.907483277468,628.6842135682875,123.9499096843353,628.5266399751431,124.1074832775619,628.526639975156,124.1499096844366,628.6842135682458,124.3074832776372,628.6842135682467,124.3499096845253,628.5266399751979,124.5074832771456,628.5266399751438,124.5499096840129,628.6842135682888,124.7074832777013,628.6842135682298,124.7499096845664,628.6009292971883,124.8331939553367,628.5921425005891,124.8544071588069,628.5921425005895,125.0323361094651,628.5621425005895,125.0623361094651,628.5097770421805,125.0623361094651,628.4885638387061,125.0535493128618,628.3557820749587,124.9207675486277,628.3133556680682,124.920767548577,628.1557820745214,125.0783411418623,628.1133556677077,125.0783411418818,627.9557820737394,124.9207675485851,627.9133556668689,124.9207675486643,627.7557820745797,125.0783411416172,627.7133556676537,125.0783411416383,627.5557820748847,124.9207675486412,627.5133556680238,124.9207675486026,627.3557820744757,125.0783411417507,627.3133556676,125.0783411417043,627.1557820749681,124.9207675486485,627.1133556681084,124.9207675485933,626.9805739032943,125.0535493129382,626.9593606998961,125.0623361094651,626.7672896505557,125.0623361094651,626.7372896505556,125.0323361094651,626.7372896505556,124.8826914300044,626.7460764471112,124.8614782265776,626.8576449895824,124.7499096840141,626.8576449896312,124.7074832771216,626.7000713963502,124.5499096841197,626.7000713963236,124.5074832773065,626.8576449896177,124.3499096833559,626.8576449895572,124.3074832765012,626.7000713965924,124.1499096839245,626.7000713965712,124.1074832769987,626.8576449895681,123.9499096844749,626.8576449896069,123.9074832776138,626.700071396459,123.7499096840658,626.7000713965052,123.7074832771902,626.857644989561,123.5499096845581,626.8576449896162,123.5074832776984,626.7460764469805,123.3959147346596
27,628.652142500488,123.3747015312617,628.652142500656,123.2674832595261,628.682142500656,123.2374832595731,628.8724978213313,123.2374832595731,628.8937110247441,123.2286964630314,629.0282085181328,123.0941989699313,629.0706349250042,123.0941989699312,629.2282085180739,123.2517725630476,629.2706349249647,123.2517725630664,629.428208517832,123.0941989699465,629.4706349247145,123.0941989699265,629.6282085176482,123.2517725630753,629.670634924548,123.2517725630352,629.8282085177731,123.0941989699312,629.8706349246304,123.0941989698828,630.0282085178721,123.2517725630385,630.0706349246921,123.2517725630533,630.2282085180847,123.0941989699247,630.2706349249535,123.0941989699803,630.4051324175558,123.2286964629775,630.4263456210226,123.2374832595731,630.4769953506772,123.2374832595731,630.5069953506772,123.2674832596113,630.5069953505042,123.4029858027546,630.5157821470689,123.4241990062286,630.5990664183114,123.5074832774706,630.5990664183114,123.5499096843417,630.4414928251823,123.7074832774721,630.4414928251826,123.7499096843436,630.5990664183166,123.9074832774674,630.5990664183211,123.9499096843346,630.4414928251767,124.1074832775613,630.4414928251897,124.149909684436,630.5990664182792,124.3074832776366,630.5990664182802,124.3499096845247,630.4414928252316,124.507483277145,630.4414928251774,124.5499096840123,630.5990664183225,124.7074832777007,630.5990664182634,124.7499096845658,630.5157821472219,124.8331939553361,630.506995350623,124.8544071588063,630.5069953506231,125.0323361094645,630.476995350623,125.0623361094645,630.4246298922143,125.0623361094645,630.4034166887398,125.0535493128612,630.2706349249922,124.9207675486271,630.2282085181017,124.9207675485764,630.070634924555,125.0783411418617,630.0282085177412,125.0783411418812,629.8706349237733,124.9207675485845,629.8282085169025,124.9207675486637,629.6706349246132,125.0783411416166,629.6282085176875,125.0783411416377,629.4706349249182,124.9207675486406,629.428208518057,124.920767548602,629.2706349245093,125.0783411417501,629.2282085176338,125.0783411417037,629.0706349250017,124.9207675486478,629.028208518142,124.9207675485927,628.8954267533279,125.0535493129375,628.8742135499298,125.0623361094645,628.6821425005891,125.0623361094645,628.6521425005892,125.0323361094645,628.6521425005892,124.8826914300039,628.6609292971449,124.861478226577,628.7724978396161,124.7499096840135,628.7724978396648,124.707483277121,628.6149242463841,124.5499096841191,628.6149242463572,124.5074832773059,628.7724978396514,124.3499096833553,628.7724978395909,124.3074832765006,628.614924246626,124.1499096839239,628.6149242466048,124.1074832769981,628.772497839602,123.9499096844743,628.7724978396406,123.9074832776132,628.6149242464926,123.7499096840652,628.6149242465389,123.7074832771897,628.7724978395947,123.5499096845575,628.7724978396496,123.5074832776978,628.6609292970141,123.395914734659
106,630.5669953505216,123.3747015312617,630.5669953506898,123.2674832595261,630.5969953506896,123.2374832595731,630.787350671365,123.2374832595731,630.8085638747777,123.2286964630314,630.9430613681667,123.0941989699313,630.9854877750377,123.0941989699312,631.1430613681077,123.2517725630476,631.1854877749984,123.2517725630664,631.3430613678656,123.0941989699465,631.3854877747481,123.0941989699265,631.5430613676817,123.2517725630753,631.5854877745818,123.2517725630352,631.7430613678068,123.0941989699312,631.785487774664,123.0941989698828,631.9430613679058,123.2517725630385,631.9854877747257,123.2517725630533,632.1430613681187,123.0941989699247,632.1854877749871,123.0941989699803,632.3199852675895,123.2286964629775,632.3411984710561,123.2374832595731,632.3918482007107,123.2374832595731,632.4218482007109,123.2674832596113,632.421848200538,123.4029858027547,632.4306349971025,123.4241990062286,632.513919268345,123.5074832774706,632.513919268345,123.5499096843418,632.3563456752157,123.7074832774721,632.3563456752161,123.7499096843436,632.5139192683502,123.9074832774674,632.5139192683547,123.9499096843347,632.3563456752102,124.1074832775613,632.3563456752232,124.149909684436,632.5139192683129,124.3074832776366,632.5139192683137,124.3499096845247,632.3563456752652,124.507483277145,632.356345675211,124.5499096840123,632.513919268356,124.7074832777007,632.513919268297,124.7499096845658,632.4306349972554,124.8331939553361,632.4218482006567,124.8544071588063,632.4218482006568,125.0323361094645,632.3918482006567,125.0623361094645,632.3394827422478,125.0623361094645,632.3182695387734,125.0535493128612,632.1854877750261,124.9207675486271,632.1430613681354,124.9207675485764,631.9854877745886,125.0783411418617,631.9430613677749,125.0783411418812,631.7854877738067,124.9207675485845,631.7430613669362,124.9207675486637,631.5854877746469,125.0783411416166,631.5430613677213,125.0783411416377,631.385487774952,124.9207675486406,631.3430613680907,124.920767548602,631.1854877745428,125.0783411417501,631.1430613676671,125.0783411417037,630.9854877750352,124.9207675486479,630.9430613681756,124.9207675485927,630.8102796033616,125.0535493129376,630.7890663999634,125.0623361094645,630.5969953506227,125.0623361094645,630.5669953506227,125.0323361094645,630.5669953506227,124.8826914300039,630.5757821471785,124.861478226577,630.6873506896497,124.7499096840135,630.6873506896985,124.707483277121,630.5297770964178,124.5499096841191,630.5297770963907,124.5074832773059,630.6873506896851,124.3499096833553,630.6873506896245,124.3074832765006,630.5297770966594,124.1499096839239,630.5297770966384,124.1074832769981,630.6873506896357,123.9499096844743,630.6873506896741,123.9074832776132,630.5297770965262,123.7499096840652,630.5297770965726,123.7074832771897,630.6873506896281,123.5499096845575,630.6873506896836,123.5074832776978,630.5757821470477,123.395914734659
98,632.4818482005553,123.3747015312605,632.4818482007231,123.2674832595249,632.5118482007233,123.2374832595719,632.7022035213984,123.2374832595718,632.7234167248112,123.2286964630302,632.8579142182002,123.0941989699301,632.9003406250715,123.09419896993,633.0579142181411,123.2517725630464,633.100340625032,123.2517725630652,633.2579142178992,123.0941989699453,633.3003406247817,123.0941989699253,633.4579142177155,123.251772563074,633.500340624615,123.2517725630339,633.6579142178402,123.0941989699299,633.7003406246976,123.0941989698816,633.8579142179394,123.2517725630373,633.9003406247591,123.2517725630521,634.0579142181523,123.0941989699235,634.1003406250209,123.0941989699791,634.2348381176232,123.2286964629763,634.2560513210899,123.2374832595719,634.3067010507446,123.2374832595719,634.3367010507445,123.2674832596101,634.3367010505716,123.4029858027534,634.3454878471362,123.4241990062273,634.4287721183786,123.5074832774693,634.4287721183786,123.5499096843405,634.2711985252495,123.7074832774709,634.2711985252498,123.7499096843424,634.4287721183839,123.9074832774662,634.4287721183881,123.9499096843334,634.2711985252441,124.1074832775601,634.2711985252568,124.1499096844348,634.4287721183466,124.3074832776354,634.4287721183476,124.3499096845235,634.2711985252988,124.5074832771438,634.2711985252447,124.5499096840111,634.4287721183897,124.7074832776995,634.4287721183308,124.7499096845646,634.3454878472893,124.8331939553349,634.3367010506901,124.854407158805,634.3367010506904,125.0323361094633,634.3067010506904,125.0623361094632,634.2543355922812,125.0623361094633,634.233122388807,125.05354931286,634.1003406250597,124.9207675486259,634.0579142181691,124.9207675485752,633.9003406246222,125.0783411418604,633.8579142178085,125.07834114188,633.7003406238402,124.9207675485833,633.6579142169697,124.9207675486625,633.5003406246803,125.0783411416154,633.4579142177545,125.0783411416365,633.3003406249856,124.9207675486394,633.2579142181246,124.9207675486008,633.1003406245763,125.0783411417489,633.0579142177007,125.0783411417024,632.900340625069,124.9207675486466,632.8579142182092,124.9207675485915,632.7251324533952,125.0535493129363,632.703919249997,125.0623361094632,632.5118482006566,125.0623361094632,632.4818482006564,125.0323361094632,632.4818482006564,124.8826914300027,632.490634997212,124.8614782265758,632.6022035396833,124.7499096840122,632.602203539732,124.7074832771197,632.4446299464512,124.5499096841179,632.4446299464246,124.5074832773047,632.6022035397187,124.3499096833541,632.6022035396581,124.3074832764992,632.4446299466932,124.1499096839227,632.4446299466719,124.1074832769968,632.6022035396692,123.9499096844731,632.6022035397077,123.907483277612,632.4446299465598,123.749909684064,632.4446299466063,123.7074832771884,632.6022035396619,123.5499096845563,632.6022035397173,123.5074832776966,632.4906349970814,123.3959147346578
97,634.396701050589,123.3747015312605,634.396701050757,123.2674832595249,634.426701050757,123.2374832595719,634.6170563714322,123.2374832595719,634.638269574845,123.2286964630302,634.7727670682337,123.0941989699301,634.815193475105,123.09419896993,634.972767068175,123.2517725630464,635.0151934750656,123.2517725630652,635.1727670679329,123.0941989699453,635.2151934748152,123.0941989699253,635.3727670677491,123.2517725630741,635.4151934746487,123.2517725630339,635.572767067874,123.0941989699299,635.6151934747312,123.0941989698816,635.772767067973,123.2517725630373,635.815193474793,123.2517725630521,635.9727670681859,123.0941989699235,636.0151934750545,123.0941989699791,636.1496909676567,123.2286964629763,636.1709041711235,123.2374832595719,636.2215539007783,123.2374832595719,636.251553900778,123.2674832596101,636.2515539006054,123.4029858027534,636.2603406971697,123.4241990062273,636.3436249684122,123.5074832774693,636.3436249684122,123.5499096843405,636.1860513752831,123.7074832774709,636.1860513752835,123.7499096843424,636.3436249684175,123.9074832774662,636.343624968422,123.9499096843334,636.1860513752778,124.1074832775601,636.1860513752906,124.1499096844348,636.3436249683803,124.3074832776354,636.3436249683813,124.3499096845235,636.1860513753327,124.5074832771438,636.1860513752782,124.5499096840111,636.3436249684232,124.7074832776995,636.3436249683642,124.7499096845646,636.2603406973228,124.8331939553349,636.2515539007237,124.854407158805,636.251553900724,125.0323361094633,636.221553900724,125.0623361094633,636.1691884423151,125.0623361094633,636.1479752388406,125.05354931286,636.0151934750932,124.9207675486259,635.9727670682028,124.9207675485752,635.8151934746556,125.0783411418605,635.772767067842,125.07834114188,635.6151934738741,124.9207675485833,635.5727670670034,124.9207675486625,635.4151934747143,125.0783411416154,635.3727670677883,125.0783411416365,635.2151934750192,124.9207675486394,635.1727670681582,124.9207675486008,635.0151934746102,125.0783411417489,634.9727670677346,125.0783411417024,634.8151934751025,124.9207675486466,634.7727670682427,124.9207675485915,634.6399853034287,125.0535493129363,634.6187721000307,125.0623361094633,634.4267010506902,125.0623361094632,634.3967010506902,125.0323361094633,634.3967010506902,124.8826914300027,634.4054878472457,124.8614782265758,634.517056389717,124.7499096840122,634.5170563897657,124.7074832771197,634.3594827964849,124.5499096841179,634.3594827964583,124.5074832773047,634.5170563897522,124.3499096833541,634.5170563896918,124.3074832764994,634.359482796727,124.1499096839227,634.3594827967058,124.1074832769969,634.5170563897029,123.9499096844731,634.5170563897412,123.907483277612,634.3594827965935,123.749909684064,634.3594827966398,123.7074832771884,634.5170563896957,123.5499096845563,634.5170563897509,123.5074832776966,634.405487847115,123.3959147346578
96,636.3115539006225,123.3747015312599,636.3115539007906,123.2674832595243,636.3415539007902,123.2374832595713,636.5319092214658,123.2374832595712,636.5531224248786,123.2286964630296,636.6876199182675,123.0941989699295,636.7300463251388,123.0941989699294,636.8876199182087,123.2517725630458,636.9300463250993,123.2517725630646,637.0876199179665,123.0941989699447,637.1300463248489,123.0941989699247,637.2876199177826,123.2517725630734,637.3300463246826,123.2517725630333,637.4876199179078,123.0941989699294,637.5300463247648,123.094198969881,637.6876199180067,123.2517725630367,637.7300463248266,123.2517725630515,637.8876199182196,123.0941989699229,637.9300463250881,123.0941989699785,638.0645438176903,123.2286964629757,638.0857570211571,123.2374832595712,638.1364067508116,123.2374832595712,638.1664067508117,123.2674832596095,638.166406750639,123.4029858027528,638.1751935472031,123.4241990062267,638.2584778184457,123.5074832774687,638.2584778184457,123.5499096843399,638.1009042253168,123.7074832774703,638.1009042253172,123.7499096843418,638.2584778184511,123.9074832774656,638.2584778184557,123.9499096843328,638.1009042253114,124.1074832775595,638.1009042253241,124.1499096844342,638.2584778184138,124.3074832776348,638.2584778184147,124.3499096845229,638.1009042253663,124.5074832771432,638.1009042253118,124.5499096840105,638.2584778184571,124.7074832776989,638.2584778183979,124.749909684564,638.1751935473562,124.8331939553343,638.1664067507576,124.8544071588044,638.1664067507577,125.0323361094626,638.1364067507576,125.0623361094627,638.0840412923487,125.0623361094627,638.0628280888743,125.0535493128594,637.9300463251269,124.9207675486253,637.8876199182363,124.9207675485746,637.7300463246896,125.0783411418598,637.6876199178758,125.0783411418794,637.5300463239078,124.9207675485827,637.4876199170371,124.9207675486619,637.3300463247479,125.0783411416148,637.2876199178221,125.0783411416359,637.1300463250527,124.9207675486388,637.0876199181918,124.9207675486002,636.9300463246437,125.0783411417483,636.8876199177682,125.0783411417018,636.7300463251362,124.920767548646,636.6876199182764,124.9207675485909,636.5548381534622,125.0535493129357,636.5336249500642,125.0623361094627,636.3415539007237,125.0623361094627,636.3115539007239,125.0323361094626,636.3115539007239,124.8826914300021,636.3203406972793,124.8614782265752,636.4319092397506,124.7499096840116,636.4319092397993,124.7074832771192,636.2743356465188,124.5499096841173,636.2743356464917,124.5074832773041,636.431909239786,124.3499096833535,636.4319092397253,124.3074832764987,636.2743356467606,124.1499096839221,636.2743356467395,124.1074832769962,636.4319092397368,123.9499096844725,636.4319092397749,123.9074832776114,636.2743356466272,123.7499096840634,636.2743356466735,123.7074832771878,636.4319092397291,123.5499096845557,636.4319092397844,123.507483277696,636.3203406971487,123.3959147346572
95,638.2264067506562,123.3747015312599,638.2264067508243,123.2674832595243,638.2564067508242,123.2374832595713,638.4467620714993,123.2374832595712,638.4679752749122,123.2286964630296,638.6024727683011,123.0941989699295,638.6448991751723,123.0941989699294,638.8024727682423,123.2517725630458,638.8448991751329,123.2517725630646,639.0024727680001,123.0941989699447,639.0448991748827,123.0941989699247,639.2024727678164,123.2517725630734,639.2448991747162,123.2517725630333,639.4024727679414,123.0941989699294,639.4448991747983,123.094198969881,639.6024727680402,123.2517725630367,639.6448991748603,123.2517725630515,639.8024727682532,123.0941989699229,639.8448991751218,123.0941989699785,639.9793966677241,123.2286964629757,640.0006098711907,123.2374832595712,640.0512596008455,123.2374832595712,640.0812596008452,123.2674832596095,640.0812596006726,123.4029858027528,640.0900463972368,123.4241990062267,640.1733306684795,123.5074832774687,640.1733306684795,123.5499096843399,640.0157570753504,123.7074832774703,640.0157570753507,123.7499096843418,640.1733306684847,123.9074832774656,640.1733306684893,123.9499096843328,640.015757075345,124.1074832775595,640.0157570753577,124.1499096844342,640.1733306684475,124.3074832776348,640.1733306684484,124.3499096845229,640.0157570753997,124.5074832771432,640.0157570753456,124.5499096840105,640.1733306684907,124.7074832776989,640.1733306684316,124.749909684564,640.0900463973901,124.8331939553343,640.0812596007912,124.8544071588044,640.0812596007912,125.0323361094626,640.0512596007914,125.0623361094627,639.9988941423823,125.0623361094627,639.9776809389077,125.0535493128594,639.8448991751608,124.9207675486253,639.80247276827,124.9207675485746,639.6448991747233,125.0783411418598,639.6024727679095,125.0783411418794,639.4448991739412,124.9207675485827,639.4024727670707,124.9207675486619,639.2448991747815,125.0783411416148,639.2024727678557,125.0783411416359,639.0448991750862,124.9207675486388,639.0024727682255,124.9207675486002,638.8448991746773,125.0783411417483,638.8024727678016,125.0783411417018,638.6448991751699,124.920767548646,638.6024727683102,124.9207675485909,638.4696910034961,125.0535493129357,638.4484778000977,125.0623361094627,638.2564067507574,125.0623361094627,638.2264067507575,125.0323361094626,638.2264067507575,124.8826914300021,638.2351935473129,124.8614782265752,638.3467620897842,124.7499096840116,638.3467620898329,124.7074832771192,638.1891884965523,124.5499096841173,638.1891884965255,124.5074832773041,638.3467620898195,124.3499096833535,638.346762089759,124.3074832764987,638.1891884967941,124.1499096839221,638.1891884967731,124.1074832769962,638.3467620897703,123.9499096844725,638.3467620898087,123.9074832776114,638.1891884966607,123.7499096840634,638.1891884967071,123.7074832771878,638.3467620897629,123.5499096845557,638.3467620898183,123.507483277696,638.2351935471822,123.3959147346572
94,640.1412596006898,123.3747015312587,640.1412596008579,123.267483259523,640.1712596008579,123.23748325957,640.3616149215331,123.23748325957,640.382828124946,123.2286964630284,640.5173256183347,123.0941989699283,640.5597520252062,123.0941989699282,640.7173256182759,123.2517725630446,640.7597520251664,123.2517725630634,640.9173256180337,123.0941989699434,640.9597520249164,123.0941989699234,641.11732561785,123.2517725630722,641.1597520247497,123.2517725630321,641.317325617975,123.0941989699281,641.3597520248322,123.0941989698798,641.5173256180739,123.2517725630355,641.5597520248939,123.2517725630503,641.7173256182867,123.0941989699217,641.7597520251554,123.0941989699772,641.8942495177577,123.2286964629745,641.9154627212242,123.23748325957,641.9661124508791,123.23748325957,641.9961124508789,123.2674832596083,641.9961124507063,123.4029858027516,642.0048992472707,123.4241990062255,642.0881835185132,123.5074832774675,642.0881835185132,123.5499096843387,641.930609925384,123.7074832774691,641.9306099253843,123.7499096843405,642.0881835185182,123.9074832774644,642.0881835185229,123.9499096843316,641.9306099253787,124.1074832775583,641.9306099253914,124.149909684433,642.0881835184811,124.3074832776335,642.0881835184823,124.3499096845217,641.9306099254335,124.507483277142,641.9306099253791,124.5499096840092,642.0881835185244,124.7074832776976,642.0881835184651,124.7499096845627,642.0048992474237,124.8331939553331,641.9961124508247,124.8544071588032,641.9961124508247,125.0323361094614,641.966112450825,125.0623361094614,641.913746992416,125.0623361094615,641.8925337889413,125.0535493128582,641.759752025194,124.920767548624,641.7173256183034,124.9207675485734,641.5597520247569,125.0783411418586,641.5173256179431,125.0783411418782,641.359752023975,124.9207675485815,641.3173256171043,124.9207675486607,641.1597520248151,125.0783411416136,641.1173256178892,125.0783411416346,640.9597520251202,124.9207675486376,640.9173256182592,124.920767548599,640.7597520247111,125.078341141747,640.7173256178355,125.0783411417006,640.5597520252036,124.9207675486448,640.5173256183436,124.9207675485896,640.3845438535297,125.0535493129345,640.3633306501316,125.0623361094614,640.1712596007911,125.0623361094614,640.1412596007912,125.0323361094614,640.1412596007912,124.8826914300008,640.1500463973467,124.861478226574,640.2616149398177,124.7499096840104,640.2616149398667,124.7074832771179,640.1040413465857,124.5499096841161,640.1040413465591,124.5074832773029,640.2616149398532,124.3499096833523,640.2616149397928,124.3074832764975,640.1040413468279,124.1499096839209,640.1040413468068,124.107483276995,640.2616149398037,123.9499096844713,640.2616149398424,123.9074832776101,640.1040413466944,123.7499096840622,640.1040413467407,123.7074832771866,640.2616149397966,123.5499096845545,640.2616149398517,123.5074832776948,640.1500463972156,123.395914734656
93,642.0561124507234,123.3747015312587,642.0561124508915,123.2674832595231,642.0861124508915,123.23748325957,642.2764677715668,123.23748325957,642.2976809749796,123.2286964630284,642.4321784683684,123.0941989699283,642.4746048752397,123.0941989699282,642.6321784683096,123.2517725630446,642.6746048752002,123.2517725630634,642.8321784680672,123.0941989699434,642.87460487495,123.0941989699235,643.0321784678835,123.2517725630722,643.0746048747835,123.2517725630321,643.2321784680087,123.0941989699281,643.2746048748659,123.0941989698798,643.4321784681076,123.2517725630355,643.4746048749275,123.2517725630503,643.6321784683205,123.0941989699217,643.674604875189,123.0941989699773,643.8091023677912,123.2286964629745,643.830315571258,123.23748325957,643.8809653009127,123.23748325957,643.9109653009126,123.2674832596083,643.9109653007399,123.4029858027516,643.9197520973042,123.4241990062255,644.0030363685466,123.5074832774675,644.0030363685466,123.5499096843387,643.8454627754176,123.7074832774691,643.8454627754181,123.7499096843405,644.003036368552,123.9074832774644,644.0030363685566,123.9499096843316,643.8454627754122,124.1074832775583,643.8454627754253,124.149909684433,644.0030363685147,124.3074832776336,644.0030363685157,124.3499096845217,643.8454627754671,124.507483277142,643.8454627754127,124.5499096840092,644.003036368558,124.7074832776976,644.0030363684988,124.7499096845627,643.9197520974571,124.8331939553331,643.9109653008585,124.8544071588032,643.9109653008586,125.0323361094615,643.8809653008586,125.0623361094614,643.8285998424496,125.0623361094615,643.8073866389752,125.0535493128582,643.6746048752279,124.9207675486241,643.6321784683372,124.9207675485734,643.4746048747905,125.0783411418586,643.4321784679768,125.0783411418782,643.2746048740086,124.9207675485815,643.2321784671379,124.9207675486607,643.0746048748487,125.0783411416136,643.032178467923,125.0783411416346,642.8746048751539,124.9207675486376,642.8321784682927,124.920767548599,642.6746048747447,125.078341141747,642.6321784678692,125.0783411417006,642.4746048752372,124.9207675486448,642.4321784683775,124.9207675485896,642.2993967035632,125.0535493129345,642.2781835001653,125.0623361094614,642.0861124508247,125.0623361094614,642.0561124508246,125.0323361094614,642.0561124508246,124.8826914300008,642.0648992473803,124.861478226574,642.1764677898515,124.7499096840104,642.1764677899004,124.7074832771179,642.0188941966196,124.5499096841161,642.0188941965927,124.5074832773029,642.1764677898868,124.3499096833523,642.1764677898262,124.3074832764975,642.0188941968615,124.1499096839209,642.0188941968404,124.107483276995,642.1764677898375,123.9499096844713,642.176467789876,123.9074832776101,642.018894196728,123.7499096840622,642.0188941967742,123.7074832771866,642.1764677898302,123.5499096845545,642.1764677898852,123.5074832776948,642.0648992472496,123.395914734656
40,619.0778782503196,121.4598486813728,619.0778782504876,121.3526304096371,619.1078782504876,121.322630409684,619.2982335711628,121.322630409684,619.3194467745755,121.3138436131425,619.4539442679645,121.1793461200423,619.4963706748357,121.1793461200423,619.6539442679054,121.3369197131587,619.6963706747961,121.3369197131775,619.8539442676636,121.1793461200576,619.896370674546,121.1793461200375,620.0539442674796,121.3369197131863,620.0963706743796,121.3369197131462,620.2539442676047,121.1793461200422,620.2963706744617,121.1793461199938,620.4539442677038,121.3369197131496,620.4963706745236,121.3369197131644,620.6539442679162,121.1793461200358,620.696370674785,121.1793461200914,620.8308681673874,121.3138436130886,620.8520813708543,121.322630409684,620.9027311005087,121.322630409684,620.9327311005087,121.3526304097224,620.9327311003359,121.4881329528657,620.9415178969005,121.5093461563396,621.0248021681429,121.5926304275816,621.0248021681429,121.6350568344528,620.8672285750138,121.7926304275831,620.8672285750139,121.8350568344546,621.0248021681477,121.9926304275785,621.0248021681527,122.0350568344457,620.8672285750082,122.1926304276724,620.867228575021,122.235056834547,621.0248021681109,122.3926304277476,621.0248021681117,122.4350568346358,620.8672285750631,122.592630427256,620.8672285750089,122.6350568341233,621.024802168154,122.7926304278117,621.024802168095,122.8350568346768,620.9415178970535,122.9183411054472,620.9327311004542,122.9395543089173,620.9327311004542,123.1174832595755,620.9027311004546,123.1474832595755,620.8503656420457,123.1474832595756,620.8291524385712,123.1386964629723,620.6963706748238,123.0059146987381,620.6539442679333,123.0059146986874,620.4963706743865,123.1634882919727,620.4539442675728,123.1634882919923,620.2963706736047,123.0059146986955,620.253944266734,123.0059146987747,620.0963706744448,123.1634882917276,620.0539442675188,123.1634882917487,619.8963706747498,123.0059146987516,619.8539442678889,123.005914698713,619.6963706743408,123.1634882918611,619.6539442674652,123.1634882918147,619.4963706748332,123.0059146987589,619.4539442679735,123.0059146987037,619.3211625031595,123.1386964630486,619.2999492997612,123.1474832595755,619.1078782504208,123.1474832595755,619.0778782504207,123.1174832595755,619.0778782504207,122.9678385801149,619.0866650469763,122.9466253766881,619.1982335894476,122.8350568341245,619.1982335894962,122.792630427232,619.0406599962154,122.6350568342301,619.0406599961889,122.592630427417,619.1982335894829,122.4350568334664,619.1982335894222,122.3926304266116,619.0406599964575,122.2350568340349,619.0406599964361,122.1926304271091,619.1982335894332,122.0350568345854,619.198233589472,121.9926304277242,619.040659996324,121.8350568341763,619.0406599963704,121.7926304273007,619.1982335894262,121.6350568346686,619.1982335894813,121.5926304278089,619.0866650468456,121.48106188477
39,620.9927311003532,121.4598486813721,620.9927311005213,121.3526304096365,621.0227311005212,121.3226304096835,621.2130864211964,121.3226304096835,621.2342996246092,121.3138436131419,621.3687971179982,121.1793461200417,621.4112235248692,121.1793461200416,621.5687971179391,121.336919713158,621.6112235248297,121.3369197131769,621.7687971176972,121.1793461200569,621.8112235245796,121.179346120037,621.9687971175133,121.3369197131857,622.0112235244133,121.3369197131456,622.1687971176383,121.1793461200416,622.2112235244956,121.1793461199932,622.3687971177374,121.336919713149,622.4112235245573,121.3369197131637,622.5687971179503,121.1793461200352,622.6112235248186,121.1793461200908,622.745721017421,121.313843613088,622.7669342208876,121.3226304096835,622.8175839505425,121.3226304096835,622.8475839505422,121.3526304097217,622.8475839503697,121.4881329528651,622.8563707469341,121.509346156339,622.9396550181765,121.592630427581,622.9396550181766,121.6350568344522,622.7820814250474,121.7926304275825,622.7820814250477,121.835056834454,622.9396550181817,121.9926304275778,622.9396550181864,122.035056834445,622.7820814250417,122.1926304276718,622.7820814250548,122.2350568345464,622.9396550181445,122.392630427747,622.9396550181452,122.4350568346352,622.7820814250967,122.5926304272555,622.7820814250425,122.6350568341227,622.9396550181878,122.7926304278111,622.9396550181286,122.8350568346762,622.8563707470871,122.9183411054465,622.8475839504881,122.9395543089166,622.8475839504882,123.1174832595749,622.8175839504883,123.1474832595749,622.7652184920794,123.147483259575,622.7440052886047,123.1386964629717,622.6112235248575,123.0059146987375,622.5687971179667,123.0059146986868,622.41122352442,123.1634882919721,622.3687971176063,123.1634882919917,622.2112235236384,123.0059146986949,622.1687971167677,123.0059146987741,622.0112235244783,123.163488291727,621.9687971175526,123.1634882917481,621.8112235247835,123.005914698751,621.7687971179225,123.0059146987124,621.6112235243745,123.1634882918605,621.5687971174989,123.1634882918141,621.4112235248667,123.0059146987583,621.3687971180071,123.0059146987031,621.2360153531931,123.138696463048,621.2148021497949,123.1474832595749,621.0227311004544,123.1474832595749,620.9927311004544,123.1174832595749,620.9927311004544,122.9678385801143,621.00151789701,122.9466253766875,621.1130864394813,122.8350568341239,621.11308643953,122.7926304272314,620.9555128462492,122.6350568342295,620.9555128462225,122.5926304274164,621.1130864395165,122.4350568334658,621.1130864394561,122.392630426611,620.955512846491,122.2350568340343,620.9555128464701,122.1926304271085,621.1130864394671,122.0350568345848,621.1130864395057,121.9926304277236,620.9555128463577,121.8350568341756,620.9555128464042,121.7926304273001,621.1130864394597,121.6350568346679,621.1130864395149,121.5926304278083,621.0015178968792,121.4810618847694
38,622.9075839503869,121.4598486813722,622.9075839505549,121.3526304096365,622.9375839505547,121.3226304096835,623.12793927123,121.3226304096835,623.1491524746427,121.3138436131419,623.2836499680318,121.1793461200417,623.3260763749028,121.1793461200416,623.4836499679727,121.3369197131581,623.5260763748637,121.3369197131769,623.6836499677307,121.179346120057,623.7260763746133,121.179346120037,623.8836499675467,121.3369197131857,623.9260763744469,121.3369197131456,624.0836499676719,121.1793461200416,624.1260763745292,121.1793461199932,624.283649967771,121.336919713149,624.3260763745909,121.3369197131638,624.4836499679839,121.1793461200352,624.5260763748522,121.1793461200908,624.6605738674547,121.313843613088,624.6817870709215,121.3226304096835,624.7324368005761,121.3226304096835,624.7624368005761,121.3526304097218,624.7624368004031,121.4881329528651,624.7712235969677,121.509346156339,624.8545078682101,121.592630427581,624.8545078682102,121.6350568344522,624.696934275081,121.7926304275825,624.6969342750814,121.835056834454,624.8545078682154,121.9926304275778,624.85450786822,122.035056834445,624.6969342750753,122.1926304276718,624.6969342750883,122.2350568345464,624.8545078681781,122.392630427747,624.8545078681789,122.4350568346352,624.6969342751302,122.5926304272555,624.696934275076,122.6350568341227,624.8545078682212,122.7926304278111,624.8545078681623,122.8350568346762,624.7712235971208,122.9183411054466,624.7624368005218,122.9395543089167,624.7624368005219,123.1174832595749,624.7324368005219,123.1474832595749,624.680071342113,123.147483259575,624.6588581386386,123.1386964629717,624.5260763748913,123.0059146987375,624.4836499680006,123.0059146986868,624.3260763744537,123.1634882919721,624.28364996764,123.1634882919917,624.126076373672,123.0059146986949,624.0836499668012,123.0059146987741,623.9260763745121,123.163488291727,623.883649967586,123.1634882917481,623.7260763748172,123.005914698751,623.6836499679561,123.0059146987124,623.5260763744081,123.1634882918605,623.4836499675325,123.1634882918141,623.3260763749004,123.0059146987583,623.2836499680407,123.0059146987031,623.1508682032267,123.138696463048,623.1296549998285,123.1474832595749,622.9375839504879,123.1474832595749,622.907583950488,123.1174832595749,622.907583950488,122.9678385801143,622.9163707470436,122.9466253766875,623.0279392895147,122.8350568341239,623.0279392895636,122.7926304272314,622.8703656962826,122.6350568342295,622.8703656962562,122.5926304274164,623.0279392895502,122.4350568334658,623.0279392894897,122.392630426611,622.8703656965246,122.2350568340343,622.8703656965038,122.1926304271085,623.0279392895008,122.0350568345848,623.0279392895393,121.9926304277236,622.8703656963912,121.8350568341756,622.8703656964377,121.7926304273001,623.0279392894932,121.6350568346679,623.0279392895487,121.5926304278083,622.9163707469129,121.4810618847694
37,624.8224368004205,121.4598486813709,624.8224368005885,121.3526304096353,624.8524368005885,121.3226304096823,625.0427921212637,121.3226304096823,625.0640053246764,121.3138436131407,625.1985028180651,121.1793461200405,625.2409292249366,121.1793461200404,625.3985028180062,121.3369197131568,625.4409292248972,121.3369197131756,625.5985028177645,121.1793461200557,625.6409292246469,121.1793461200357,625.7985028175807,121.3369197131845,625.8409292244805,121.3369197131444,625.9985028177055,121.1793461200404,626.0409292245627,121.179346119992,626.1985028178046,121.3369197131477,626.2409292246244,121.3369197131625,626.3985028180175,121.1793461200339,626.4409292248861,121.1793461200895,626.5754267174882,121.3138436130867,626.5966399209551,121.3226304096823,626.6472896506098,121.3226304096823,626.6772896506097,121.3526304097205,626.6772896504368,121.4881329528638,626.6860764470013,121.5093461563378,626.7693607182437,121.5926304275798,626.7693607182437,121.6350568344509,626.6117871251148,121.7926304275813,626.611787125115,121.8350568344528,626.769360718249,121.9926304275766,626.7693607182536,122.0350568344438,626.6117871251092,122.1926304276705,626.6117871251219,122.2350568345452,626.7693607182117,122.3926304277458,626.7693607182127,122.435056834634,626.611787125164,122.5926304272542,626.6117871251098,122.6350568341215,626.769360718255,122.7926304278099,626.7693607181959,122.835056834675,626.6860764471544,122.9183411054453,626.6772896505552,122.9395543089155,626.6772896505555,123.1174832595737,626.6472896505555,123.1474832595737,626.5949241921466,123.1474832595737,626.5737109886722,123.1386964629704,626.4409292249247,123.0059146987363,626.3985028180343,123.0059146986856,626.2409292244872,123.1634882919709,626.1985028176736,123.1634882919905,626.0409292237056,123.0059146986937,625.9985028168347,123.0059146987729,625.8409292245458,123.1634882917258,625.7985028176197,123.1634882917469,625.6409292248507,123.0059146987498,625.5985028179897,123.0059146987112,625.4409292244417,123.1634882918593,625.398502817566,123.1634882918129,625.2409292249341,123.0059146987571,625.1985028180743,123.0059146987019,625.0657210532603,123.1386964630468,625.044507849862,123.1474832595737,624.8524368005218,123.1474832595737,624.8224368005216,123.1174832595737,624.8224368005216,122.9678385801131,624.8312235970773,122.9466253766863,624.9427921395485,122.8350568341227,624.9427921395971,122.7926304272302,624.7852185463165,122.6350568342283,624.7852185462898,122.5926304274151,624.9427921395837,122.4350568334645,624.9427921395232,122.3926304266098,624.7852185465582,122.2350568340331,624.7852185465374,122.1926304271073,624.9427921395342,122.0350568345835,624.9427921395729,121.9926304277224,624.785218546425,121.8350568341744,624.7852185464712,121.7926304272989,624.9427921395272,121.6350568346667,624.9427921395823,121.592630427807,624.8312235969465,121.4810618847682
36,626.737289650454,121.4598486813709,626.7372896506222,121.3526304096353,626.767289650622,121.3226304096823,626.9576449712972,121.3226304096823,626.9788581747101,121.3138436131407,627.113355668099,121.1793461200405,627.1557820749701,121.1793461200404,627.31335566804,121.3369197131568,627.3557820749307,121.3369197131757,627.5133556677981,121.1793461200557,627.5557820746805,121.1793461200357,627.7133556676142,121.3369197131845,627.7557820745141,121.3369197131444,627.9133556677392,121.1793461200404,627.9557820745965,121.179346119992,628.1133556678383,121.3369197131477,628.1557820746582,121.3369197131625,628.3133556680511,121.1793461200339,628.3557820749197,121.1793461200895,628.490279567522,121.3138436130867,628.5114927709888,121.3226304096823,628.5621425006434,121.3226304096823,628.5921425006431,121.3526304097205,628.5921425004707,121.4881329528639,628.600929297035,121.5093461563378,628.6842135682774,121.5926304275798,628.6842135682775,121.635056834451,628.5266399751482,121.7926304275813,628.5266399751487,121.8350568344528,628.6842135682826,121.9926304275766,628.6842135682872,122.0350568344439,628.5266399751426,122.1926304276705,628.5266399751557,122.2350568345452,628.6842135682452,122.3926304277458,628.6842135682462,122.435056834634,628.5266399751976,122.5926304272542,628.5266399751433,122.6350568341215,628.6842135682888,122.7926304278099,628.6842135682296,122.835056834675,628.600929297188,122.9183411054453,628.592142500589,122.9395543089155,628.5921425005891,123.1174832595737,628.5621425005891,123.1474832595737,628.5097770421803,123.1474832595737,628.4885638387057,123.1386964629704,628.3557820749583,123.0059146987363,628.3133556680677,123.0059146986856,628.1557820745207,123.1634882919709,628.1133556677072,123.1634882919905,627.9557820737392,123.0059146986937,627.9133556668686,123.0059146987729,627.7557820745794,123.1634882917258,627.7133556676536,123.1634882917469,627.5557820748843,123.0059146987498,627.5133556680231,123.0059146987112,627.3557820744754,123.1634882918593,627.3133556675997,123.1634882918129,627.1557820749676,123.0059146987571,627.1133556681079,123.0059146987019,626.980573903294,123.1386964630468,626.9593606998958,123.1474832595737,626.7672896505553,123.1474832595737,626.7372896505552,123.1174832595737,626.7372896505552,122.9678385801131,626.7460764471109,122.9466253766863,626.8576449895821,122.8350568341227,626.8576449896309,122.7926304272302,626.7000713963502,122.6350568342283,626.7000713963234,122.5926304274151,626.8576449896174,122.4350568334646,626.857644989557,122.3926304266098,626.700071396592,122.2350568340331,626.7000713965709,122.1926304271073,626.857644989568,122.0350568345835,626.8576449896065,121.9926304277224,626.7000713964586,121.8350568341744,626.700071396505,121.7926304272989,626.8576449895609,121.6350568346667,626.8576449896158,121.592630427807,626.74607644698,121.4810618847682
35,628.6521425004877,121.4598486813703,628.6521425006557,121.3526304096347,628.6821425006557,121.3226304096817,628.8724978213307,121.3226304096817,628.8937110247437,121.3138436131401,629.0282085181328,121.1793461200399,629.0706349250037,121.1793461200398,629.2282085180738,121.3369197131562,629.2706349249645,121.336919713175,629.4282085178316,121.1793461200551,629.4706349247142,121.1793461200351,629.6282085176477,121.3369197131839,629.6706349245477,121.3369197131438,629.8282085177727,121.1793461200397,629.8706349246303,121.1793461199914,630.0282085178718,121.3369197131472,630.0706349246917,121.3369197131619,630.2282085180847,121.1793461200333,630.2706349249532,121.1793461200889,630.4051324175556,121.3138436130861,630.4263456210223,121.3226304096817,630.476995350677,121.3226304096817,630.506995350677,121.3526304097199,630.5069953505042,121.4881329528632,630.5157821470686,121.5093461563372,630.599066418311,121.5926304275792,630.599066418311,121.6350568344504,630.4414928251817,121.7926304275807,630.4414928251823,121.8350568344522,630.5990664183163,121.992630427576,630.5990664183207,122.0350568344432,630.4414928251765,122.1926304276699,630.4414928251892,122.2350568345446,630.599066418279,122.3926304277452,630.5990664182797,122.4350568346334,630.441492825231,122.5926304272536,630.441492825177,122.6350568341209,630.5990664183221,122.7926304278093,630.5990664182631,122.8350568346744,630.5157821472214,122.9183411054447,630.5069953506226,122.9395543089149,630.5069953506228,123.1174832595731,630.4769953506228,123.1474832595731,630.4246298922139,123.1474832595731,630.4034166887395,123.1386964629698,630.2706349249921,123.0059146987357,630.2282085181015,123.005914698685,630.0706349245547,123.1634882919703,630.0282085177408,123.1634882919899,629.8706349237727,123.0059146986931,629.8282085169022,123.0059146987723,629.6706349246131,123.1634882917252,629.6282085176872,123.1634882917463,629.4706349249182,123.0059146987492,629.428208518057,123.0059146987106,629.2706349245088,123.1634882918587,629.2282085176333,123.1634882918123,629.0706349250012,123.0059146987565,629.0282085181416,123.0059146987013,628.8954267533276,123.1386964630462,628.8742135499293,123.1474832595731,628.682142500589,123.1474832595731,628.6521425005888,123.1174832595731,628.6521425005888,122.9678385801124,628.6609292971444,122.9466253766857,628.7724978396157,122.8350568341221,628.7724978396645,122.7926304272296,628.6149242463838,122.6350568342277,628.614924246357,122.5926304274145,628.7724978396511,122.4350568334639,628.7724978395906,122.3926304266092,628.6149242466257,122.2350568340325,628.6149242466048,122.1926304271067,628.7724978396016,122.035056834583,628.7724978396401,121.9926304277218,628.6149242464923,121.8350568341738,628.6149242465387,121.7926304272982,628.7724978395945,121.6350568346661,628.7724978396496,121.5926304278064,628.6609292970138,121.4810618847676
34,630.5669953505214,121.4598486813703,630.5669953506892,121.3526304096347,630.5969953506894,121.3226304096817,630.7873506713645,121.3226304096817,630.8085638747772,121.3138436131401,630.9430613681662,121.1793461200399,630.9854877750375,121.1793461200398,631.1430613681074,121.3369197131562,631.1854877749981,121.336919713175,631.3430613678652,121.1793461200551,631.3854877747477,121.1793461200351,631.5430613676815,121.3369197131839,631.5854877745812,121.3369197131438,631.7430613678061,121.1793461200398,631.7854877746638,121.1793461199914,631.9430613679056,121.3369197131472,631.9854877747252,121.3369197131619,632.1430613681183,121.1793461200333,632.185487774987,121.1793461200889,632.3199852675892,121.3138436130861,632.341198471056,121.3226304096817,632.3918482007107,121.3226304096817,632.4218482007107,121.3526304097199,632.4218482005377,121.4881329528633,632.4306349971022,121.5093461563372,632.5139192683447,121.5926304275792,632.5139192683447,121.6350568344504,632.3563456752156,121.7926304275807,632.356345675216,121.8350568344522,632.5139192683498,121.992630427576,632.5139192683542,122.0350568344432,632.3563456752102,122.1926304276699,632.3563456752228,122.2350568345446,632.5139192683127,122.3926304277452,632.5139192683137,122.4350568346334,632.356345675265,122.5926304272536,632.3563456752107,122.6350568341209,632.5139192683557,122.7926304278093,632.5139192682967,122.8350568346744,632.4306349972552,122.9183411054447,632.4218482006563,122.9395543089149,632.4218482006563,123.1174832595731,632.3918482006562,123.1474832595731,632.3394827422474,123.1474832595731,632.318269538773,123.1386964629699,632.1854877750256,123.0059146987357,632.1430613681351,123.005914698685,631.9854877745883,123.1634882919703,631.9430613677742,123.1634882919899,631.7854877738064,123.0059146986931,631.7430613669356,123.0059146987723,631.5854877746467,123.1634882917252,631.5430613677207,123.1634882917463,631.3854877749518,123.0059146987492,631.3430613680907,123.0059146987106,631.1854877745425,123.1634882918587,631.143061367667,123.1634882918123,630.985487775035,123.0059146987565,630.9430613681752,123.0059146987013,630.8102796033613,123.1386964630462,630.7890663999628,123.1474832595731,630.5969953506226,123.1474832595731,630.5669953506225,123.1174832595731,630.5669953506225,122.9678385801125,630.5757821471781,122.9466253766857,630.6873506896494,122.8350568341221,630.687350689698,122.7926304272296,630.5297770964174,122.6350568342277,630.5297770963907,122.5926304274145,630.6873506896846,122.435056833464,630.6873506896242,122.3926304266092,630.5297770966594,122.2350568340325,630.5297770966382,122.1926304271067,630.6873506896351,122.035056834583,630.6873506896737,121.9926304277218,630.5297770965259,121.8350568341738,630.5297770965722,121.7926304272983,630.6873506896281,121.6350568346661,630.6873506896831,121.5926304278064,630.5757821470471,121.4810618847676
90,632.4818482005549,121.4598486813691,632.4818482007231,121.3526304096335,632.5118482007231,121.3226304096805,632.7022035213982,121.3226304096804,632.723416724811,121.3138436131388,632.8579142181999,121.1793461200387,632.9003406250713,121.1793461200386,633.057914218141,121.336919713155,633.1003406250317,121.3369197131738,633.257914217899,121.1793461200539,633.3003406247813,121.1793461200339,633.4579142177151,121.3369197131827,633.5003406246149,121.3369197131425,633.6579142178401,121.1793461200386,633.7003406246972,121.1793461199902,633.8579142179392,121.3369197131459,633.9003406247591,121.3369197131607,634.057914218152,121.1793461200321,634.1003406250206,121.1793461200877,634.2348381176226,121.3138436130849,634.2560513210896,121.3226304096804,634.3067010507442,121.3226304096804,634.3367010507442,121.3526304097187,634.3367010505715,121.488132952862,634.3454878471358,121.5093461563359,634.4287721183782,121.5926304275779,634.4287721183782,121.6350568344491,634.2711985252492,121.7926304275795,634.2711985252496,121.835056834451,634.4287721183834,121.9926304275748,634.4287721183881,122.035056834442,634.2711985252438,122.1926304276687,634.2711985252566,122.2350568345434,634.4287721183462,122.392630427744,634.4287721183473,122.4350568346321,634.2711985252986,122.5926304272524,634.2711985252442,122.6350568341197,634.4287721183896,122.7926304278081,634.4287721183302,122.8350568346732,634.345487847289,122.9183411054435,634.3367010506897,122.9395543089136,634.3367010506898,123.1174832595719,634.3067010506898,123.1474832595718,634.2543355922812,123.1474832595719,634.2331223888067,123.1386964629686,634.1003406250592,123.0059146987345,634.0579142181685,123.0059146986838,633.900340624622,123.1634882919691,633.8579142178082,123.1634882919886,633.7003406238402,123.0059146986919,633.6579142169695,123.0059146987711,633.5003406246802,123.163488291724,633.4579142177545,123.1634882917451,633.3003406249853,123.005914698748,633.2579142181243,123.0059146987094,633.1003406245762,123.1634882918575,633.0579142177007,123.163488291811,632.9003406250685,123.0059146987552,632.8579142182087,123.0059146987001,632.7251324533947,123.1386964630449,632.7039192499967,123.1474832595718,632.5118482006562,123.1474832595718,632.4818482006563,123.1174832595719,632.4818482006563,122.9678385801113,632.4906349972117,122.9466253766844,632.602203539683,122.8350568341208,632.6022035397317,122.7926304272283,632.444629946451,122.6350568342265,632.4446299464242,122.5926304274133,632.6022035397182,122.4350568334627,632.6022035396579,122.3926304266079,632.444629946693,122.2350568340313,632.4446299466717,122.1926304271055,632.602203539669,122.0350568345817,632.6022035397071,121.9926304277206,632.4446299465595,121.8350568341726,632.444629946606,121.792630427297,632.6022035396617,121.6350568346649,632.6022035397169,121.5926304278052,632.490634997081,121.4810618847664
89,634.3967010505886,121.4598486813691,634.3967010507567,121.3526304096335,634.4267010507567,121.3226304096805,634.6170563714317,121.3226304096804,634.6382695748443,121.3138436131388,634.7727670682336,121.1793461200387,634.8151934751045,121.1793461200386,634.9727670681748,121.336919713155,635.0151934750654,121.3369197131738,635.1727670679326,121.1793461200539,635.215193474815,121.1793461200339,635.3727670677487,121.3369197131827,635.4151934746487,121.3369197131425,635.5727670678738,121.1793461200386,635.6151934747311,121.1793461199902,635.7727670679727,121.3369197131459,635.8151934747927,121.3369197131607,635.9727670681857,121.1793461200321,636.0151934750542,121.1793461200877,636.1496909676565,121.3138436130849,636.1709041711232,121.3226304096804,636.2215539007777,121.3226304096804,636.2515539007779,121.3526304097187,636.2515539006051,121.488132952862,636.2603406971693,121.5093461563359,636.3436249684117,121.5926304275779,636.3436249684117,121.6350568344491,636.1860513752827,121.7926304275795,636.1860513752832,121.835056834451,636.3436249684172,121.9926304275748,636.3436249684219,122.035056834442,636.1860513752774,122.1926304276687,636.1860513752902,122.2350568345434,636.34362496838,122.392630427744,636.3436249683809,122.4350568346321,636.1860513753322,122.5926304272524,636.1860513752779,122.6350568341197,636.3436249684232,122.7926304278081,636.343624968364,122.8350568346732,636.2603406973224,122.9183411054435,636.2515539007236,122.9395543089137,636.2515539007237,123.1174832595719,636.2215539007237,123.1474832595719,636.1691884423147,123.1474832595719,636.1479752388404,123.1386964629686,636.015193475093,123.0059146987345,635.9727670682024,123.0059146986838,635.8151934746556,123.1634882919691,635.7727670678419,123.1634882919886,635.6151934738739,123.0059146986919,635.572767067003,123.0059146987711,635.415193474714,123.163488291724,635.3727670677881,123.1634882917451,635.2151934750192,123.005914698748,635.1727670681579,123.0059146987094,635.01519347461,123.1634882918575,634.9727670677343,123.163488291811,634.8151934751022,123.0059146987552,634.7727670682425,123.0059146987001,634.6399853034283,123.1386964630449,634.6187721000302,123.1474832595719,634.4267010506896,123.1474832595718,634.3967010506899,123.1174832595719,634.3967010506899,122.9678385801113,634.4054878472452,122.9466253766844,634.5170563897166,122.8350568341209,634.5170563897652,122.7926304272283,634.3594827964847,122.6350568342265,634.3594827964579,122.5926304274133,634.5170563897519,122.4350568334627,634.5170563896914,122.3926304266079,634.3594827967266,122.2350568340313,634.3594827967056,122.1926304271055,634.5170563897026,122.0350568345817,634.5170563897411,121.9926304277206,634.359482796593,121.8350568341726,634.3594827966398,121.792630427297,634.5170563896953,121.6350568346649,634.5170563897505,121.5926304278052,634.4054878471147,121.4810618847664
88,636.3115539006222,121.4598486813685,636.3115539007902,121.3526304096329,636.3415539007902,121.3226304096799,636.5319092214654,121.3226304096798,636.5531224248782,121.3138436131382,636.687619918267,121.1793461200381,636.7300463251382,121.179346120038,636.8876199182082,121.3369197131544,636.930046325099,121.3369197131732,637.0876199179662,121.1793461200533,637.1300463248488,121.1793461200333,637.2876199177823,121.3369197131821,637.3300463246821,121.3369197131419,637.4876199179074,121.1793461200379,637.5300463247648,121.1793461199896,637.6876199180062,121.3369197131453,637.7300463248262,121.3369197131601,637.8876199182192,121.1793461200315,637.9300463250879,121.1793461200871,638.0645438176902,121.3138436130843,638.0857570211567,121.3226304096798,638.1364067508116,121.3226304096798,638.1664067508116,121.3526304097181,638.1664067506387,121.4881329528614,638.175193547203,121.5093461563353,638.2584778184456,121.5926304275773,638.2584778184457,121.6350568344485,638.1009042253164,121.7926304275789,638.1009042253168,121.8350568344504,638.2584778184507,121.9926304275742,638.2584778184555,122.0350568344414,638.100904225311,122.1926304276681,638.1009042253239,122.2350568345428,638.2584778184138,122.3926304277434,638.2584778184146,122.4350568346315,638.1009042253658,122.5926304272518,638.1009042253116,122.6350568341191,638.2584778184568,122.7926304278075,638.2584778183978,122.8350568346725,638.1751935473562,122.9183411054429,638.1664067507572,122.939554308913,638.1664067507572,123.1174832595713,638.1364067507574,123.1474832595713,638.0840412923483,123.1474832595713,638.0628280888741,123.138696462968,637.9300463251267,123.0059146987339,637.887619918236,123.0059146986832,637.7300463246893,123.1634882919685,637.6876199178755,123.163488291988,637.5300463239075,123.0059146986913,637.4876199170367,123.0059146987705,637.3300463247476,123.1634882917234,637.2876199178216,123.1634882917445,637.1300463250527,123.0059146987474,637.0876199181916,123.0059146987088,636.9300463246436,123.1634882918569,636.8876199177677,123.1634882918104,636.7300463251361,123.0059146987546,636.6876199182763,123.0059146986995,636.5548381534622,123.1386964630443,636.5336249500638,123.1474832595713,636.3415539007235,123.1474832595713,636.3115539007235,123.1174832595713,636.3115539007235,122.9678385801106,636.320340697279,122.9466253766839,636.4319092397502,122.8350568341202,636.4319092397991,122.7926304272278,636.2743356465182,122.6350568342259,636.2743356464916,122.5926304274127,636.4319092397855,122.4350568334621,636.4319092397253,122.3926304266074,636.2743356467603,122.2350568340307,636.2743356467392,122.1926304271049,636.4319092397362,122.0350568345811,636.4319092397748,121.9926304277199,636.2743356466267,121.835056834172,636.2743356466733,121.7926304272964,636.4319092397288,121.6350568346643,636.4319092397842,121.5926304278045,636.3203406971483,121.4810618847657
87,638.226406750656,121.4598486813685,638.226406750824,121.3526304096329,638.256406750824,121.3226304096799,638.4467620714993,121.3226304096798,638.4679752749121,121.3138436131382,638.6024727683007,121.1793461200381,638.6448991751721,121.179346120038,638.8024727682417,121.3369197131544,638.8448991751324,121.3369197131732,639.0024727680001,121.1793461200533,639.0448991748824,121.1793461200333,639.202472767816,121.3369197131821,639.2448991747158,121.3369197131419,639.4024727679409,121.1793461200379,639.4448991747983,121.1793461199896,639.60247276804,121.3369197131453,639.6448991748598,121.3369197131601,639.8024727682528,121.1793461200315,639.8448991751216,121.1793461200871,639.9793966677237,121.3138436130843,640.0006098711902,121.3226304096798,640.0512596008452,121.3226304096798,640.0812596008452,121.3526304097181,640.0812596006724,121.4881329528614,640.0900463972368,121.5093461563353,640.1733306684793,121.5926304275773,640.1733306684794,121.6350568344485,640.01575707535,121.7926304275789,640.0157570753504,121.8350568344504,640.1733306684843,121.9926304275742,640.1733306684891,122.0350568344414,640.0157570753448,122.1926304276681,640.0157570753576,122.2350568345428,640.1733306684473,122.3926304277434,640.1733306684482,122.4350568346315,640.0157570753995,122.5926304272518,640.0157570753452,122.6350568341191,640.1733306684905,122.7926304278075,640.1733306684312,122.8350568346726,640.0900463973898,122.9183411054429,640.0812596007908,122.939554308913,640.0812596007908,123.1174832595713,640.051259600791,123.1474832595713,639.9988941423821,123.1474832595713,639.9776809389077,123.138696462968,639.84489917516,123.0059146987339,639.8024727682696,123.0059146986832,639.6448991747229,123.1634882919685,639.602472767909,123.163488291988,639.4448991739412,123.0059146986913,639.4024727670704,123.0059146987705,639.2448991747812,123.1634882917234,639.2024727678554,123.1634882917445,639.0448991750862,123.0059146987474,639.0024727682252,123.0059146987088,638.8448991746773,123.1634882918569,638.8024727678016,123.1634882918104,638.6448991751696,123.0059146987546,638.6024727683099,123.0059146986995,638.4696910034959,123.1386964630443,638.4484778000976,123.1474832595713,638.2564067507572,123.1474832595713,638.2264067507572,123.1174832595713,638.2264067507572,122.9678385801106,638.2351935473127,122.9466253766839,638.3467620897837,122.8350568341203,638.3467620898327,122.7926304272278,638.1891884965519,122.6350568342259,638.1891884965252,122.5926304274127,638.3467620898191,122.4350568334621,638.3467620897587,122.3926304266074,638.1891884967939,122.2350568340307,638.1891884967727,122.1926304271049,638.3467620897699,122.0350568345811,638.3467620898082,121.9926304277199,638.1891884966602,121.835056834172,638.1891884967067,121.7926304272964,638.3467620897627,121.6350568346643,638.3467620898177,121.5926304278045,638.2351935471819,121.4810618847658
86,640.1412596006896,121.4598486813673,640.1412596008576,121.3526304096316,640.1712596008576,121.3226304096787,640.3616149215325,121.3226304096786,640.3828281249456,121.313843613137,640.5173256183346,121.1793461200369,640.5597520252057,121.1793461200368,640.7173256182756,121.3369197131532,640.7597520251662,121.336919713172,640.9173256180336,121.1793461200521,640.959752024916,121.179346120032,641.1173256178496,121.3369197131808,641.1597520247497,121.3369197131407,641.3173256179748,121.1793461200367,641.359752024832,121.1793461199884,641.5173256180738,121.3369197131441,641.5597520248937,121.3369197131589,641.7173256182866,121.1793461200303,641.759752025155,121.1793461200858,641.8942495177573,121.3138436130831,641.9154627212242,121.3226304096786,641.9661124508787,121.3226304096786,641.9961124508787,121.3526304097169,641.996112450706,121.4881329528602,642.0048992472705,121.5093461563341,642.0881835185127,121.5926304275761,642.088183518513,121.6350568344473,641.9306099253837,121.7926304275777,641.9306099253841,121.8350568344491,642.0881835185181,121.992630427573,642.0881835185227,122.0350568344402,641.9306099253782,122.1926304276669,641.9306099253912,122.2350568345416,642.088183518481,122.3926304277421,642.0881835184817,122.4350568346303,641.9306099254331,122.5926304272506,641.9306099253787,122.6350568341179,642.0881835185241,122.7926304278063,642.0881835184649,122.8350568346713,642.0048992474235,122.9183411054417,641.9961124508245,122.9395543089118,641.9961124508246,123.11748325957,641.9661124508247,123.1474832595701,641.9137469924158,123.1474832595701,641.8925337889413,123.1386964629668,641.7597520251937,123.0059146987326,641.7173256183032,123.005914698682,641.5597520247564,123.1634882919673,641.5173256179428,123.1634882919868,641.3597520239748,123.0059146986901,641.3173256171041,123.0059146987693,641.1597520248148,123.1634882917221,641.117325617889,123.1634882917433,640.95975202512,123.0059146987462,640.9173256182589,123.0059146987076,640.7597520247108,123.1634882918557,640.7173256178353,123.1634882918092,640.5597520252032,123.0059146987534,640.5173256183435,123.0059146986983,640.3845438535295,123.1386964630431,640.3633306501312,123.1474832595701,640.1712596007907,123.1474832595701,640.1412596007908,123.11748325957,640.1412596007908,122.9678385801094,640.1500463973462,122.9466253766826,640.2616149398176,122.835056834119,640.2616149398664,122.7926304272265,640.1040413465856,122.6350568342246,640.1040413465588,122.5926304274115,640.261614939853,122.4350568334609,640.2616149397925,122.3926304266061,640.1040413468274,122.2350568340295,640.1040413468065,122.1926304271036,640.2616149398035,122.0350568345799,640.261614939842,121.9926304277187,640.1040413466937,121.8350568341707,640.1040413467407,121.7926304272952,640.2616149397962,121.6350568346631,640.2616149398514,121.5926304278034,640.1500463972156,121.4810618847646
85,642.0561124507233,121.4598486813673,642.0561124508913,121.3526304096316,642.0861124508912,121.3226304096787,642.2764677715664,121.3226304096786,642.2976809749792,121.313843613137,642.4321784683682,121.1793461200369,642.4746048752393,121.1793461200368,642.6321784683092,121.3369197131532,642.6746048752,121.336919713172,642.8321784680672,121.1793461200521,642.8746048749497,121.1793461200321,643.0321784678832,121.3369197131808,643.0746048747833,121.3369197131407,643.2321784680082,121.1793461200368,643.2746048748656,121.1793461199884,643.4321784681074,121.3369197131441,643.4746048749271,121.3369197131589,643.6321784683201,121.1793461200303,643.6746048751887,121.1793461200858,643.8091023677912,121.3138436130831,643.8303155712579,121.3226304096786,643.8809653009125,121.3226304096786,643.9109653009125,121.3526304097169,643.9109653007395,121.4881329528602,643.9197520973041,121.5093461563341,644.0030363685465,121.5926304275761,644.0030363685466,121.6350568344473,643.8454627754174,121.7926304275777,643.8454627754177,121.8350568344491,644.0030363685516,121.992630427573,644.0030363685564,122.0350568344402,643.8454627754119,122.1926304276669,643.8454627754246,122.2350568345416,644.0030363685146,122.3926304277421,644.0030363685155,122.4350568346303,643.8454627754667,122.5926304272506,643.8454627754126,122.6350568341179,644.0030363685577,122.7926304278063,644.0030363684988,122.8350568346713,643.9197520974571,122.9183411054417,643.9109653008582,122.9395543089118,643.9109653008582,123.11748325957,643.8809653008582,123.1474832595701,643.8285998424492,123.1474832595701,643.807386638975,123.1386964629668,643.6746048752277,123.0059146987326,643.632178468337,123.005914698682,643.4746048747903,123.1634882919673,643.4321784679764,123.1634882919868,643.2746048740084,123.0059146986901,643.2321784671377,123.0059146987693,643.0746048748484,123.1634882917222,643.0321784679224,123.1634882917433,642.8746048751536,123.0059146987462,642.8321784682926,123.0059146987076,642.6746048747445,123.1634882918557,642.6321784678689,123.1634882918092,642.4746048752369,123.0059146987534,642.4321784683772,123.0059146986983,642.299396703563,123.1386964630431,642.2781835001649,123.1474832595701,642.0861124508243,123.1474832595701,642.0561124508242,123.11748325957,642.0561124508242,122.9678385801094,642.06489924738,122.9466253766826,642.1764677898512,122.835056834119,642.1764677899,122.7926304272265,642.0188941966192,122.6350568342247,642.0188941965924,122.5926304274115,642.1764677898866,122.4350568334609,642.1764677898261,122.3926304266061,642.0188941968612,122.2350568340295,642.01889419684,122.1926304271036,642.1764677898371,122.0350568345799,642.1764677898757,121.9926304277187,642.0188941967277,121.8350568341708,642.0188941967742,121.7926304272952,642.1764677898296,121.6350568346631,642.1764677898851,121.5926304278034,642.0648992472491,121.4810618847646
47,619.0778782503191,119.5449958314814,619.0778782504874,119.4377775597457,619.1078782504874,119.4077775597927,619.2982335711623,119.4077775597927,619.3194467745752,119.3989907632511,619.4539442679642,119.264493270151,619.4963706748352,119.2644932701508,619.6539442679052,119.4220668632673,619.6963706747957,119.4220668632861,619.8539442676632,119.2644932701662,619.8963706745457,119.2644932701462,620.0539442674794,119.4220668632949,620.0963706743793,119.4220668632548,620.2539442676042,119.2644932701508,620.2963706744616,119.2644932701024,620.4539442677034,119.4220668632582,620.4963706745233,119.422066863273,620.6539442679162,119.2644932701444,620.6963706747848,119.2644932702,620.830868167387,119.3989907631972,620.8520813708537,119.4077775597927,620.9027311005085,119.4077775597927,620.9327311005082,119.437777559831,620.9327311003358,119.5732801029743,620.9415178969002,119.5944933064482,621.0248021681425,119.6777775776902,621.0248021681427,119.7202039845614,620.8672285750132,119.8777775776918,620.8672285750138,119.9202039845632,621.0248021681477,120.077777577687,621.0248021681525,120.1202039845542,620.8672285750081,120.277777577781,620.8672285750207,120.3202039846556,621.0248021681103,120.4777775778562,621.0248021681117,120.5202039847444,620.8672285750629,120.6777775773647,620.8672285750084,120.7202039842319,621.0248021681537,120.8777775779203,621.0248021680947,120.9202039847854,620.9415178970532,121.0034882555558,620.9327311004542,121.0247014590259,620.9327311004542,121.2026304096841,620.9027311004542,121.2326304096841,620.8503656420455,121.2326304096842,620.8291524385709,121.2238436130809,620.6963706748235,121.0910618488467,620.6539442679327,121.091061848796,620.4963706743861,121.2486354420813,620.4539442675724,121.2486354421009,620.2963706736043,121.0910618488042,620.2539442667338,121.0910618488834,620.0963706744446,121.2486354418362,620.0539442675188,121.2486354418573,619.8963706747497,121.0910618488602,619.8539442678884,121.0910618488217,619.6963706743405,121.2486354419697,619.653944267465,121.2486354419233,619.4963706748327,121.0910618488675,619.453944267973,121.0910618488123,619.3211625031591,121.2238436131572,619.299949299761,121.2326304096841,619.1078782504205,121.2326304096841,619.0778782504206,121.2026304096841,619.0778782504206,121.0529857302235,619.0866650469761,121.0317725267967,619.1982335894472,120.9202039842331,619.1982335894961,120.8777775773406,619.0406599962153,120.7202039843387,619.0406599961885,120.6777775775256,619.1982335894826,120.520203983575,619.1982335894222,120.4777775767202,619.0406599964571,120.3202039841436,619.0406599964361,120.2777775772177,619.1982335894331,120.120203984694,619.1982335894717,120.0777775778328,619.0406599963238,119.9202039842848,619.0406599963702,119.8777775774093,619.1982335894261,119.7202039847772,619.198233589481,119.6777775779175,619.0866650468453,119.5662090348786
43,626.7372896504537,119.5449958314795,626.7372896506217,119.4377775597439,626.7672896506216,119.4077775597909,626.9576449712968,119.4077775597909,626.9788581747097,119.3989907632493,627.1133556680987,119.2644932701491,627.1557820749698,119.264493270149,627.3133556680398,119.4220668632654,627.3557820749305,119.4220668632842,627.5133556677977,119.2644932701643,627.5557820746802,119.2644932701442,627.7133556676139,119.4220668632931,627.7557820745138,119.422066863253,627.9133556677388,119.264493270149,627.9557820745963,119.2644932701006,628.1133556678379,119.4220668632564,628.1557820746577,119.4220668632711,628.3133556680508,119.2644932701425,628.3557820749194,119.2644932701981,628.4902795675216,119.3989907631953,628.5114927709884,119.4077775597909,628.5621425006428,119.4077775597909,628.592142500643,119.4377775598291,628.5921425004702,119.5732801029725,628.6009292970348,119.5944933064464,628.6842135682768,119.6777775776884,628.6842135682773,119.7202039845596,628.5266399751479,119.8777775776899,628.5266399751482,119.9202039845614,628.6842135682822,120.0777775776852,628.6842135682871,120.1202039845524,628.5266399751426,120.2777775777791,628.5266399751551,120.3202039846538,628.6842135682451,120.4777775778544,628.6842135682462,120.5202039847426,628.5266399751971,120.6777775773628,628.5266399751431,120.7202039842301,628.684213568288,120.8777775779185,628.6842135682292,120.9202039847836,628.6009292971876,121.0034882555539,628.5921425005888,121.024701459024,628.5921425005888,121.2026304096823,628.5621425005887,121.2326304096823,628.5097770421798,121.2326304096823,628.4885638387055,121.2238436130791,628.3557820749581,121.0910618488449,628.3133556680675,121.0910618487942,628.1557820745207,121.2486354420795,628.1133556677071,121.2486354420991,627.9557820737386,121.0910618488023,627.9133556668683,121.0910618488815,627.7557820745792,121.2486354418344,627.7133556676532,121.2486354418555,627.5557820748843,121.0910618488584,627.5133556680231,121.0910618488198,627.3557820744747,121.2486354419679,627.3133556675994,121.2486354419215,627.1557820749673,121.0910618488657,627.1133556681077,121.0910618488105,626.9805739032936,121.2238436131554,626.9593606998955,121.2326304096823,626.7672896505549,121.2326304096823,626.7372896505551,121.2026304096823,626.7372896505551,121.0529857302217,626.7460764471105,121.0317725267949,626.8576449895817,120.9202039842313,626.8576449896308,120.8777775773388,626.7000713963497,120.7202039843369,626.7000713963231,120.6777775775238,626.8576449896173,120.5202039835732,626.8576449895568,120.4777775767184,626.7000713965917,120.3202039841417,626.7000713965707,120.2777775772159,626.8576449895676,120.1202039846922,626.8576449896062,120.077777577831,626.7000713964582,119.920203984283,626.7000713965047,119.8777775774075,626.8576449895606,119.7202039847753,626.8576449896158,119.6777775779156,626.7460764469799,119.5662090348768
82,634.3967010505885,119.5449958314777,634.3967010507565,119.4377775597421,634.4267010507564,119.4077775597891,634.6170563714315,119.4077775597891,634.6382695748442,119.3989907632474,634.7727670682332,119.2644932701473,634.8151934751045,119.2644932701472,634.9727670681743,119.4220668632636,635.0151934750648,119.4220668632824,635.1727670679322,119.2644932701625,635.2151934748149,119.2644932701425,635.3727670677487,119.4220668632913,635.4151934746482,119.4220668632512,635.5727670678734,119.2644932701471,635.6151934747307,119.2644932700988,635.7727670679722,119.4220668632546,635.8151934747922,119.4220668632693,635.9727670681852,119.2644932701407,636.0151934750538,119.2644932701963,636.149690967656,119.3989907631935,636.1709041711227,119.4077775597891,636.2215539007776,119.4077775597891,636.2515539007776,119.4377775598273,636.2515539006047,119.5732801029706,636.2603406971692,119.5944933064446,636.3436249684116,119.6777775776866,636.3436249684117,119.7202039845578,636.1860513752825,119.8777775776881,636.1860513752827,119.9202039845596,636.3436249684167,120.0777775776834,636.3436249684216,120.1202039845506,636.1860513752771,120.2777775777773,636.1860513752897,120.320203984652,636.3436249683798,120.4777775778526,636.3436249683807,120.5202039847407,636.1860513753319,120.677777577361,636.1860513752775,120.7202039842283,636.3436249684228,120.8777775779167,636.3436249683639,120.9202039847818,636.2603406973224,121.0034882555521,636.2515539007233,121.0247014590222,636.2515539007233,121.2026304096805,636.2215539007234,121.2326304096805,636.1691884423146,121.2326304096805,636.1479752388401,121.2238436130772,636.0151934750928,121.0910618488431,635.9727670682018,121.0910618487924,635.8151934746554,121.2486354420777,635.7727670678416,121.2486354420972,635.6151934738735,121.0910618488005,635.5727670670026,121.0910618488797,635.4151934747136,121.2486354418326,635.3727670677877,121.2486354418537,635.2151934750187,121.0910618488566,635.1727670681576,121.091061848818,635.0151934746096,121.2486354419661,634.9727670677341,121.2486354419197,634.815193475102,121.0910618488638,634.7727670682423,121.0910618488087,634.6399853034283,121.2238436131535,634.6187721000301,121.2326304096805,634.4267010506896,121.2326304096805,634.3967010506896,121.2026304096805,634.3967010506896,121.0529857302198,634.4054878472452,121.031772526793,634.5170563897162,120.9202039842295,634.5170563897652,120.877777577337,634.3594827964841,120.7202039843351,634.3594827964575,120.6777775775219,634.5170563897517,120.5202039835713,634.5170563896912,120.4777775767166,634.3594827967262,120.3202039841399,634.3594827967052,120.277777577214,634.5170563897022,120.1202039846903,634.5170563897409,120.0777775778292,634.3594827965927,119.9202039842812,634.359482796639,119.8777775774056,634.517056389695,119.7202039847735,634.5170563897502,119.6777775779138,634.4054878471145,119.566209034875
78,642.056112450723,119.5449958314759,642.056112450891,119.4377775597402,642.086112450891,119.4077775597873,642.2764677715662,119.4077775597872,642.2976809749789,119.3989907632456,642.4321784683677,119.2644932701455,642.474604875239,119.2644932701454,642.6321784683087,119.4220668632618,642.6746048751996,119.4220668632806,642.832178468067,119.2644932701607,642.8746048749492,119.2644932701407,643.0321784678831,119.4220668632894,643.0746048747827,119.4220668632493,643.2321784680079,119.2644932701453,643.2746048748652,119.264493270097,643.4321784681068,119.4220668632527,643.474604874927,119.4220668632675,643.6321784683197,119.2644932701389,643.6746048751885,119.2644932701945,643.8091023677907,119.3989907631917,643.8303155712575,119.4077775597872,643.8809653009123,119.4077775597872,643.910965300912,119.4377775598255,643.9109653007395,119.5732801029688,643.9197520973038,119.5944933064427,644.0030363685462,119.6777775776847,644.0030363685464,119.7202039845559,643.8454627754171,119.8777775776863,643.8454627754174,119.9202039845578,644.0030363685514,120.0777775776816,644.003036368556,120.1202039845488,643.8454627754118,120.2777775777755,643.8454627754245,120.3202039846501,644.0030363685142,120.4777775778508,644.0030363685153,120.5202039847389,643.8454627754666,120.6777775773592,643.8454627754122,120.7202039842265,644.0030363685573,120.8777775779149,644.0030363684982,120.9202039847799,643.9197520974569,121.0034882555503,643.9109653008578,121.0247014590204,643.9109653008578,121.2026304096786,643.8809653008576,121.2326304096787,643.8285998424492,121.2326304096787,643.8073866389745,121.2238436130754,643.6746048752271,121.0910618488413,643.6321784683366,121.0910618487906,643.4746048747897,121.2486354420759,643.4321784679761,121.2486354420954,643.2746048740081,121.0910618487987,643.2321784671374,121.0910618488779,643.074604874848,121.2486354418308,643.0321784679223,121.2486354418519,642.8746048751532,121.0910618488548,642.8321784682922,121.0910618488162,642.6746048747443,121.2486354419643,642.6321784678687,121.2486354419178,642.4746048752365,121.091061848862,642.4321784683767,121.0910618488068,642.2993967035628,121.2238436131517,642.2781835001647,121.2326304096787,642.0861124508243,121.2326304096787,642.0561124508242,121.2026304096786,642.0561124508242,121.052985730218,642.0648992473798,121.0317725267912,642.1764677898508,120.9202039842276,642.1764677898997,120.8777775773351,642.0188941966189,120.7202039843333,642.0188941965922,120.6777775775201,642.1764677898861,120.5202039835695,642.1764677898258,120.4777775767148,642.0188941968607,120.3202039841381,642.0188941968397,120.2777775772122,642.1764677898367,120.1202039846885,642.1764677898753,120.0777775778273,642.0188941967274,119.9202039842794,642.0188941967738,119.8777775774038,642.1764677898296,119.7202039847717,642.1764677898846,119.677777577912,642.0648992472488,119.5662090348731
49,619.6963706747961,117.5072140133947,619.8539442676636,117.3496404202748,619.896370674546,117.3496404202548,620.0539442674796,117.5072140134036,620.0963706743796,117.5072140133634,620.2539442676047,117.3496404202594,620.2963706744617,117.349640420211,620.4539442677038,117.5072140133668,620.4963706745236,117.5072140133816,620.6539442679162,117.349640420253,620.696370674785,117.3496404203086,620.8308681673874,117.4841379133058,620.8520813708543,117.4929247099013,621.003588964686,117.4929247099013,621.0335889646859,117.5229247099013,621.0335889646859,119.2877775597927,621.003588964686,119.3177775597927,620.8503656420457,119.3177775597928,620.8291524385712,119.3089907631895,620.6963706748238,119.1762089989554,620.6539442679333,119.1762089989047,620.4963706743865,119.33378259219,620.4539442675728,119.3337825922095,620.2963706736047,119.1762089989128,620.253944266734,119.176208998992,620.0963706744448,119.3337825919449,620.0539442675188,119.333782591966,619.8963706747498,119.1762089989689,619.8539442678889,119.1762089989303,619.6963706743408,119.3337825920784,619.6539442674652,119.3337825920319,619.4963706748332,119.1762089989761,619.4539442679735,119.1762089989209,619.3211625031595,119.3089907632658,619.2999492997612,119.3177775597928,619.0618731998547,119.3177775597928,619.031873199855,119.2877775597928,619.031873199855,117.5229247099014,619.0618731998547,117.4929247099014,619.2982335711628,117.4929247099013,619.3194467745755,117.4841379133597,619.4539442679645,117.3496404202596,619.4963706748357,117.3496404202595,619.6539442679054,117.5072140133759
52,620.2539442667338,117.2613561491006,620.2963706736043,117.2613561490214,620.4539442675724,117.4189297423181,620.4963706743861,117.4189297422986,620.6539442679327,117.2613561490133,620.6963706748235,117.261356149064,620.8291524385709,117.3941379132981,620.8503656420455,117.4029247099014,621.003588964684,117.4029247099013,621.033588964684,117.3729247099013,621.033588964684,115.4577165387303,621.003588964684,115.4277165387303,619.0618731998547,115.4277165387303,619.031873199855,115.4577165387303,619.031873199855,117.3729247099013,619.0618731998547,117.4029247099013,619.299949299761,117.4029247099014,619.3211625031591,117.3941379133744,619.453944267973,117.2613561490296,619.4963706748327,117.2613561490847,619.653944267465,117.4189297421405,619.6963706743405,117.418929742187,619.8539442678884,117.2613561490388,619.8963706747497,117.2613561490775,620.0539442675188,117.4189297420745,620.0963706744446,117.4189297420535
48,618.5390914175387,121.2486354421009,618.3815178235708,121.0910618488042,618.3390914167,121.0910618488834,618.1815178244107,121.2486354418362,618.1390914174851,121.2486354418573,617.9815178247158,121.0910618488602,617.9390914178547,121.0910618488217,617.7815178243065,121.2486354419697,617.7390914174313,121.2486354419233,617.5815178247992,121.0910618488675,617.5390914179395,121.0910618488123,617.4063096531254,121.2238436131572,617.3850964497271,121.2326304096841,617.1470203496331,121.2326304096841,617.117020349633,121.2026304096841,617.117020349633,119.285706473609,617.1470203496331,119.2557064736091,618.9418731998549,119.2557064736091,618.9718731998549,119.285706473609,618.9718731998549,119.3794325395406,618.9948757251684,119.408605049652,619.0178782504747,119.437777559831,619.0178782503019,119.5732801029743,619.0266650468664,119.5944933064482,619.1099493181089,119.6777775776902,619.109949318109,119.7202039845614,618.9523757249796,119.8777775776918,618.9523757249801,119.9202039845632,619.1099493181141,120.077777577687,619.1099493181187,120.1202039845542,618.9523757249744,120.277777577781,618.9523757249872,120.3202039846556,619.1099493180768,120.4777775778562,619.1099493180777,120.5202039847444,618.9523757250292,120.6777775773647,618.9523757249749,120.7202039842319,619.10994931812,120.8777775779203,619.109949318061,120.9202039847854,619.0266650470195,121.0034882555557,619.0178782504204,121.0247014590259,619.0178782504204,121.2026304096841,618.9878782504206,121.2326304096841,618.9355127920117,121.2326304096842,618.9142995885372,121.2238436130809,618.7815178247896,121.0910618488467,618.739091417899,121.091061848796,618.5815178243525,121.2486354420813
46,621.2148021497947,121.2326304096835,621.2360153531927,121.2238436131566,621.3687971180068,121.0910618488117,621.4112235248665,121.0910618488669,621.5687971174985,121.2486354419227,621.611223524374,121.2486354419691,621.7687971179223,121.0910618488211,621.8112235247834,121.0910618488597,621.9687971175523,121.2486354418567,622.0112235244783,121.2486354418356,622.1687971167672,121.0910618488827,622.2112235236378,121.0910618488036,622.3687971176063,121.2486354421003,622.4112235244198,121.2486354420807,622.5687971179666,121.0910618487954,622.6112235248572,121.0910618488461,622.7440052886046,121.2238436130803,622.765218492079,121.2326304096835,622.8175839504879,121.2326304096835,622.8475839504879,121.2026304096835,622.8475839504879,121.0247014590253,622.8563707470867,121.0034882555552,622.9396550181284,120.9202039847848,622.9396550181874,120.8777775779197,622.7820814250422,120.7202039842313,622.7820814250965,120.6777775773641,622.9396550181452,120.5202039847438,622.9396550181442,120.4777775778556,622.7820814250542,120.320203984655,622.7820814250417,120.2777775777804,622.939655018186,120.1202039845536,622.9396550181814,120.0777775776864,622.7820814250474,119.9202039845626,622.782081425047,119.8777775776912,622.9396550181762,119.7202039845608,622.9396550181762,119.6777775776896,622.8563707469337,119.5944933064476,622.8475839503693,119.5732801029737,622.847583950736,119.2857064736241,622.8175839507358,119.2557064735858,621.1235889646857,119.2557064735858,621.0935889646858,119.2857064735858,621.0935889646858,119.3777775597921,621.0635889646859,119.4077775597921,621.022731100521,119.4077775597921,620.992731100521,119.4377775597451,620.992731100353,119.5449958314807,621.001517896879,119.566209034878,621.1130864395147,119.6777775779168,621.1130864394597,119.7202039847766,620.9555128464037,119.8777775774087,620.9555128463572,119.9202039842842,621.1130864395054,120.0777775778322,621.1130864394667,120.1202039846934,620.9555128464696,120.2777775772171,620.9555128464907,120.3202039841429,621.1130864394557,120.4777775767196,621.1130864395162,120.5202039835744,620.9555128462222,120.677777577525,620.9555128462489,120.7202039843381,621.1130864395298,120.87777757734,621.1130864394808,120.9202039842325,621.0015178970096,121.0317725267961,620.992731100454,121.0529857302229,620.992731100454,121.2026304096835,621.022731100454,121.2326304096835
41,618.3815178244282,121.1793461199938,618.5390914176697,121.3369197131496,618.5815178244897,121.3369197131644,618.7390914178827,121.1793461200358,618.7815178247514,121.1793461200914,618.9160153173536,121.3138436130886,618.9372285208204,121.322630409684,618.987878250475,121.322630409684,619.0178782504752,121.3526304097224,619.0178782503021,121.4881329528657,619.0266650468668,121.5093461563396,619.109949318109,121.5926304275816,619.1099493181093,121.6350568344528,618.95237572498,121.7926304275831,618.9523757249802,121.8350568344546,619.1099493181142,121.9926304275784,619.1099493181191,122.0350568344457,618.9523757249744,122.1926304276724,618.9523757249872,122.235056834547,619.1099493180773,122.3926304277476,619.1099493180781,122.4350568346358,618.9523757250292,122.592630427256,618.9523757249751,122.6350568341233,619.1099493181202,122.7926304278117,619.1099493180614,122.8350568346768,619.0266650470197,122.9183411054471,619.0178782504207,122.9395543089173,619.0178782504207,123.1174832595755,618.9878782504209,123.1474832595755,618.9355127920121,123.1474832595756,618.9142995885376,123.1386964629723,618.7815178247903,123.0059146987381,618.7390914178994,123.0059146986874,618.5815178243529,123.1634882919727,618.5390914175391,123.1634882919923,618.381517823571,123.0059146986955,618.3390914167002,123.0059146987747,618.1815178244112,123.1634882917276,618.1390914174852,123.1634882917487,617.9815178247162,123.0059146987516,617.9390914178551,123.005914698713,617.7815178243071,123.1634882918611,617.7390914174316,123.1634882918147,617.5815178247992,123.0059146987589,617.5390914179397,123.0059146987037,617.4063096531257,123.1386964630486,617.3850964497276,123.1474832595755,617.1470203496331,123.1474832595755,617.117020349633,123.1174832595755,617.117020349633,121.3526304096841,617.1470203496331,121.322630409684,617.3833807211289,121.322630409684,617.4045939245417,121.3138436131425,617.5390914179309,121.1793461200423,617.5815178248017,121.1793461200422,617.7390914178718,121.3369197131587,617.7815178247625,121.3369197131775,617.9390914176297,121.1793461200576,617.9815178245124,121.1793461200375,618.139091417446,121.3369197131863,618.1815178243457,121.3369197131462,618.3390914175709,121.1793461200422
50,627.3557820749307,117.5072140133929,627.5133556677981,117.349640420273,627.5557820746805,117.3496404202529,627.7133556676142,117.5072140134017,627.7557820745141,117.5072140133616,627.9133556677392,117.3496404202576,627.9557820745965,117.3496404202092,628.1133556678383,117.507214013365,628.1557820746582,117.5072140133798,628.3133556680511,117.3496404202512,628.3557820749197,117.3496404203067,628.490279567522,117.484137913304,628.5114927709888,117.4929247098995,628.6630003648205,117.4929247098995,628.6930003648205,117.5229247098995,628.6930003648205,119.2877775597909,628.6630003648205,119.3177775597909,628.5097770421803,119.317777559791,628.4885638387057,119.3089907631877,628.3557820749583,119.1762089989536,628.3133556680677,119.1762089989028,628.1557820745207,119.3337825921881,628.1133556677072,119.3337825922077,627.9557820737392,119.1762089989109,627.9133556668686,119.1762089989901,627.7557820745794,119.333782591943,627.7133556676536,119.3337825919641,627.5557820748843,119.1762089989671,627.5133556680231,119.1762089989284,627.3557820744754,119.3337825920766,627.3133556675997,119.3337825920301,627.1557820749676,119.1762089989743,627.1133556681079,119.176208998919,626.980573903294,119.308990763264,626.9593606998958,119.3177775597909,626.7212845999892,119.3177775597909,626.6912845999894,119.2877775597909,626.6912845999894,117.5229247098996,626.7212845999892,117.4929247098996,626.9576449712972,117.4929247098995,626.9788581747101,117.4841379133579,627.113355668099,117.3496404202577,627.1557820749701,117.3496404202577,627.31335566804,117.5072140133741
75,635.0151934750654,117.5072140133911,635.1727670679326,117.3496404202711,635.215193474815,117.3496404202511,635.3727670677487,117.5072140133999,635.4151934746487,117.5072140133598,635.5727670678738,117.3496404202558,635.6151934747311,117.3496404202074,635.7727670679727,117.5072140133632,635.8151934747927,117.5072140133779,635.9727670681857,117.3496404202493,636.0151934750542,117.3496404203049,636.1496909676565,117.4841379133021,636.1709041711232,117.4929247098977,636.3224117649552,117.4929247098977,636.352411764955,117.5229247098977,636.352411764955,119.287777559789,636.3224117649552,119.317777559789,636.1691884423147,119.317777559789,636.1479752388404,119.3089907631859,636.015193475093,119.1762089989517,635.9727670682024,119.176208998901,635.8151934746556,119.3337825921863,635.7727670678419,119.3337825922059,635.6151934738739,119.1762089989091,635.572767067003,119.1762089989883,635.415193474714,119.3337825919412,635.3727670677881,119.3337825919623,635.2151934750192,119.1762089989652,635.1727670681579,119.1762089989266,635.01519347461,119.3337825920747,634.9727670677343,119.3337825920283,634.8151934751022,119.1762089989725,634.7727670682425,119.1762089989173,634.6399853034283,119.3089907632622,634.6187721000302,119.317777559789,634.3806960001241,119.317777559789,634.3506960001241,119.2877775597891,634.3506960001241,117.5229247098978,634.3806960001241,117.4929247098978,634.6170563714317,117.4929247098977,634.6382695748443,117.4841379133561,634.7727670682336,117.3496404202559,634.8151934751045,117.3496404202558,634.9727670681748,117.5072140133722
74,635.5727670670026,117.261356149097,635.6151934738735,117.2613561490177,635.7727670678416,117.4189297423145,635.8151934746554,117.4189297422949,635.9727670682018,117.2613561490096,636.0151934750928,117.2613561490603,636.1479752388396,117.3941379132945,636.1691884423146,117.4029247098977,636.3224117649531,117.4029247098977,636.352411764953,117.3729247098977,636.352411764953,115.4577165387267,636.3224117649531,115.4277165387267,634.3806960001241,115.4277165387267,634.3506960001241,115.4577165387267,634.3506960001241,117.3729247098977,634.3806960001241,117.4029247098977,634.6187721000301,117.4029247098977,634.6399853034283,117.3941379133708,634.7727670682423,117.2613561490259,634.815193475102,117.2613561490811,634.9727670677341,117.4189297421369,635.0151934746096,117.4189297421833,635.1727670681576,117.2613561490352,635.2151934750187,117.2613561490738,635.3727670677877,117.4189297420709,635.4151934747136,117.4189297420498
76,642.6746048752,117.5072140133893,642.8321784680672,117.3496404202693,642.8746048749497,117.3496404202493,643.0321784678832,117.5072140133981,643.0746048747833,117.5072140133579,643.2321784680082,117.349640420254,643.2746048748656,117.3496404202056,643.4321784681074,117.5072140133613,643.4746048749271,117.5072140133761,643.6321784683201,117.3496404202475,643.6746048751887,117.3496404203031,643.8091023677912,117.4841379133003,643.8303155712579,117.4929247098959,643.9818231650896,117.4929247098959,644.0118231650894,117.5229247098959,644.0118231650894,119.2877775597872,643.9818231650896,119.3177775597872,643.8285998424492,119.3177775597873,643.807386638975,119.308990763184,643.6746048752277,119.1762089989499,643.632178468337,119.1762089988992,643.4746048747903,119.3337825921845,643.4321784679764,119.3337825922041,643.2746048740084,119.1762089989073,643.2321784671377,119.1762089989865,643.0746048748484,119.3337825919394,643.0321784679224,119.3337825919605,642.8746048751536,119.1762089989634,642.8321784682926,119.1762089989248,642.6746048747445,119.3337825920729,642.6321784678689,119.3337825920264,642.4746048752369,119.1762089989707,642.4321784683772,119.1762089989155,642.299396703563,119.3089907632604,642.2781835001649,119.3177775597873,642.0401074002586,119.3177775597873,642.0101074002587,119.2877775597873,642.0101074002587,117.5229247098959,642.0401074002586,117.4929247098959,642.2764677715664,117.4929247098959,642.2976809749792,117.4841379133542,642.4321784683682,117.3496404202541,642.4746048752393,117.349640420254,642.6321784683092,117.5072140133704
73,643.2321784671374,117.2613561490952,643.2746048740081,117.2613561490159,643.4321784679761,117.4189297423127,643.4746048747897,117.4189297422931,643.6321784683366,117.2613561490078,643.6746048752271,117.2613561490585,643.8073866389745,117.3941379132927,643.8285998424492,117.4029247098959,643.9818231650876,117.4029247098959,644.0118231650878,117.3729247098959,644.0118231650878,115.4577165387249,643.9818231650876,115.4277165387249,642.0401074002586,115.4277165387249,642.0101074002587,115.4577165387249,642.0101074002587,117.3729247098959,642.0401074002586,117.4029247098959,642.2781835001647,117.4029247098959,642.2993967035628,117.394137913369,642.4321784683767,117.2613561490241,642.4746048752365,117.2613561490793,642.6321784678687,117.4189297421351,642.6746048747443,117.4189297421815,642.8321784682921,117.2613561490334,642.8746048751532,117.261356149072,643.0321784679223,117.4189297420691,643.074604874848,117.418929742048
45,624.0836499668009,121.0910618488822,624.1260763736717,121.0910618488029,624.2836499676398,121.2486354420997,624.3260763744537,121.2486354420801,624.4836499680002,121.0910618487948,624.5260763748907,121.0910618488455,624.6588581386382,121.2238436130796,624.6800713421126,121.2326304096829,624.7324368005214,121.2326304096829,624.7624368005212,121.2026304096829,624.7624368005212,121.0247014590246,624.7712235971205,121.0034882555545,624.854507868162,120.9202039847842,624.8545078682209,120.8777775779191,624.6969342750757,120.7202039842307,624.6969342751302,120.6777775773634,624.8545078681789,120.5202039847431,624.8545078681777,120.477777577855,624.6969342750881,120.3202039846544,624.6969342750753,120.2777775777797,624.8545078682198,120.120203984553,624.854507868215,120.0777775776858,624.696934275081,119.920203984562,624.6969342750807,119.8777775776905,624.8545078682098,119.7202039845602,624.8545078682098,119.677777577689,624.7712235969673,119.5944933064469,624.762436800403,119.573280102973,624.7624368007697,119.2857064736235,624.7324368007696,119.2557064735852,622.9375839507927,119.2557064735852,622.9075839507927,119.2857064735382,622.9075839503867,119.5449958314801,622.9163707469125,119.5662090348774,623.0279392895482,119.6777775779162,623.0279392894932,119.7202039847759,622.8703656964373,119.877777577408,622.870365696391,119.9202039842836,623.027939289539,120.0777775778316,623.0279392895003,120.1202039846927,622.8703656965034,120.2777775772165,622.8703656965242,120.3202039841423,623.0279392894892,120.477777576719,623.0279392895497,120.5202039835737,622.8703656962557,120.6777775775244,622.8703656962825,120.7202039843375,623.027939289563,120.8777775773394,623.0279392895145,120.9202039842319,622.9163707470434,121.0317725267955,622.9075839504877,121.0529857302223,622.9075839504877,121.2026304096829,622.9375839504877,121.2326304096829,623.1296549998282,121.2326304096829,623.1508682032264,121.223843613156,623.2836499680404,121.0910618488111,623.3260763749001,121.0910618488663,623.4836499675322,121.2486354419221,623.5260763744077,121.2486354419685,623.6836499679558,121.0910618488204,623.726076374817,121.091061848859,623.8836499675859,121.248635441856,623.9260763745119,121.248635441835
44,626.654287125303,119.4086050496502,626.6772896506095,119.4377775598291,626.6772896504368,119.5732801029724,626.6860764470011,119.5944933064463,626.7693607182434,119.6777775776884,626.7693607182437,119.7202039845596,626.6117871251142,119.8777775776899,626.6117871251148,119.9202039845614,626.7693607182487,120.0777775776852,626.7693607182534,120.1202039845524,626.611787125109,120.2777775777791,626.6117871251217,120.3202039846538,626.7693607182116,120.4777775778544,626.7693607182125,120.5202039847426,626.6117871251637,120.6777775773628,626.6117871251093,120.7202039842301,626.7693607182548,120.8777775779185,626.7693607181956,120.9202039847836,626.686076447154,121.0034882555539,626.6772896505552,121.024701459024,626.6772896505552,121.2026304096823,626.6472896505553,121.2326304096823,626.5949241921462,121.2326304096823,626.573710988672,121.2238436130791,626.4409292249246,121.0910618488449,626.3985028180336,121.0910618487942,626.2409292244872,121.2486354420795,626.1985028176732,121.2486354420991,626.0409292237056,121.0910618488023,625.9985028168347,121.0910618488815,625.8409292245454,121.2486354418344,625.7985028176197,121.2486354418555,625.6409292248507,121.0910618488584,625.5985028179894,121.0910618488198,625.4409292244416,121.2486354419679,625.3985028175657,121.2486354419215,625.2409292249339,121.0910618488657,625.198502818074,121.0910618488105,625.06572105326,121.2238436131554,625.0445078498619,121.2326304096823,624.8524368005214,121.2326304096823,624.8224368005215,121.2026304096823,624.8224368005215,121.0529857302217,624.831223597077,121.0317725267949,624.9427921395481,120.9202039842313,624.942792139597,120.8777775773388,624.7852185463162,120.7202039843369,624.7852185462895,120.6777775775237,624.9427921395835,120.5202039835731,624.9427921395231,120.4777775767184,624.7852185465582,120.3202039841417,624.7852185465371,120.2777775772159,624.9427921395342,120.1202039846921,624.9427921395727,120.077777577831,624.7852185464247,119.920203984283,624.7852185464712,119.8777775774075,624.942792139527,119.7202039847753,624.9427921395821,119.6777775779156,624.8312235969462,119.5662090348768,624.8224368004201,119.5449958314795,624.8224368008266,119.2857064735376,624.8524368008267,119.2557064735846,626.6012845999896,119.2557064736072,626.6312845999896,119.2857064736072,626.6312845999896,119.3794325395388
42,629.8282085169017,121.0910618488809,629.6706349246127,121.2486354418338,629.6282085176867,121.2486354418549,629.4706349249179,121.0910618488578,629.4282085180567,121.0910618488192,629.2706349245086,121.2486354419673,629.2282085176331,121.2486354419209,629.0706349250008,121.0910618488651,629.0282085181412,121.0910618488099,628.8954267533272,121.2238436131548,628.874213549929,121.2326304096817,628.6821425005887,121.2326304096817,628.6521425005888,121.2026304096817,628.6521425005888,121.0529857302211,628.6609292971442,121.0317725267943,628.7724978396154,120.9202039842307,628.7724978396641,120.8777775773382,628.6149242463833,120.7202039843363,628.6149242463567,120.6777775775231,628.7724978396509,120.5202039835725,628.7724978395904,120.4777775767178,628.6149242466254,120.3202039841411,628.6149242466042,120.2777775772153,628.7724978396013,120.1202039846915,628.7724978396401,120.0777775778304,628.6149242464918,119.9202039842824,628.6149242465384,119.8777775774069,628.7724978395942,119.7202039847747,628.7724978396493,119.677777577915,628.6609292970134,119.5662090348762,628.6521425004876,119.5449958314789,628.6521425006553,119.4377775597433,628.6821425006555,119.4077775597903,628.7230003648205,119.4077775597903,628.7530003648204,119.3777775597903,628.7530003648204,119.285706473584,628.7830003648203,119.255706473584,630.4769953508705,119.255706473584,630.5069953508705,119.2857064736223,630.5069953505038,119.5732801029718,630.5157821470684,119.5944933064458,630.5990664183108,119.6777775776878,630.5990664183108,119.720203984559,630.4414928251816,119.8777775776893,630.4414928251817,119.9202039845608,630.5990664183159,120.0777775776846,630.5990664183207,120.1202039845518,630.4414928251762,120.2777775777785,630.4414928251889,120.3202039846532,630.5990664182787,120.4777775778538,630.5990664182797,120.520203984742,630.441492825231,120.6777775773622,630.4414928251767,120.7202039842295,630.5990664183219,120.8777775779179,630.599066418263,120.920203984783,630.5157821472212,121.0034882555533,630.5069953506224,121.0247014590235,630.5069953506224,121.2026304096817,630.4769953506222,121.2326304096817,630.4246298922137,121.2326304096817,630.4034166887388,121.2238436130785,630.2706349249917,121.0910618488443,630.2282085181012,121.0910618487936,630.0706349245545,121.2486354420789,630.0282085177408,121.2486354420985,629.8706349237725,121.0910618488017
91,631.7430613669356,121.0910618488803,631.7854877738063,121.0910618488011,631.9430613677742,121.2486354420978,631.9854877745881,121.2486354420783,632.1430613681347,121.091061848793,632.1854877750254,121.0910618488437,632.3182695387727,121.2238436130778,632.3394827422474,121.2326304096811,632.3918482006561,121.232630409681,632.4218482006561,121.2026304096811,632.4218482006561,121.0247014590228,632.4306349972551,121.0034882555527,632.5139192682967,120.9202039847824,632.5139192683556,120.8777775779173,632.3563456752102,120.7202039842289,632.3563456752647,120.6777775773616,632.5139192683131,120.5202039847413,632.5139192683124,120.4777775778532,632.3563456752227,120.3202039846526,632.3563456752099,120.2777775777779,632.5139192683542,120.1202039845512,632.5139192683495,120.077777577684,632.3563456752156,119.9202039845602,632.3563456752152,119.8777775776887,632.5139192683447,119.7202039845583,632.5139192683442,119.6777775776872,632.4306349971021,119.5944933064451,632.4218482005376,119.5732801029712,632.4218482009042,119.2857064736216,632.3918482009041,119.2557064735834,630.5969953509275,119.2557064735834,630.5669953509275,119.2857064735364,630.5669953505212,119.5449958314783,630.5757821470471,119.5662090348756,630.6873506896827,119.6777775779144,630.6873506896278,119.7202039847741,630.529777096572,119.8777775774062,630.5297770965255,119.9202039842818,630.6873506896736,120.0777775778298,630.687350689635,120.1202039846909,630.5297770966379,120.2777775772147,630.529777096659,120.3202039841405,630.687350689624,120.4777775767172,630.6873506896845,120.5202039835719,630.5297770963901,120.6777775775225,630.5297770964171,120.7202039843357,630.6873506896977,120.8777775773375,630.687350689649,120.92020398423,630.5757821471777,121.0317725267937,630.5669953506224,121.0529857302205,630.5669953506224,121.2026304096811,630.5969953506223,121.2326304096811,630.7890663999628,121.2326304096811,630.8102796033608,121.2238436131541,630.9430613681747,121.0910618488093,630.9854877750344,121.0910618488644,631.1430613676667,121.2486354419203,631.1854877745424,121.2486354419667,631.3430613680902,121.0910618488186,631.3854877749513,121.0910618488572,631.5430613677206,121.2486354418542,631.5854877746463,121.2486354418332
83,634.2606960001242,119.2557064736054,634.2906960001243,119.2857064736054,634.2906960001243,119.379432539537,634.3136985254374,119.4086050496483,634.336701050744,119.4377775598273,634.3367010505712,119.5732801029706,634.3454878471358,119.5944933064445,634.4287721183781,119.6777775776866,634.4287721183782,119.7202039845578,634.271198525249,119.8777775776881,634.2711985252492,119.9202039845596,634.4287721183832,120.0777775776834,634.428772118388,120.1202039845506,634.2711985252434,120.2777775777773,634.2711985252563,120.320203984652,634.428772118346,120.4777775778526,634.428772118347,120.5202039847407,634.2711985252982,120.677777577361,634.2711985252441,120.7202039842283,634.4287721183892,120.8777775779167,634.4287721183302,120.9202039847818,634.3454878472887,121.0034882555521,634.3367010506897,121.0247014590222,634.3367010506897,121.2026304096805,634.3067010506898,121.2326304096805,634.254335592281,121.2326304096805,634.2331223888066,121.2238436130772,634.1003406250592,121.0910618488431,634.0579142181684,121.0910618487924,633.9003406246217,121.2486354420777,633.857914217808,121.2486354420972,633.70034062384,121.0910618488005,633.6579142169691,121.0910618488797,633.5003406246801,121.2486354418326,633.4579142177543,121.2486354418537,633.3003406249853,121.0910618488566,633.2579142181241,121.091061848818,633.1003406245761,121.2486354419661,633.0579142177005,121.2486354419197,632.9003406250683,121.0910618488638,632.8579142182087,121.0910618488087,632.7251324533947,121.2238436131535,632.7039192499965,121.2326304096805,632.5118482006558,121.2326304096805,632.481848200656,121.2026304096805,632.481848200656,121.0529857302199,632.4906349972116,121.031772526793,632.6022035396828,120.9202039842294,632.6022035397316,120.877777577337,632.4446299464507,120.7202039843351,632.4446299464241,120.6777775775219,632.6022035397182,120.5202039835713,632.6022035396577,120.4777775767166,632.4446299466927,120.3202039841399,632.4446299466717,120.277777577214,632.6022035396687,120.1202039846903,632.6022035397071,120.0777775778292,632.4446299465591,119.9202039842812,632.4446299466058,119.8777775774056,632.6022035396614,119.7202039847735,632.6022035397167,119.6777775779138,632.4906349970809,119.566209034875,632.4818482005547,119.5449958314777,632.481848200961,119.2857064735358,632.5118482009611,119.2557064735828
81,637.4876199170365,121.0910618488791,637.3300463247474,121.248635441832,637.2876199178215,121.2486354418531,637.1300463250523,121.091061848856,637.0876199181911,121.0910618488174,636.9300463246433,121.2486354419655,636.8876199177677,121.2486354419191,636.7300463251356,121.0910618488632,636.6876199182759,121.0910618488081,636.5548381534617,121.223843613153,636.5336249500638,121.2326304096799,636.3415539007233,121.2326304096799,636.3115539007233,121.2026304096799,636.3115539007233,121.0529857302193,636.3203406972789,121.0317725267925,636.43190923975,120.9202039842288,636.4319092397988,120.8777775773364,636.274335646518,120.7202039843345,636.2743356464912,120.6777775775213,636.4319092397852,120.5202039835707,636.4319092397249,120.477777576716,636.2743356467596,120.3202039841393,636.2743356467388,120.2777775772135,636.4319092397359,120.1202039846897,636.4319092397744,120.0777775778286,636.2743356466262,119.9202039842806,636.2743356466729,119.877777577405,636.4319092397287,119.7202039847729,636.4319092397837,119.6777775779132,636.3203406971481,119.5662090348744,636.3115539006221,119.5449958314771,636.31155390079,119.4377775597415,636.3415539007901,119.4077775597885,636.3824117649548,119.4077775597885,636.4124117649549,119.3777775597885,636.4124117649549,119.2857064735822,636.442411764955,119.2557064735822,638.1364067510051,119.2557064735822,638.166406751005,119.2857064736205,638.1664067506385,119.57328010297,638.175193547203,119.5944933064439,638.2584778184452,119.677777577686,638.2584778184455,119.7202039845572,638.1009042253161,119.8777775776875,638.1009042253164,119.920203984559,638.2584778184503,120.0777775776828,638.2584778184552,120.12020398455,638.1009042253107,120.2777775777767,638.1009042253237,120.3202039846514,638.2584778184131,120.477777577852,638.2584778184142,120.5202039847401,638.1009042253656,120.6777775773604,638.1009042253112,120.7202039842277,638.2584778184565,120.8777775779161,638.2584778183975,120.9202039847812,638.175193547356,121.0034882555515,638.1664067507569,121.0247014590215,638.1664067507569,121.2026304096799,638.136406750757,121.2326304096799,638.0840412923483,121.2326304096799,638.0628280888737,121.2238436130766,637.9300463251261,121.0910618488425,637.8876199182358,121.0910618487918,637.730046324689,121.2486354420771,637.687619917875,121.2486354420967,637.5300463239072,121.0910618487999
80,639.4024727670702,121.0910618488785,639.4448991739407,121.0910618487993,639.6024727679088,121.248635442096,639.6448991747226,121.2486354420764,639.8024727682694,121.0910618487912,639.84489917516,121.0910618488419,639.9776809389074,121.223843613076,639.9988941423819,121.2326304096793,640.0512596007907,121.2326304096792,640.0812596007906,121.2026304096792,640.0812596007906,121.024701459021,640.0900463973896,121.0034882555509,640.173330668431,120.9202039847806,640.17333066849,120.8777775779155,640.0157570753448,120.7202039842271,640.0157570753992,120.6777775773598,640.1733306684476,120.5202039847395,640.1733306684469,120.4777775778514,640.0157570753573,120.3202039846508,640.0157570753443,120.2777775777761,640.1733306684888,120.1202039845494,640.1733306684841,120.0777775776822,640.01575707535,119.9202039845584,640.0157570753497,119.8777775776869,640.1733306684791,119.7202039845565,640.1733306684787,119.6777775776853,640.0900463972366,119.5944933064433,640.0812596006722,119.5732801029694,640.0812596010386,119.2857064736198,640.0512596010387,119.2557064735816,638.256406751062,119.2557064735816,638.2264067510621,119.2857064735346,638.2264067506557,119.5449958314765,638.2351935471818,119.5662090348738,638.3467620898175,119.6777775779125,638.3467620897625,119.7202039847723,638.1891884967066,119.8777775774044,638.1891884966599,119.92020398428,638.346762089808,120.077777577828,638.3467620897695,120.1202039846891,638.1891884967725,120.2777775772128,638.1891884967933,120.3202039841387,638.3467620897586,120.4777775767153,638.3467620898191,120.5202039835701,638.1891884965249,120.6777775775207,638.1891884965515,120.7202039843339,638.3467620898325,120.8777775773358,638.3467620897836,120.9202039842282,638.2351935473125,121.0317725267919,638.226406750757,121.0529857302186,638.226406750757,121.2026304096792,638.2564067507569,121.2326304096793,638.4484778000974,121.2326304096793,638.4696910034952,121.2238436131523,638.6024727683094,121.0910618488075,638.6448991751691,121.0910618488626,638.8024727678013,121.2486354419185,638.8448991746769,121.2486354419649,639.0024727682247,121.0910618488167,639.0448991750861,121.0910618488554,639.2024727678552,121.2486354418524,639.244899174781,121.2486354418314
79,641.9201074002586,119.2557064736036,641.9501074002587,119.2857064736036,641.9501074002587,119.3794325395352,641.9731099255717,119.4086050496465,641.9961124508786,119.4377775598255,641.9961124507056,119.5732801029688,642.0048992472701,119.5944933064427,642.0881835185126,119.6777775776847,642.0881835185127,119.7202039845559,641.9306099253835,119.8777775776863,641.9306099253839,119.9202039845578,642.0881835185179,120.0777775776816,642.0881835185223,120.1202039845488,641.930609925378,120.2777775777755,641.9306099253907,120.3202039846502,642.0881835184807,120.4777775778508,642.0881835184816,120.5202039847389,641.9306099254327,120.6777775773592,641.9306099253787,120.7202039842265,642.0881835185239,120.8777775779149,642.0881835184647,120.92020398478,642.0048992474232,121.0034882555503,641.9961124508242,121.0247014590204,641.9961124508244,121.2026304096786,641.9661124508243,121.2326304096787,641.9137469924154,121.2326304096787,641.8925337889411,121.2238436130754,641.7597520251937,121.0910618488413,641.7173256183031,121.0910618487906,641.5597520247562,121.2486354420759,641.5173256179424,121.2486354420954,641.3597520239745,121.0910618487987,641.3173256171037,121.0910618488779,641.1597520248148,121.2486354418308,641.1173256178886,121.2486354418519,640.9597520251197,121.0910618488548,640.9173256182587,121.0910618488162,640.7597520247105,121.2486354419643,640.717325617835,121.2486354419178,640.559752025203,121.091061848862,640.5173256183433,121.0910618488069,640.3845438535292,121.2238436131517,640.363330650131,121.2326304096787,640.1712596007904,121.2326304096787,640.1412596007904,121.2026304096786,640.1412596007904,121.052985730218,640.150046397346,121.0317725267912,640.2616149398173,120.9202039842276,640.2616149398661,120.8777775773351,640.1040413465854,120.7202039843333,640.1040413465588,120.6777775775201,640.2616149398527,120.5202039835695,640.2616149397923,120.4777775767148,640.1040413468272,120.3202039841381,640.1040413468063,120.2777775772122,640.2616149398032,120.1202039846885,640.2616149398418,120.0777775778274,640.1040413466937,119.9202039842794,640.1040413467402,119.8777775774038,640.2616149397961,119.7202039847717,640.2616149398513,119.677777577912,640.1500463972153,119.5662090348732,640.1412596006894,119.5449958314759,640.1412596010957,119.285706473534,640.1712596010956,119.255706473581
26,618.3815178244287,125.0090518197766,618.5390914176705,125.1666254129323,618.5815178244903,125.1666254129471,618.7390914178834,125.0090518198185,618.7815178247517,125.0090518198741,618.9160153173543,125.1435493128713,618.937228520821,125.1523361094669,618.9878782504755,125.1523361094669,619.0178782504756,125.1823361095051,619.0178782503027,125.3178386526484,619.0266650468672,125.3390518561223,619.1099493181098,125.4223361273644,619.1099493181098,125.4647625342356,618.9523757249806,125.6223361273659,618.952375724981,125.6647625342374,619.109949318115,125.8223361273612,619.1099493181194,125.8647625342284,618.9523757249752,126.0223361274551,618.952375724988,126.0647625343298,619.1099493180777,126.2223361275304,619.1099493180787,126.2647625344185,618.95237572503,126.4223361270388,618.9523757249757,126.4647625339061,619.1099493181209,126.6223361275945,619.1099493180618,126.6647625344596,619.0266650470203,126.7480468052299,619.0178782504212,126.7692600087001,619.0178782504215,126.9471889593583,618.9878782504215,126.9771889593583,618.9355127920124,126.9771889593583,618.9142995885381,126.968402162755,618.7815178247907,126.8356203985209,618.7390914179002,126.8356203984702,618.5815178243535,126.9931939917555,618.5390914175395,126.9931939917751,618.3815178235716,126.8356203984783,618.3390914167007,126.8356203985575,618.1815178244113,126.9931939915104,618.1390914174859,126.9931939915315,617.9815178247167,126.8356203985344,617.9390914178557,126.8356203984958,617.7815178243077,126.9931939916439,617.7390914174321,126.9931939915974,617.5815178248001,126.8356203985417,617.5390914179402,126.8356203984865,617.4063096531262,126.9684021628314,617.385096449728,126.9771889593583,617.1470203496337,126.9771889593583,617.1170203496337,126.9471889593583,617.1170203496334,125.1823361094669,617.1470203496335,125.1523361094669,617.3833807211297,125.1523361094669,617.4045939245424,125.1435493129253,617.5390914179311,125.0090518198251,617.5815178248026,125.009051819825,617.7390914178721,125.1666254129415,617.7815178247631,125.1666254129603,617.9390914176304,125.0090518198403,617.9815178245128,125.0090518198203,618.1390914174466,125.1666254129691,618.1815178243464,125.166625412929,618.3390914175714,125.009051819825
18,618.381517824429,126.923904669668,618.5390914176706,127.0814782628238,618.5815178244906,127.0814782628385,618.7390914178836,126.9239046697099,618.7815178247523,126.9239046697655,618.9160153173545,127.0584021627628,618.9372285208212,127.0671889593583,618.9878782504758,127.0671889593583,619.0178782504759,127.0971889593966,619.017878250303,127.2326915025399,619.0266650468676,127.2539047060138,619.1099493181098,127.3371889772558,619.1099493181101,127.379615384127,618.9523757249808,127.5371889772573,618.9523757249812,127.5796153841288,619.1099493181152,127.7371889772526,619.1099493181199,127.7796153841199,618.9523757249754,127.9371889773466,618.952375724988,127.9796153842212,619.1099493180777,128.1371889774218,619.1099493180789,128.1796153843099,618.9523757250302,128.3371889769302,618.9523757249759,128.3796153837975,619.1099493181212,128.5371889774859,619.1099493180621,128.579615384351,619.0266650470206,128.6628996551213,619.0178782504217,128.6841128585915,619.0178782504217,128.8620418092497,618.9878782504218,128.8920418092497,618.9355127920129,128.8920418092498,618.9142995885383,128.8832550126465,618.7815178247911,128.7504732484123,618.7390914179005,128.7504732483616,618.5815178243537,128.9080468416469,618.53909141754,128.9080468416665,618.3815178235718,128.7504732483697,618.3390914167013,128.7504732484489,618.181517824412,128.9080468414018,618.1390914174862,128.9080468414229,617.9815178247171,128.7504732484258,617.9390914178559,128.7504732483872,617.7815178243079,128.9080468415353,617.7390914174324,128.9080468414889,617.5815178248002,128.7504732484331,617.5390914179407,128.7504732483779,617.4063096531265,128.8832550127228,617.3850964497285,128.8920418092497,617.147020349634,128.8920418092497,617.1170203496337,128.8620418092497,617.1170203496337,127.0971889593583,617.147020349634,127.0671889593583,617.3833807211297,127.0671889593583,617.4045939245427,127.0584021628167,617.5390914179318,126.9239046697165,617.5815178248027,126.9239046697164,617.7390914178728,127.0814782628329,617.7815178247632,127.0814782628517,617.9390914176307,126.9239046697318,617.9815178245132,126.9239046697117,618.1390914174469,127.0814782628605,618.1815178243467,127.0814782628204,618.3390914175717,126.9239046697164
33,618.3815178244286,123.0941989698852,618.5390914176703,123.2517725630409,618.5815178244903,123.2517725630557,618.7390914178831,123.0941989699271,618.7815178247517,123.0941989699827,618.9160153173538,123.2286964629799,618.9372285208207,123.2374832595755,618.9878782504754,123.2374832595755,619.0178782504752,123.2674832596137,619.0178782503026,123.402985802757,619.026665046867,123.4241990062309,619.1099493181093,123.507483277473,619.1099493181096,123.5499096843442,618.9523757249802,123.7074832774745,618.9523757249808,123.749909684346,619.1099493181146,123.9074832774698,619.1099493181193,123.949909684337,618.9523757249749,124.1074832775637,618.9523757249877,124.1499096844384,619.1099493180773,124.307483277639,619.1099493180784,124.3499096845271,618.9523757250298,124.5074832771474,618.9523757249752,124.5499096840147,619.1099493181207,124.7074832777031,619.1099493180614,124.7499096845682,619.02666504702,124.8331939553385,619.0178782504212,124.8544071588086,619.0178782504212,125.0323361094669,618.987878250421,125.0623361094669,618.9355127920122,125.0623361094669,618.9142995885378,125.0535493128636,618.7815178247904,124.9207675486295,618.7390914178998,124.9207675485788,618.5815178243529,125.0783411418641,618.5390914175392,125.0783411418836,618.3815178235712,124.9207675485869,618.3390914167006,124.9207675486661,618.1815178244112,125.078341141619,618.1390914174857,125.0783411416401,617.9815178247165,124.920767548643,617.9390914178553,124.9207675486044,617.7815178243073,125.0783411417525,617.7390914174317,125.078341141706,617.5815178247996,124.9207675486502,617.53909141794,124.9207675485951,617.4063096531258,125.05354931294,617.3850964497278,125.0623361094669,617.1470203496332,125.0623361094669,617.117020349633,125.0323361094669,617.117020349633,123.2674832595755,617.1470203496332,123.2374832595755,617.3833807211292,123.2374832595754,617.4045939245422,123.2286964630338,617.5390914179311,123.0941989699337,617.5815178248022,123.0941989699336,617.7390914178721,123.25177256305,617.7815178247628,123.2517725630688,617.9390914176302,123.0941989699489,617.9815178245124,123.0941989699289,618.1390914174463,123.2517725630777,618.1815178243462,123.2517725630376,618.3390914175712,123.0941989699336
77,645.1470313171711,121.0910618488773,645.1894577240417,121.0910618487981,645.3470313180097,121.2486354420948,645.3894577248235,121.2486354420752,645.5470313183703,121.09106184879,645.5894577252609,121.0910618488407,645.7222394890083,121.2238436130748,645.7434526924827,121.2326304096781,645.8966760151229,121.2326304096779,645.9266760151229,121.2026304096779,645.9266760151229,119.2857064735804,645.8966760151229,119.2557064735804,644.1018231650896,119.2557064735804,644.0718231650897,119.2857064735804,644.0718231650897,119.3777775597866,644.0418231650896,119.4077775597865,644.0009653009248,119.4077775597867,643.9709653009247,119.4377775597397,643.9709653007565,119.5449958314753,643.9797520972827,119.5662090348726,644.0913206399184,119.6777775779114,644.0913206398634,119.7202039847711,643.9337470468075,119.8777775774032,643.933747046761,119.9202039842788,644.0913206399089,120.0777775778267,644.0913206398702,120.1202039846879,643.9337470468735,120.2777775772116,643.9337470468943,120.3202039841375,644.0913206398594,120.4777775767141,644.09132063992,120.5202039835689,643.9337470466257,120.6777775775195,643.9337470466526,120.7202039843326,644.0913206399334,120.8777775773345,644.0913206398845,120.920203984227,643.9797520974134,121.0317725267906,643.9709653008578,121.0529857302174,643.9709653008578,121.202630409678,644.0009653008577,121.232630409678,644.1930363501983,121.2326304096781,644.2142495535962,121.2238436131511,644.3470313184104,121.0910618488062,644.3894577252701,121.0910618488614,644.5470313179022,121.2486354419173,644.5894577247777,121.2486354419636,644.7470313183258,121.0910618488155,644.789457725187,121.0910618488542,644.9470313179562,121.2486354418512,644.9894577248817,121.2486354418301
84,644.5894577252336,121.3369197131714,644.7470313181009,121.1793461200515,644.7894577249832,121.1793461200315,644.9470313179168,121.3369197131802,644.9894577248169,121.3369197131401,645.1470313180417,121.1793461200361,645.1894577248991,121.1793461199877,645.347031318141,121.3369197131435,645.3894577249608,121.3369197131583,645.5470313183539,121.1793461200297,645.5894577252222,121.1793461200853,645.7239552178248,121.3138436130825,645.7451684212915,121.322630409678,645.8966760151231,121.322630409678,645.9266760151231,121.352630409678,645.9266760151231,123.1174832595694,645.8966760151231,123.1474832595694,645.743452692483,123.1474832595695,645.7222394890086,123.1386964629662,645.5894577252612,123.005914698732,645.5470313183706,123.0059146986814,645.3894577248237,123.1634882919666,645.3470313180098,123.1634882919862,645.1894577240421,123.0059146986895,645.1470313171712,123.0059146987687,644.9894577248818,123.1634882917215,644.9470313179562,123.1634882917427,644.7894577251872,123.0059146987455,644.7470313183262,123.005914698707,644.5894577247782,123.163488291855,644.5470313179026,123.1634882918086,644.3894577252705,123.0059146987528,644.3470313184107,123.0059146986976,644.2142495535967,123.1386964630425,644.1930363501986,123.1474832595695,644.0009653008578,123.1474832595695,643.9709653008582,123.1174832595694,643.9709653008582,122.9678385801088,643.9797520974138,122.946625376682,644.0913206398849,122.8350568341184,644.0913206399337,122.7926304272259,643.9337470466528,122.635056834224,643.9337470466263,122.5926304274109,644.0913206399202,122.4350568334603,644.0913206398596,122.3926304266055,643.9337470468947,122.2350568340289,643.9337470468737,122.192630427103,644.0913206398708,122.0350568345793,644.0913206399093,121.9926304277181,643.9337470467613,121.8350568341701,643.9337470468078,121.7926304272946,644.0913206398636,121.6350568346625,644.0913206399186,121.5926304278028,643.9797520972827,121.4810618847639,643.9709653007569,121.4598486813666,643.970965300925,121.352630409631,644.0009653009249,121.3226304096781,644.1913206216001,121.322630409678,644.2125338250129,121.3138436131364,644.3470313184016,121.1793461200362,644.389457725273,121.1793461200362,644.5470313183426,121.3369197131526
92,644.5894577252337,123.2517725630629,644.747031318101,123.0941989699429,644.7894577249835,123.0941989699229,644.9470313179172,123.2517725630717,644.989457724817,123.2517725630316,645.1470313180422,123.0941989699276,645.1894577248995,123.0941989698792,645.3470313181411,123.251772563035,645.389457724961,123.2517725630497,645.5470313183541,123.0941989699211,645.5894577252228,123.0941989699767,645.7239552178248,123.2286964629739,645.7451684212917,123.2374832595695,645.8966760151231,123.2374832595695,645.9266760151232,123.2674832595695,645.9266760151232,125.0323361094609,645.8966760151231,125.0623361094609,645.7434526924831,125.062336109461,645.7222394890086,125.0535493128577,645.5894577252612,124.9207675486235,645.5470313183707,124.9207675485727,645.3894577248242,125.0783411418581,645.3470313180103,125.0783411418777,645.1894577240423,124.9207675485809,645.1470313171714,124.9207675486601,644.9894577248823,125.078341141613,644.9470313179564,125.0783411416341,644.7894577251875,124.920767548637,644.7470313183262,124.9207675485984,644.5894577247784,125.0783411417465,644.5470313179027,125.0783411417001,644.3894577252707,124.9207675486443,644.347031318411,124.9207675485891,644.214249553597,125.053549312934,644.1930363501987,125.0623361094609,644.0009653008582,125.0623361094609,643.9709653008582,125.0323361094609,643.9709653008582,124.8826914300003,643.9797520974138,124.8614782265735,644.0913206398851,124.7499096840099,644.0913206399337,124.7074832771174,643.9337470466531,124.5499096841155,643.9337470466263,124.5074832773024,644.0913206399202,124.3499096833518,644.0913206398596,124.307483276497,643.933747046895,124.1499096839203,643.933747046874,124.1074832769945,644.091320639871,123.9499096844708,644.0913206399096,123.9074832776096,643.9337470467616,123.7499096840616,643.9337470468081,123.7074832771861,644.0913206398637,123.5499096845539,644.091320639919,123.5074832776942,643.979752097283,123.3959147346554,643.9709653007571,123.3747015312581,643.9709653009251,123.2674832595225,644.0009653009251,123.2374832595695,644.1913206216002,123.2374832595695,644.212533825013,123.2286964630279,644.347031318402,123.0941989699277,644.3894577252732,123.0941989699276,644.5470313183431,123.2517725630441
99,644.5894577252341,125.1666254129544,644.7470313181012,125.0090518198344,644.7894577249837,125.0090518198144,644.9470313179174,125.1666254129632,644.9894577248174,125.1666254129231,645.1470313180424,125.0090518198191,645.1894577248997,125.0090518197707,645.3470313181415,125.1666254129264,645.3894577249614,125.1666254129412,645.5470313183544,125.0090518198126,645.5894577252228,125.0090518198682,645.723955217825,125.1435493128654,645.7451684212919,125.152336109461,645.8966760151236,125.152336109461,645.9266760151235,125.182336109461,645.9266760151235,126.9471889593524,645.8966760151236,126.9771889593524,645.7434526924835,126.9771889593524,645.7222394890091,126.9684021627491,645.5894577252617,126.835620398515,645.5470313183711,126.8356203984643,645.3894577248242,126.9931939917496,645.3470313180105,126.9931939917692,645.1894577240425,126.8356203984724,645.1470313171718,126.8356203985516,644.9894577248826,126.9931939915045,644.9470313179567,126.9931939915256,644.7894577251877,126.8356203985285,644.7470313183265,126.8356203984899,644.5894577247786,126.993193991638,644.547031317903,126.9931939915915,644.3894577252707,126.8356203985357,644.3470313184112,126.8356203984806,644.2142495535973,126.9684021628255,644.193036350199,126.9771889593524,644.0009653008585,126.9771889593524,643.9709653008586,126.9471889593524,643.9709653008586,126.7975442798918,643.9797520974141,126.7763310764649,644.0913206398852,126.6647625339013,644.0913206399341,126.6223361270089,643.9337470466533,126.464762534007,643.9337470466265,126.4223361271938,644.0913206399207,126.2647625332433,644.0913206398602,126.2223361263885,643.9337470468951,126.0647625338118,643.9337470468743,126.022336126886,644.0913206398712,125.8647625343622,644.0913206399097,125.8223361275011,643.9337470467618,125.6647625339531,643.9337470468082,125.6223361270776,644.0913206398639,125.4647625344454,644.0913206399193,125.4223361275857,643.9797520972834,125.3107675845469,643.9709653007573,125.2895543811496,643.9709653009254,125.182336109414,644.0009653009251,125.152336109461,644.1913206216005,125.1523361094609,644.2125338250132,125.1435493129193,644.3470313184023,125.0090518198192,644.3894577252732,125.0090518198191,644.5470313183433,125.1666254129355
107,644.5894577252341,127.0814782628458,644.7470313181013,126.9239046697259,644.789457724984,126.9239046697059,644.9470313179175,127.0814782628546,644.9894577248175,127.0814782628145,645.1470313180427,126.9239046697105,645.1894577248999,126.9239046696622,645.3470313181418,127.0814782628179,645.3894577249616,127.0814782628327,645.5470313183544,126.9239046697041,645.5894577252232,126.9239046697597,645.7239552178252,127.0584021627569,645.745168421292,127.0671889593524,645.8966760151237,127.0671889593524,645.9266760151238,127.0971889593525,645.9266760151238,128.8620418092438,645.8966760151237,128.8920418092438,645.7434526924837,128.8920418092439,645.7222394890091,128.8832550126406,645.5894577252617,128.7504732484065,645.5470313183712,128.7504732483558,645.3894577248245,128.908046841641,645.3470313180107,128.9080468416606,645.1894577240428,128.7504732483639,645.147031317172,128.7504732484431,644.9894577248828,128.908046841396,644.947031317957,128.9080468414171,644.7894577251878,128.7504732484199,644.7470313183267,128.7504732483814,644.5894577247789,128.9080468415295,644.5470313179032,128.908046841483,644.3894577252712,128.7504732484272,644.3470313184112,128.7504732483721,644.2142495535975,128.883255012717,644.1930363501992,128.8920418092439,644.0009653008588,128.8920418092439,643.9709653008588,128.8620418092438,643.9709653008588,128.7123971297832,643.9797520974142,128.6911839263564,644.0913206398855,128.5796153837928,644.0913206399342,128.5371889769004,643.9337470466536,128.3796153838985,643.9337470466266,128.3371889770853,644.0913206399207,128.1796153831347,644.0913206398602,128.1371889762799,643.9337470468955,127.9796153837033,643.9337470468744,127.9371889767774,644.0913206398715,127.7796153842537,644.09132063991,127.7371889773926,643.933747046762,127.5796153838446,643.9337470468084,127.537188976969,644.0913206398643,127.3796153843369,644.0913206399193,127.3371889774772,643.9797520972835,127.2256204344384,643.9709653007573,127.2044072310411,643.9709653009256,127.0971889593055,644.0009653009256,127.0671889593525,644.1913206216007,127.0671889593524,644.2125338250137,127.0584021628108,644.3470313184024,126.9239046697107,644.3894577252737,126.9239046697106,644.5470313183436,127.081478262827
6,618.3815178244298,132.6684632193423,618.5390914176716,132.826036812498,618.5815178244914,132.8260368125128,618.7390914178845,132.6684632193842,618.7815178247531,132.6684632194398,618.9160153173552,132.802960712437,618.9372285208221,132.8117475090326,618.9878782504767,132.8117475090326,619.0178782504768,132.8417475090708,619.0178782503037,132.9772500522141,619.0266650468684,132.998463255688,619.1099493181109,133.0817475269301,619.1099493181109,133.1241739338012,618.9523757249816,133.2817475269316,618.9523757249822,133.3241739338031,619.1099493181162,133.4817475269269,619.1099493181207,133.5241739337941,618.9523757249762,133.6817475270208,618.9523757249892,133.7241739338955,619.1099493180789,133.8817475270961,619.1099493180797,133.9241739339842,618.9523757250311,134.0817475266045,618.9523757249767,134.1241739334718,619.109949318122,134.2817475271602,619.109949318063,134.3241739340253,619.0266650470213,134.4074582047956,619.0178782504225,134.4286714082657,619.0178782504225,134.6313921877529,618.9878782504226,134.6613921877529,617.1470203496348,134.6613921877529,617.1170203496349,134.6313921877529,617.1170203496346,132.8417475090326,617.1470203496348,132.8117475090326,617.3833807211307,132.8117475090325,617.4045939245436,132.8029607124909,617.5390914179322,132.6684632193908,617.5815178248037,132.6684632193907,617.7390914178736,132.8260368125071,617.7815178247643,132.8260368125259,617.9390914176315,132.668463219406,617.981517824514,132.668463219386,618.1390914174477,132.8260368125347,618.1815178243475,132.8260368124946,618.3390914175728,132.6684632193906
119,644.5894577252373,132.8260368125202,644.7470313181046,132.6684632194003,644.789457724987,132.6684632193803,644.9470313179207,132.8260368125291,644.9894577248207,132.826036812489,645.1470313180457,132.668463219385,645.1894577249029,132.6684632193366,645.3470313181448,132.8260368124923,645.3894577249646,132.8260368125071,645.5470313183574,132.6684632193785,645.589457725226,132.6684632194341,645.7239552178282,132.8029607124313,645.745168421295,132.8117475090269,645.896676015127,132.8117475090269,645.926676015127,132.8417475090269,645.926676015127,134.6313921877472,645.896676015127,134.6613921877472,644.0009653008619,134.6613921877473,643.970965300862,134.6313921877473,643.970965300862,134.4569556794577,643.9797520974175,134.4357424760308,644.0913206398886,134.3241739334672,644.0913206399375,134.2817475265748,643.9337470466568,134.1241739335729,643.9337470466297,134.0817475267597,644.091320639924,133.9241739328091,644.0913206398635,133.8817475259544,643.9337470468982,133.7241739333777,643.9337470468772,133.6817475264519,644.0913206398745,133.5241739339281,644.091320639913,133.481747527067,643.9337470467651,133.324173933519,643.9337470468115,133.2817475266435,644.0913206398674,133.1241739340113,644.0913206399224,133.0817475271516,643.9797520972867,132.9701789841128,643.9709653007606,132.9489657807155,643.9709653009287,132.8417475089799,644.0009653009286,132.8117475090269,644.1913206216037,132.8117475090268,644.2125338250166,132.8029607124852,644.3470313184056,132.6684632193851,644.3894577252767,132.668463219385,644.5470313183466,132.8260368125014
9,631.1854877749881,132.8260368125256,631.3430613678555,132.6684632194057,631.3854877747378,132.6684632193857,631.5430613676717,132.8260368125345,631.5854877745712,132.8260368124944,631.7430613677966,132.6684632193904,631.7854877746538,132.668463219342,631.9430613678956,132.8260368124977,631.9854877747152,132.8260368125125,632.1430613681084,132.6684632193839,632.1854877749768,132.6684632194395,632.3199852675791,132.8029607124367,632.341198471046,132.8117475090323,632.3918482007005,132.8117475090323,632.4218482007007,132.8417475090705,632.4218482005277,132.9772500522138,632.4306349970924,132.9984632556877,632.5139192683346,133.0817475269298,632.5139192683349,133.124173933801,632.3563456752054,133.2817475269313,632.3563456752061,133.3241739338028,632.51391926834,133.4817475269266,632.5139192683447,133.5241739337938,632.3563456752004,133.6817475270205,632.3563456752131,133.7241739338952,632.5139192683027,133.8817475270958,632.5139192683039,133.9241739339839,632.3563456752553,134.0817475266042,632.3563456752006,134.1241739334715,632.5139192683457,134.2817475271599,632.5139192682869,134.324173934025,632.4306349972454,134.4074582047953,632.4218482006465,134.4286714082654,632.4218482006465,134.6313921877527,632.3918482006465,134.6613921877527,630.5969953506127,134.6613921877527,630.5669953506127,134.6313921877527,630.5669953506127,134.456955679463,630.5757821471683,134.4357424760362,630.6873506896395,134.3241739334727,630.6873506896883,134.2817475265802,630.5297770964074,134.1241739335783,630.5297770963806,134.0817475267651,630.6873506896748,133.9241739328145,630.6873506896144,133.8817475259598,630.5297770966492,133.7241739333831,630.5297770966282,133.6817475264573,630.6873506896254,133.5241739339335,630.6873506896638,133.4817475270724,630.529777096516,133.3241739335244,630.5297770965624,133.2817475266488,630.6873506896183,133.1241739340167,630.6873506896732,133.081747527157,630.5757821470376,132.9701789841182,630.5669953505114,132.9489657807209,630.5669953506796,132.8417475089853,630.5969953506794,132.8117475090323,630.7873506713547,132.8117475090323,630.8085638747675,132.8029607124906,630.9430613681562,132.6684632193905,630.9854877750277,132.6684632193904,631.1430613680975,132.8260368125068
60,617.0326934024846,107.9689872421429,623.0466934024839,107.9689872421429,623.0466934024839,111.8612372421401,617.0326934024846,111.8612372421401
56,617.0326934024846,111.9412372421418,623.0466934024839,111.9412372421418,623.0466934024839,113.1912372421418,617.0326934024846,113.1912372421418
55,617.0326934024846,113.2712372421436,623.0466934024839,113.2712372421436,623.0466934024839,114.5212372421436,617.0326934024846,114.5212372421436
53,623.0466934024839,114.6012372421417,617.0326934024846,114.6012372421417,617.0326934024846,115.378670242141,618.5321934024828,117.4279872421418,618.9718731998549,117.4279872421419,618.9718731998549,115.3677165387304,621.0935889646838,115.3677165387304,621.0935889646838,117.4279872421418,621.5471934024857,117.4279872421418,623.0466934024839,115.378670242141
51,627.9133556668683,117.2613561490988,627.9557820737386,117.2613561490196,628.1133556677071,117.4189297423163,628.1557820745207,117.4189297422967,628.3133556680675,117.2613561490114,628.3557820749581,117.2613561490622,628.4885638387052,117.3941379132963,628.5097770421798,117.4029247098996,628.6630003648183,117.4029247098995,628.6930003648185,117.3729247098995,628.6930003648185,115.4577165387285,628.6630003648183,115.4277165387285,626.7212845999892,115.4277165387285,626.6912845999894,115.4577165387285,626.6912845999894,117.3729247098995,626.7212845999892,117.4029247098995,626.9593606998955,117.4029247098995,626.9805739032936,117.3941379133726,627.1133556681077,117.2613561490277,627.1557820749673,117.2613561490829,627.3133556675994,117.4189297421387,627.3557820744747,117.4189297421852,627.513355668023,117.261356149037,627.5557820748843,117.2613561490757,627.7133556676532,117.4189297420727,627.7557820745792,117.4189297420516
59,624.6921048026193,107.9689872421411,630.7061048026183,107.9689872421411,630.7061048026183,111.8612372421383,624.6921048026193,111.8612372421383
58,624.6921048026193,111.94123724214,630.7061048026183,111.94123724214,630.7061048026183,113.19123724214,624.6921048026193,113.19123724214
57,624.6921048026193,113.2712372421418,630.7061048026183,113.2712372421418,630.7061048026183,114.5212372421418,624.6921048026193,114.5212372421418
54,630.7061048026183,114.6012372421399,624.6921048026193,114.6012372421399,624.6921048026193,115.3786702421392,626.1916048026172,117.42798724214,626.6312845999896,117.4279872421401,626.6312845999896,115.3677165387286,628.7530003648185,115.3677165387286,628.7530003648185,117.42798724214,629.2066048026204,117.42798724214,630.7061048026183,115.3786702421392
66,632.3515162027537,107.9689872421411,638.365516202753,107.9689872421411,638.365516202753,111.8612372421383,632.3515162027537,111.8612372421383
67,632.3515162027537,111.94123724214,638.365516202753,111.94123724214,638.365516202753,113.19123724214,632.3515162027537,113.19123724214
68,632.3515162027537,113.2712372421418,638.365516202753,113.2712372421418,638.365516202753,114.5212372421418,632.3515162027537,114.5212372421418
71,638.365516202753,114.6012372421399,632.3515162027537,114.6012372421399,632.3515162027537,115.3786702421392,633.8510162027517,117.42798724214,634.2906960001243,117.4279872421401,634.2906960001243,115.3677165387286,636.412411764953,115.3677165387286,636.412411764953,117.42798724214,636.8660162027547,117.42798724214,638.365516202753,115.3786702421392
65,640.0109276028882,107.9689872421411,646.0249276028876,107.9689872421411,646.0249276028876,111.8612372421383,640.0109276028882,111.8612372421383
69,640.0109276028882,111.94123724214,646.0249276028876,111.94123724214,646.0249276028876,113.19123724214,640.0109276028882,113.19123724214
70,640.0109276028882,113.2712372421418,646.0249276028876,113.2712372421418,646.0249276028876,114.5212372421418,640.0109276028882,114.5212372421418
72,646.0249276028876,114.6012372421399,640.0109276028882,114.6012372421399,640.0109276028882,115.3786702421392,641.5104276028865,117.42798724214,641.9501074002587,117.4279872421401,641.9501074002587,115.3677165387286,644.0718231650876,115.3677165387286,644.0718231650876,117.42798724214,644.5254276028895,117.42798724214,646.0249276028876,115.3786702421392
4,621.1130864395284,134.2817475265804,620.9555128462475,134.1241739335785,620.9555128462207,134.0817475267654,621.1130864395149,133.9241739328148,621.1130864394545,133.88174752596,620.9555128464895,133.7241739333833,620.9555128464683,133.6817475264575,621.1130864394654,133.5241739339338,621.113086439504,133.4817475270726,620.9555128463556,133.3241739335246,620.9555128464025,133.2817475266491,621.1130864394582,133.1241739340169,621.1130864395133,133.0817475271572,621.0015178968775,132.9701789841184,620.9927311003516,132.9489657807211,620.992731100758,132.6896764227792,621.0227311007579,132.6596764228263,622.8175839507346,132.6596764228263,622.8475839507344,132.6896764228645,622.8475839503678,132.9772500522141,622.8563707469325,132.998463255688,622.9396550181747,133.08174752693,622.939655018175,133.1241739338012,622.7820814250454,133.2817475269315,622.782081425046,133.324173933803,622.93965501818,133.4817475269268,622.9396550181848,133.5241739337941,622.7820814250402,133.6817475270207,622.7820814250531,133.7241739338954,622.9396550181427,133.881747527096,622.9396550181438,133.9241739339842,622.782081425095,134.0817475266044,622.7820814250407,134.1241739334717,622.939655018186,134.2817475271601,622.9396550181269,134.3241739340252,622.8563707470855,134.4074582047955,622.8475839504865,134.4286714082657,622.8475839504865,134.6313921877529,622.8175839504866,134.6613921877529,622.7724368005182,134.6613921877529,622.7124368005184,134.6613921877529,621.0227311004526,134.6613921877529,620.9927311004527,134.6313921877529,620.9927311004527,134.4569556794632,621.0015178970084,134.4357424760365,621.1130864394795,134.3241739334729
116,631.1846299107227,130.9111839626343,631.3422035035902,130.7536103695144,631.3846299104727,130.7536103694943,631.5422035034064,130.9111839626431,631.584629910306,130.911183962603,631.7422035035312,130.753610369499,631.7846299103885,130.7536103694506,631.9422035036303,130.9111839626064,631.9846299104503,130.9111839626212,632.142203503843,130.7536103694925,632.1846299107114,130.7536103695481,632.3191274033139,130.8881078625454,632.3403406067807,130.8968946591409,632.4918482006125,130.8968946591409,632.5218482006127,130.9268946591409,632.5218482006127,132.6917475090322,632.4918482006125,132.7217475090323,632.3386248779724,132.7217475090323,632.3174116744977,132.7129607124291,632.1846299107503,132.5801789481949,632.1422035038598,132.5801789481442,631.9846299103133,132.7377525414295,631.9422035034995,132.7377525414491,631.7846299095313,132.5801789481523,631.7422035026607,132.5801789482315,631.5846299103715,132.7377525411844,631.5422035034456,132.7377525412055,631.3846299106764,132.5801789482085,631.3422035038154,132.5801789481698,631.1846299102674,132.7377525413179,631.1422035033919,132.7377525412715,630.9846299107597,132.5801789482157,630.9422035039001,132.5801789481605,630.809421739086,132.7129607125054,630.7882085356879,132.7217475090323,630.5501324357817,132.7217475090323,630.5201324357816,132.6917475090323,630.5201324357816,130.926894659141,630.5501324357817,130.8968946591409,630.7864928070894,130.8968946591409,630.8077060105022,130.8881078625993,630.942203503891,130.7536103694991,630.9846299107622,130.7536103694991,631.142203503832,130.9111839626155
10,631.1846299107227,128.9963311127429,631.3422035035902,128.838757519623,631.3846299104727,128.838757519603,631.5422035034064,128.9963311127517,631.584629910306,128.9963311127116,631.7422035035312,128.8387575196076,631.7846299103885,128.8387575195592,631.9422035036303,128.996331112715,631.9846299104503,128.9963311127298,632.142203503843,128.8387575196011,632.1846299107114,128.8387575196567,632.3191274033139,128.973255012654,632.3403406067807,128.9820418092495,632.4918482006125,128.9820418092495,632.5218482006127,129.0120418092495,632.5218482006127,130.7768946591409,632.4918482006125,130.8068946591409,632.3386248779724,130.8068946591409,632.3174116744977,130.7981078625377,632.1846299107503,130.6653260983035,632.1422035038598,130.6653260982528,631.9846299103133,130.8228996915381,631.9422035034995,130.8228996915577,631.7846299095313,130.665326098261,631.7422035026607,130.6653260983401,631.5846299103715,130.8228996912931,631.5422035034456,130.8228996913141,631.3846299106764,130.6653260983171,631.3422035038154,130.6653260982785,631.1846299102674,130.8228996914265,631.1422035033919,130.8228996913801,630.9846299107597,130.6653260983243,630.9422035039001,130.6653260982691,630.809421739086,130.798107862614,630.7882085356879,130.8068946591409,630.5501324357817,130.8068946591409,630.5201324357816,130.7768946591409,630.5201324357816,129.0120418092496,630.5501324357817,128.9820418092496,630.7864928070894,128.9820418092495,630.8077060105022,128.9732550127079,630.942203503891,128.8387575196077,630.9846299107622,128.8387575196077,631.142203503832,128.9963311127241
17,619.6963706747952,127.0814782628511,619.8539442676627,126.9239046697311,619.8963706745453,126.9239046697111,620.0539442674788,127.0814782628599,620.0963706743786,127.0814782628198,620.2539442676037,126.9239046697158,620.296370674461,126.9239046696674,620.4539442677027,127.0814782628232,620.4963706745228,127.0814782628379,620.6539442679156,126.9239046697093,620.6963706747842,126.9239046697649,620.8308681673866,127.0584021627621,620.8520813708532,127.0671889593577,620.9027311005079,127.0671889593577,620.9327311005079,127.097188959396,620.9327311003351,127.2326915025393,620.9415178968995,127.2539047060132,621.0248021681421,127.3371889772552,621.0248021681421,127.3796153841264,620.8672285750127,127.5371889772567,620.8672285750132,127.5796153841282,621.0248021681472,127.737188977252,621.0248021681517,127.7796153841193,620.8672285750075,127.9371889773459,620.8672285750202,127.9796153842206,621.02480216811,128.1371889774212,621.0248021681109,128.1796153843094,620.8672285750622,128.3371889769296,620.8672285750081,128.3796153837969,621.0248021681532,128.5371889774853,621.0248021680939,128.5796153843504,620.9415178970524,128.6628996551207,620.9327311004536,128.6841128585908,620.9327311004536,128.8868336380781,620.9027311004537,128.9168336380781,619.1078782504197,128.9168336380781,619.0778782504199,128.8868336380781,619.0778782504199,128.7123971297885,619.0866650469756,128.6911839263617,619.1982335894468,128.5796153837981,619.1982335894954,128.5371889769056,619.0406599962147,128.3796153839037,619.0406599961877,128.3371889770906,619.1982335894821,128.17961538314,619.1982335894214,128.1371889762852,619.0406599964567,127.9796153837085,619.0406599964354,127.9371889767827,619.1982335894326,127.7796153842589,619.1982335894713,127.7371889773978,619.0406599963233,127.5796153838498,619.0406599963696,127.5371889769743,619.1982335894254,127.3796153843421,619.1982335894805,127.3371889774824,619.0866650468448,127.2256204344436,619.0778782503188,127.2044072310463,619.0778782504867,127.0971889593107,619.1078782504868,127.0671889593577,619.298233571162,127.0671889593577,619.3194467745747,127.058402162816,619.4539442679634,126.9239046697159,619.4963706748349,126.9239046697158,619.6539442679046,127.0814782628322
11,629.2706349249554,127.0814782628509,629.4282085178227,126.923904669731,629.4706349247051,126.9239046697109,629.6282085176387,127.0814782628597,629.6706349245387,127.0814782628196,629.8282085177638,126.9239046697156,629.8706349246208,126.9239046696672,630.0282085178628,127.081478262823,630.0706349246827,127.0814782628378,630.2282085180756,126.9239046697092,630.2706349249441,126.9239046697647,630.4051324175465,127.058402162762,630.4263456210133,127.0671889593575,630.4769953506677,127.0671889593575,630.5069953506679,127.0971889593958,630.5069953504951,127.2326915025391,630.5157821470594,127.253904706013,630.599066418302,127.337188977255,630.5990664183021,127.3796153841262,630.4414928251729,127.5371889772566,630.441492825173,127.579615384128,630.599066418307,127.7371889772519,630.5990664183117,127.7796153841191,630.4414928251674,127.9371889773458,630.4414928251801,127.9796153842204,630.59906641827,128.1371889774211,630.5990664182709,128.1796153843092,630.4414928252222,128.3371889769295,630.441492825168,128.3796153837967,630.5990664183132,128.537188977485,630.5990664182541,128.5796153843502,630.5157821472126,128.6628996551205,630.5069953506134,128.6841128585907,630.5069953506134,128.8868336380779,630.4769953506136,128.9168336380779,628.6821425005797,128.9168336380779,628.6521425005799,128.8868336380779,628.6521425005799,128.7123971297883,628.6609292971355,128.6911839263615,628.7724978396068,128.5796153837979,628.7724978396552,128.5371889769054,628.6149242463745,128.3796153839035,628.614924246348,128.3371889770904,628.772497839642,128.1796153831398,628.7724978395815,128.137188976285,628.6149242466166,127.9796153837084,628.6149242465953,127.9371889767825,628.7724978395925,127.7796153842588,628.7724978396311,127.7371889773976,628.6149242464832,127.5796153838496,628.6149242465297,127.5371889769741,628.7724978395853,127.379615384342,628.7724978396406,127.3371889774823,628.6609292970048,127.2256204344434,628.6521425004787,127.2044072310462,628.6521425006467,127.0971889593105,628.6821425006467,127.0671889593576,628.8724978213219,127.0671889593575,628.8937110247347,127.0584021628159,629.0282085181236,126.9239046697157,629.0706349249947,126.9239046697157,629.2282085180645,127.0814782628321
13,627.3557820749116,127.08147825985,627.513355667779,126.9239046667301,627.5557820746614,126.9239046667101,627.7133556675952,127.0814782598588,627.755782074495,127.0814782598187,627.9133556677201,126.9239046667147,627.9557820745774,126.9239046666664,628.1133556678192,127.0814782598221,628.1557820746391,127.0814782598369,628.313355668032,126.9239046667083,628.3557820749006,126.9239046667639,628.4902795675027,127.0584021597611,628.5114927709697,127.0671889563566,628.5621425006241,127.0671889563566,628.5921425006242,127.0971889563949,628.5921425004515,127.2326914995382,628.6009292970158,127.253904703012,628.6842135682583,127.3371889742541,628.6842135682583,127.3796153811253,628.5266399751292,127.5371889742556,628.5266399751296,127.579615381127,628.6842135682635,127.737188974251,628.6842135682682,127.7796153811182,628.5266399751239,127.9371889743449,628.5266399751367,127.9796153812195,628.6842135682263,128.1371889744202,628.6842135682274,128.1796153813083,628.5266399751788,128.3371889739286,628.5266399751242,128.3796153807958,628.6842135682697,128.5371889744842,628.6842135682102,128.5796153813493,628.6009292971689,128.6628996521196,628.59214250057,128.6841128555898,628.59214250057,128.886833635077,628.5621425005698,128.916833635077,626.7672896505363,128.916833635077,626.7372896505364,128.886833635077,626.7372896505364,128.7123971267874,626.7460764470919,128.6911839233606,626.8576449895631,128.579615380797,626.8576449896117,128.5371889739045,626.700071396331,128.3796153809027,626.7000713963042,128.3371889740895,626.8576449895983,128.1796153801389,626.8576449895379,128.1371889732841,626.7000713965731,127.9796153807075,626.700071396552,127.9371889737816,626.857644989549,127.7796153812579,626.8576449895874,127.7371889743967,626.7000713964396,127.5796153808487,626.700071396486,127.5371889739732,626.8576449895418,127.3796153813411,626.857644989597,127.3371889744814,626.7460764469611,127.2256204314425,626.737289650435,127.2044072280453,626.7372896506031,127.0971889563097,626.767289650603,127.0671889563567,626.9576449712782,127.0671889563566,626.9788581746911,127.058402159815,627.1133556680799,126.9239046667148,627.1557820749513,126.9239046667147,627.3133556680211,127.0814782598312
14,625.4409292248681,127.0814782598516,625.5985028177355,126.9239046667317,625.640929224618,126.9239046667117,625.7985028175517,127.0814782598605,625.8409292244512,127.0814782598204,625.9985028176766,126.9239046667164,626.0409292245338,126.923904666668,626.1985028177755,127.0814782598237,626.2409292245952,127.0814782598385,626.3985028179884,126.9239046667099,626.4409292248569,126.9239046667655,626.5754267174592,127.0584021597627,626.596639920926,127.0671889563583,626.6472896505805,127.0671889563583,626.6772896505806,127.0971889563965,626.6772896504077,127.2326914995398,626.6860764469724,127.2539047030138,626.7693607182146,127.3371889742558,626.7693607182149,127.379615381127,626.6117871250854,127.5371889742573,626.611787125086,127.5796153811288,626.76936071822,127.7371889742526,626.7693607182247,127.7796153811198,626.6117871250802,127.9371889743465,626.6117871250932,127.9796153812212,626.7693607181826,128.1371889744218,626.7693607181837,128.17961538131,626.6117871251352,128.3371889739302,626.6117871250806,128.3796153807975,626.7693607182258,128.5371889744859,626.7693607181669,128.579615381351,626.6860764471252,128.6628996521213,626.6772896505265,128.6841128555915,626.6772896505265,128.8868336350787,626.6472896505265,128.9168336350787,624.8524368004928,128.9168336350787,624.8224368004928,128.8868336350787,624.8224368004928,128.7123971267891,624.8312235970484,128.6911839233623,624.9427921395195,128.5796153807987,624.9427921395684,128.5371889739062,624.7852185462875,128.3796153809042,624.7852185462607,128.3371889740912,624.9427921395549,128.1796153801406,624.9427921394944,128.1371889732858,624.7852185465291,127.9796153807091,624.7852185465083,127.9371889737833,624.9427921395054,127.7796153812595,624.9427921395438,127.7371889743984,624.7852185463958,127.5796153808504,624.7852185464424,127.5371889739749,624.9427921394982,127.3796153813427,624.9427921395533,127.337188974483,624.8312235969177,127.2256204314442,624.8224368003914,127.2044072280469,624.8224368005593,127.0971889563113,624.8524368005594,127.0671889563583,625.0427921212347,127.0671889563583,625.0640053246475,127.0584021598166,625.1985028180362,126.9239046667165,625.2409292249076,126.9239046667164,625.3985028179775,127.0814782598328
15,623.5260763748246,127.0814782538482,623.6836499676917,126.9239046607283,623.7260763745744,126.9239046607083,623.883649967508,127.081478253857,623.9260763744079,127.0814782538169,624.0836499676329,126.9239046607129,624.1260763744903,126.9239046606646,624.283649967732,127.0814782538203,624.3260763745517,127.0814782538351,624.4836499679449,126.9239046607065,624.5260763748132,126.9239046607621,624.6605738674158,127.0584021537593,624.6817870708825,127.0671889503548,624.7324368005371,127.0671889503548,624.7624368005371,127.0971889503931,624.7624368003644,127.2326914935364,624.7712235969287,127.2539046970103,624.8545078681711,127.3371889682523,624.8545078681713,127.3796153751235,624.696934275042,127.5371889682539,624.6969342750424,127.5796153751253,624.8545078681764,127.7371889682492,624.8545078681811,127.7796153751164,624.6969342750368,127.937188968343,624.6969342750493,127.9796153752177,624.8545078681392,128.1371889684184,624.8545078681402,128.1796153753065,624.6969342750915,128.3371889679268,624.6969342750372,128.379615374794,624.854507868182,128.5371889684824,624.8545078681233,128.5796153753475,624.7712235970816,128.6628996461178,624.7624368004826,128.684112849588,624.7624368004826,128.8868336290752,624.7324368004829,128.9168336290752,622.9375839504492,128.9168336290752,622.9075839504491,128.8868336290752,622.9075839504491,128.7123971207856,622.9163707470047,128.6911839173588,623.0279392894757,128.5796153747952,623.0279392895247,128.5371889679027,622.8703656962437,128.3796153749009,622.8703656962172,128.3371889680877,623.0279392895112,128.1796153741371,623.0279392894507,128.1371889672823,622.8703656964857,127.9796153747057,622.8703656964647,127.9371889677798,623.0279392894618,127.7796153752561,623.0279392895003,127.7371889683949,622.8703656963522,127.5796153748469,622.8703656963987,127.5371889679714,623.0279392894547,127.3796153753393,623.0279392895097,127.3371889684796,622.916370746874,127.2256204254407,622.9075839503479,127.2044072220435,622.907583950516,127.0971889503079,622.9375839505157,127.0671889503549,623.127939271191,127.0671889503548,623.1491524746037,127.0584021538132,623.2836499679929,126.923904660713,623.3260763748639,126.9239046607129,623.4836499679337,127.0814782538294
16,621.611223524781,127.0814782538498,621.7687971176482,126.9239046607299,621.8112235245306,126.9239046607099,621.9687971174644,127.0814782538587,622.0112235243643,127.0814782538186,622.1687971175892,126.9239046607146,622.2112235244467,126.9239046606662,622.3687971176882,127.0814782538219,622.4112235245082,127.0814782538367,622.5687971179012,126.9239046607081,622.6112235247699,126.9239046607637,622.7457210173721,127.0584021537609,622.7669342208387,127.0671889503565,622.8175839504936,127.0671889503565,622.8475839504936,127.0971889503947,622.8475839503207,127.232691493538,622.856370746885,127.253904697012,622.9396550181276,127.337188968254,622.9396550181277,127.3796153751252,622.7820814249985,127.5371889682555,622.7820814249988,127.579615375127,622.9396550181327,127.7371889682508,622.9396550181375,127.7796153751181,622.782081424993,127.9371889683447,622.7820814250057,127.9796153752194,622.9396550180958,128.13718896842,622.9396550180966,128.1796153753081,622.7820814250477,128.3371889679284,622.7820814249936,128.3796153747957,622.9396550181388,128.5371889684841,622.9396550180797,128.5796153753492,622.8563707470382,128.6628996461195,622.8475839504392,128.6841128495896,622.8475839504392,128.8868336290768,622.8175839504391,128.9168336290769,621.0227311004055,128.9168336290769,620.9927311004055,128.8868336290768,620.9927311004055,128.7123971207873,621.001517896961,128.6911839173605,621.1130864394322,128.5796153747969,621.1130864394808,128.5371889679044,620.9555128462002,128.3796153749025,620.9555128461736,128.3371889680894,621.1130864394675,128.1796153741388,621.1130864394069,128.137188967284,620.9555128464423,127.9796153747073,620.9555128464212,127.9371889677815,621.1130864394182,127.7796153752577,621.1130864394568,127.7371889683966,620.9555128463087,127.5796153748486,620.9555128463553,127.5371889679731,621.113086439411,127.3796153753409,621.1130864394662,127.3371889684812,621.0015178968303,127.2256204254424,620.9927311003042,127.2044072220451,620.9927311004722,127.0971889503095,621.0227311004722,127.0671889503565,621.2130864211474,127.0671889503565,621.2342996245602,127.0584021538148,621.3687971179492,126.9239046607147,621.4112235248203,126.9239046607146,621.56879711789,127.081478253831
114,633.1003406250308,127.0814782628486,633.2579142178981,126.9239046697287,633.3003406247806,126.9239046697087,633.4579142177142,127.0814782628574,633.5003406246141,127.0814782628173,633.6579142178393,126.9239046697133,633.7003406246965,126.923904669665,633.8579142179383,127.0814782628207,633.9003406247582,127.0814782628355,634.057914218151,126.9239046697069,634.1003406250197,126.9239046697625,634.2348381176218,127.0584021627597,634.2560513210886,127.0671889593552,634.3067010507434,127.0671889593552,634.3367010507432,127.0971889593935,634.3367010505706,127.2326915025368,634.345487847135,127.2539047060107,634.4287721183775,127.3371889772528,634.4287721183775,127.3796153841239,634.2711985252482,127.5371889772543,634.2711985252487,127.5796153841257,634.4287721183827,127.7371889772496,634.4287721183872,127.7796153841168,634.271198525243,127.9371889773435,634.2711985252557,127.9796153842182,634.4287721183453,128.1371889774188,634.4287721183465,128.1796153843069,634.2711985252978,128.3371889769272,634.2711985252434,128.3796153837945,634.4287721183888,128.5371889774828,634.4287721183294,128.5796153843479,634.3454878472879,128.6628996551183,634.3367010506892,128.6841128585884,634.3367010506892,128.8868336380756,634.306701050689,128.9168336380756,632.5118482006551,128.9168336380756,632.4818482006555,128.8868336380756,632.4818482006555,128.712397129786,632.490634997211,128.6911839263592,632.6022035396823,128.5796153837956,632.602203539731,128.5371889769031,632.4446299464502,128.3796153839013,632.4446299464232,128.3371889770881,632.6022035397175,128.1796153831375,632.602203539657,128.1371889762827,632.4446299466923,127.9796153837061,632.4446299466708,127.9371889767802,632.6022035396682,127.7796153842565,632.6022035397066,127.7371889773954,632.4446299465587,127.5796153838474,632.4446299466051,127.5371889769718,632.6022035396609,127.3796153843397,632.6022035397161,127.33718897748,632.4906349970802,127.2256204344412,632.481848200554,127.2044072310439,632.4818482007223,127.0971889593083,632.511848200722,127.0671889593553,632.7022035213975,127.0671889593552,632.7234167248102,127.0584021628136,632.8579142181991,126.9239046697135,632.9003406250704,126.9239046697134,633.0579142181402,127.0814782628298
108,642.6746048751907,127.0814782628485,642.8321784680581,126.9239046697285,642.8746048749402,126.9239046697085,643.0321784678742,127.0814782628573,643.0746048747741,127.0814782628172,643.2321784679992,126.9239046697132,643.2746048748563,126.9239046696648,643.4321784680982,127.0814782628205,643.4746048749182,127.0814782628353,643.632178468311,126.9239046697067,643.6746048751797,126.9239046697623,643.8091023677817,127.0584021627595,643.8303155712487,127.0671889593551,643.8809653009034,127.0671889593551,643.9109653009032,127.0971889593933,643.9109653007306,127.2326915025366,643.919752097295,127.2539047060105,644.0030363685372,127.3371889772526,644.0030363685376,127.3796153841238,643.8454627754082,127.5371889772541,643.8454627754087,127.5796153841256,644.0030363685426,127.7371889772494,644.0030363685472,127.7796153841166,643.8454627754029,127.9371889773433,643.8454627754157,127.979615384218,644.0030363685051,128.1371889774186,644.0030363685064,128.1796153843067,643.8454627754578,128.337188976927,643.8454627754032,128.3796153837943,644.0030363685487,128.5371889774827,644.0030363684895,128.5796153843478,643.9197520974479,128.6628996551181,643.910965300849,128.6841128585882,643.910965300849,128.8868336380754,643.8809653008489,128.9168336380755,642.0861124508152,128.9168336380755,642.0561124508154,128.8868336380754,642.0561124508154,128.7123971297859,642.0648992473709,128.6911839263591,642.1764677898421,128.5796153837955,642.1764677898909,128.537188976903,642.0188941966102,128.3796153839011,642.0188941965833,128.3371889770879,642.1764677898774,128.1796153831374,642.176467789817,128.1371889762825,642.0188941968521,127.9796153837059,642.018894196831,127.9371889767801,642.176467789828,127.7796153842563,642.1764677898663,127.7371889773952,642.0188941967186,127.5796153838472,642.0188941967651,127.5371889769717,642.1764677898209,127.3796153843395,642.176467789876,127.3371889774798,642.0648992472401,127.225620434441,642.056112450714,127.2044072310437,642.0561124508822,127.0971889593081,642.0861124508823,127.0671889593551,642.2764677715572,127.067188959355,642.2976809749701,127.0584021628134,642.432178468359,126.9239046697133,642.4746048752303,126.9239046697132,642.6321784683001,127.0814782628296
109,640.7597520251472,127.0814782598476,640.9173256180145,126.9239046667276,640.959752024897,126.9239046667076,641.1173256178307,127.0814782598564,641.1597520247306,127.0814782598163,641.3173256179558,126.9239046667123,641.3597520248129,126.9239046666639,641.5173256180547,127.0814782598197,641.5597520248743,127.0814782598344,641.7173256182675,126.9239046667058,641.7597520251359,126.9239046667614,641.8942495177382,127.0584021597586,641.9154627212051,127.0671889563542,641.9661124508597,127.0671889563542,641.9961124508598,127.0971889563925,641.9961124506867,127.2326914995357,642.0048992472514,127.2539047030097,642.0881835184939,127.3371889742517,642.0881835184939,127.3796153811229,641.9306099253645,127.5371889742532,641.9306099253653,127.5796153811247,642.0881835184991,127.7371889742485,642.0881835185037,127.7796153811157,641.9306099253592,127.9371889743424,641.9306099253722,127.9796153812171,642.0881835184617,128.1371889744177,642.0881835184628,128.1796153813059,641.930609925414,128.3371889739262,641.9306099253599,128.3796153807934,642.088183518505,128.5371889744818,642.0881835184459,128.5796153813469,642.0048992474042,128.6628996521172,641.9961124508055,128.6841128555874,641.9961124508055,128.8868336350746,641.9661124508056,128.9168336350746,640.1712596007716,128.9168336350746,640.1412596007717,128.8868336350746,640.1412596007717,128.712397126785,640.1500463973274,128.6911839233582,640.2616149397986,128.5796153807946,640.2616149398474,128.5371889739021,640.1040413465666,128.3796153809002,640.1040413465397,128.3371889740871,640.261614939834,128.1796153801365,640.2616149397734,128.1371889732817,640.1040413468083,127.979615380705,640.1040413467873,127.9371889737792,640.2616149397845,127.7796153812554,640.2616149398228,127.7371889743943,640.1040413466751,127.5796153808463,640.1040413467215,127.5371889739708,640.2616149397772,127.3796153813386,640.2616149398324,127.3371889744789,640.1500463971967,127.2256204314401,640.1412596006704,127.2044072280428,640.1412596008383,127.0971889563072,640.1712596008384,127.0671889563542,640.3616149215137,127.0671889563542,640.3828281249266,127.0584021598125,640.5173256183152,126.9239046667124,640.5597520251868,126.9239046667123,640.7173256182566,127.0814782598288
110,638.8448991751036,127.0814782598492,639.0024727679707,126.9239046667293,639.0448991748534,126.9239046667093,639.202472767787,127.081478259858,639.2448991746869,127.0814782598179,639.402472767912,126.9239046667139,639.4448991747691,126.9239046666656,639.602472768011,127.0814782598213,639.6448991748307,127.0814782598361,639.8024727682239,126.9239046667075,639.8448991750925,126.9239046667631,639.9793966676948,127.0584021597603,640.0006098711615,127.0671889563558,640.0512596008161,127.0671889563558,640.0812596008161,127.0971889563941,640.0812596006434,127.2326914995374,640.0900463972077,127.2539047030113,640.1733306684501,127.3371889742533,640.1733306684501,127.3796153811245,640.0157570753211,127.5371889742549,640.0157570753215,127.5796153811263,640.1733306684555,127.7371889742502,640.1733306684602,127.7796153811174,640.0157570753158,127.9371889743441,640.0157570753285,127.9796153812187,640.1733306684183,128.1371889744194,640.1733306684192,128.1796153813075,640.0157570753706,128.3371889739278,640.0157570753163,128.3796153807951,640.1733306684612,128.5371889744834,640.1733306684024,128.5796153813485,640.0900463973608,128.6628996521189,640.081259600762,128.684112855589,640.081259600762,128.8868336350762,640.051259600762,128.9168336350762,638.2564067507282,128.9168336350762,638.2264067507281,128.8868336350762,638.2264067507281,128.7123971267866,638.2351935472838,128.6911839233598,638.3467620897547,128.5796153807962,638.3467620898037,128.5371889739037,638.189188496523,128.3796153809019,638.1891884964963,128.3371889740887,638.3467620897902,128.1796153801381,638.3467620897297,128.1371889732833,638.1891884967649,127.9796153807067,638.1891884967437,127.9371889737808,638.3467620897407,127.7796153812571,638.3467620897795,127.7371889743959,638.1891884966312,127.5796153808479,638.1891884966777,127.5371889739724,638.3467620897337,127.3796153813403,638.3467620897889,127.3371889744806,638.2351935471531,127.2256204314417,638.226406750627,127.2044072280445,638.226406750795,127.0971889563089,638.2564067507948,127.0671889563559,638.44676207147,127.0671889563558,638.4679752748827,127.0584021598142,638.6024727682716,126.923904666714,638.6448991751429,126.923904666714,638.8024727682127,127.0814782598304
111,636.9300463250598,127.0814782538458,637.0876199179274,126.9239046607258,637.1300463248099,126.9239046607058,637.2876199177435,127.0814782538546,637.3300463246431,127.0814782538145,637.4876199178682,126.9239046607105,637.5300463247257,126.9239046606621,637.6876199179673,127.0814782538179,637.7300463247872,127.0814782538326,637.8876199181802,126.923904660704,637.9300463250489,126.9239046607596,638.0645438176512,127.0584021537568,638.0857570211177,127.0671889503524,638.1364067507726,127.0671889503524,638.1664067507726,127.0971889503907,638.1664067505997,127.232691493534,638.175193547164,127.2539046970079,638.2584778184066,127.3371889682499,638.2584778184067,127.3796153751211,638.1009042252775,127.5371889682514,638.1009042252776,127.5796153751229,638.2584778184117,127.7371889682467,638.2584778184166,127.7796153751139,638.1009042252721,127.9371889683406,638.1009042252847,127.9796153752153,638.2584778183748,128.1371889684159,638.2584778183757,128.1796153753041,638.1009042253269,128.3371889679242,638.1009042252726,128.3796153747916,638.2584778184178,128.53718896848,638.2584778183589,128.5796153753451,638.1751935473172,128.6628996461154,638.1664067507182,128.6841128495856,638.1664067507182,128.8868336290728,638.1364067507184,128.9168336290728,636.3415539006846,128.9168336290728,636.3115539006845,128.8868336290728,636.3115539006845,128.7123971207831,636.3203406972402,128.6911839173564,636.4319092397112,128.5796153747928,636.4319092397603,128.5371889679003,636.2743356464792,128.3796153748984,636.2743356464526,128.3371889680853,636.4319092397468,128.1796153741347,636.4319092396863,128.1371889672799,636.2743356467213,127.9796153747032,636.2743356467003,127.9371889677774,636.4319092396972,127.7796153752536,636.4319092397359,127.7371889683925,636.2743356465877,127.5796153748445,636.274335646634,127.537188967969,636.43190923969,127.3796153753368,636.4319092397452,127.3371889684771,636.3203406971095,127.2256204254383,636.3115539005835,127.204407222041,636.3115539007515,127.0971889503054,636.3415539007513,127.0671889503524,636.5319092214264,127.0671889503524,636.5531224248392,127.0584021538107,636.6876199182284,126.9239046607106,636.7300463250995,126.9239046607105,636.887619918169,127.081478253827
112,635.0151934750165,127.0814782538474,635.1727670678838,126.9239046607275,635.2151934747662,126.9239046607075,635.3727670676999,127.0814782538562,635.4151934745997,127.0814782538161,635.5727670678247,126.9239046607121,635.6151934746821,126.9239046606638,635.7727670679237,127.0814782538195,635.8151934747438,127.0814782538343,635.9727670681365,126.9239046607057,636.0151934750054,126.9239046607613,636.1496909676076,127.0584021537585,636.1709041710744,127.067188950354,636.2215539007292,127.067188950354,636.2515539007289,127.0971889503923,636.2515539005562,127.2326914935356,636.2603406971206,127.2539046970095,636.3436249683631,127.3371889682515,636.3436249683632,127.3796153751227,636.186051375234,127.5371889682531,636.1860513752342,127.5796153751245,636.3436249683681,127.7371889682484,636.3436249683728,127.7796153751156,636.1860513752285,127.9371889683423,636.1860513752414,127.9796153752169,636.3436249683311,128.1371889684175,636.3436249683319,128.1796153753057,636.1860513752832,128.337188967926,636.1860513752291,128.3796153747932,636.3436249683742,128.5371889684816,636.3436249683152,128.5796153753467,636.2603406972737,128.6628996461171,636.2515539006746,128.6841128495872,636.2515539006746,128.8868336290744,636.2215539006747,128.9168336290744,634.426701050641,128.9168336290744,634.396701050641,128.8868336290744,634.396701050641,128.7123971207848,634.4054878471967,128.691183917358,634.5170563896677,128.5796153747944,634.5170563897163,128.5371889679019,634.3594827964358,128.3796153749001,634.3594827964091,128.3371889680869,634.517056389703,128.1796153741363,634.5170563896426,128.1371889672815,634.3594827966778,127.9796153747049,634.3594827966567,127.937188967779,634.5170563896536,127.7796153752553,634.5170563896922,127.7371889683941,634.3594827965443,127.5796153748461,634.3594827965907,127.5371889679706,634.5170563896465,127.3796153753385,634.5170563897015,127.3371889684788,634.4054878470657,127.2256204254399,634.3967010505398,127.2044072220427,634.3967010507077,127.0971889503071,634.4267010507078,127.0671889503541,634.617056371383,127.067188950354,634.6382695747958,127.0584021538124,634.7727670681847,126.9239046607122,634.8151934750558,126.9239046607122,634.9727670681257,127.0814782538286
118,644.589457725237,130.9111839626288,644.7470313181042,130.7536103695089,644.7894577249868,130.7536103694889,644.9470313179205,130.9111839626377,644.9894577248202,130.9111839625975,645.1470313180455,130.7536103694936,645.1894577249027,130.7536103694452,645.3470313181441,130.9111839626009,645.3894577249642,130.9111839626157,645.5470313183572,130.7536103694871,645.5894577252259,130.7536103695427,645.7239552178282,130.8881078625399,645.7451684212948,130.8968946591354,645.8966760151266,130.8968946591354,645.9266760151266,130.9268946591355,645.9266760151266,132.6917475090268,645.8966760151266,132.7217475090268,645.7434526924862,132.7217475090269,645.7222394890118,132.7129607124235,645.5894577252648,132.5801789481895,645.5470313183741,132.5801789481388,645.3894577248274,132.7377525414241,645.3470313180138,132.7377525414437,645.1894577240453,132.5801789481469,645.1470313171747,132.5801789482261,644.9894577248858,132.737752541179,644.94703131796,132.7377525412001,644.7894577251907,132.580178948203,644.7470313183296,132.5801789481644,644.5894577247814,132.7377525413125,644.547031317906,132.737752541266,644.3894577252739,132.5801789482102,644.3470313184142,132.5801789481551,644.2142495536002,132.7129607125,644.1930363502023,132.7217475090269,643.9549602502957,132.7217475090269,643.9249602502957,132.6917475090269,643.9249602502957,130.9268946591355,643.9549602502957,130.8968946591354,644.1913206216034,130.8968946591354,644.2125338250164,130.8881078625938,644.3470313184052,130.7536103694937,644.3894577252765,130.7536103694936,644.5470313183464,130.91118396261
113,644.589457725237,128.9963311127374,644.7470313181042,128.8387575196175,644.7894577249868,128.8387575195975,644.9470313179205,128.9963311127463,644.9894577248202,128.9963311127061,645.1470313180455,128.8387575196022,645.1894577249027,128.8387575195538,645.3470313181441,128.9963311127095,645.3894577249642,128.9963311127243,645.5470313183572,128.8387575195957,645.5894577252259,128.8387575196513,645.7239552178282,128.9732550126485,645.7451684212948,128.982041809244,645.8966760151266,128.982041809244,645.9266760151266,129.0120418092441,645.9266760151266,130.7768946591354,645.8966760151266,130.8068946591354,645.7434526924862,130.8068946591355,645.7222394890118,130.7981078625322,645.5894577252648,130.6653260982981,645.5470313183741,130.6653260982474,645.3894577248274,130.8228996915327,645.3470313180138,130.8228996915523,645.1894577240453,130.6653260982555,645.1470313171747,130.6653260983347,644.9894577248858,130.8228996912876,644.94703131796,130.8228996913087,644.7894577251907,130.6653260983116,644.7470313183296,130.665326098273,644.5894577247814,130.8228996914211,644.547031317906,130.8228996913746,644.3894577252739,130.6653260983188,644.3470313184142,130.6653260982637,644.2142495536002,130.7981078626086,644.1930363502023,130.8068946591355,643.9549602502957,130.8068946591355,643.9249602502957,130.7768946591355,643.9249602502957,129.0120418092441,643.9549602502957,128.9820418092441,644.1913206216034,128.982041809244,644.2125338250164,128.9732550127024,644.3470313184052,128.8387575196023,644.3894577252765,128.8387575196022,644.5470313183464,128.9963311127186
7,617.781517824764,130.9111839626346,617.9390914176312,130.7536103695146,617.9815178245137,130.7536103694946,618.1390914174474,130.9111839626434,618.1815178243472,130.9111839626033,618.3390914175721,130.7536103694993,618.3815178244294,130.7536103694509,618.5390914176713,130.9111839626067,618.5815178244912,130.9111839626214,618.7390914178841,130.7536103694928,618.7815178247529,130.7536103695484,618.9160153173551,130.8881078625456,618.9372285208218,130.8968946591412,619.0887361146536,130.8968946591412,619.1187361146536,130.9268946591412,619.1187361146536,132.6917475090325,619.0887361146536,132.7217475090326,618.9355127920132,132.7217475090326,618.9142995885389,132.7129607124293,618.7815178247916,132.5801789481952,618.739091417901,132.5801789481445,618.5815178243543,132.7377525414298,618.5390914175402,132.7377525414494,618.3815178235724,132.5801789481526,618.3390914167016,132.5801789482318,618.1815178244126,132.7377525411847,618.1390914174867,132.7377525412058,617.9815178247176,132.5801789482087,617.9390914178566,132.5801789481701,617.7815178243085,132.7377525413182,617.7390914174329,132.7377525412718,617.5815178248009,132.5801789482159,617.5390914179413,132.5801789481608,617.4063096531272,132.7129607125057,617.3850964497287,132.7217475090326,617.1470203498228,132.7217475090326,617.1170203498227,132.6917475090326,617.1170203498227,130.9268946591413,617.1470203498228,130.8968946591412,617.3833807211305,130.8968946591412,617.4045939245432,130.8881078625995,617.5390914179322,130.7536103694994,617.5815178248034,130.7536103694993,617.7390914178732,130.9111839626158
12,617.781517824764,128.9963311127432,617.9390914176312,128.8387575196233,617.9815178245137,128.8387575196032,618.1390914174474,128.996331112752,618.1815178243472,128.9963311127119,618.3390914175721,128.8387575196079,618.3815178244294,128.8387575195595,618.5390914176713,128.9963311127153,618.5815178244912,128.9963311127301,618.7390914178841,128.8387575196014,618.7815178247529,128.838757519657,618.9160153173551,128.9732550126543,618.9372285208218,128.9820418092498,619.0887361146536,128.9820418092498,619.1187361146536,129.0120418092498,619.1187361146536,130.7768946591411,619.0887361146536,130.8068946591412,618.9355127920132,130.8068946591412,618.9142995885389,130.798107862538,618.7815178247916,130.6653260983038,618.739091417901,130.6653260982531,618.5815178243543,130.8228996915384,618.5390914175402,130.822899691558,618.3815178235724,130.6653260982612,618.3390914167016,130.6653260983404,618.1815178244126,130.8228996912933,618.1390914174867,130.8228996913144,617.9815178247176,130.6653260983173,617.9390914178566,130.6653260982787,617.7815178243085,130.8228996914268,617.7390914174329,130.8228996913804,617.5815178248009,130.6653260983246,617.5390914179413,130.6653260982694,617.4063096531272,130.7981078626143,617.3850964497287,130.8068946591412,617.1470203498228,130.8068946591412,617.1170203498227,130.7768946591412,617.1170203498227,129.0120418092499,617.1470203498228,128.9820418092498,617.3833807211305,128.9820418092498,617.4045939245432,128.9732550127081,617.5390914179322,128.838757519608,617.5815178248034,128.838757519608,617.7390914178732,128.9963311127244
1,628.1974368005237,134.6613921877529,626.7672896505488,134.6613921877529,626.7372896505487,134.6313921877529,626.7372896505487,134.4569556794632,626.7460764471043,134.4357424760365,626.8576449895755,134.3241739334729,626.8576449896243,134.2817475265804,626.7000713963434,134.1241739335785,626.7000713963167,134.0817475267654,626.8576449896109,133.9241739328148,626.8576449895504,133.88174752596,626.7000713965853,133.7241739333833,626.7000713965645,133.6817475264575,626.8576449895614,133.5241739339338,626.8576449895999,133.4817475270726,626.700071396452,133.3241739335246,626.7000713964985,133.2817475266491,626.857644989554,133.1241739340169,626.8576449896094,133.0817475271572,626.7460764469737,132.9701789841184,626.7372896504475,132.9489657807211,626.7372896508539,132.6896764227792,626.7672896508537,132.6596764228263,628.5621425008305,132.6596764228263,628.5921425008305,132.6896764228645,628.5921425004638,132.9772500522141,628.6009292970283,132.998463255688,628.6842135682706,133.08174752693,628.6842135682706,133.1241739338012,628.5266399751417,133.2817475269315,628.5266399751422,133.324173933803,628.684213568276,133.4817475269268,628.6842135682807,133.5241739337941,628.5266399751362,133.6817475270207,628.5266399751491,133.7241739338954,628.6842135682388,133.881747527096,628.6842135682397,133.9241739339842,628.5266399751908,134.0817475266044,628.5266399751367,134.1241739334717,628.6842135682818,134.2817475271601,628.6842135682227,134.3241739340252,628.6009292971814,134.4074582047955,628.5921425005823,134.4286714082657,628.5921425005823,134.6313921877529,628.5621425005825,134.6613921877529,628.2574368005238,134.6613921877529
117,632.5527060648765,132.8117475090323,632.5118482007114,132.8117475090323,632.5527060648765,132.8117475090323,632.5827060648764,132.7817475090322,632.5827060648764,132.689676422826,632.6127060648764,132.659676422826,634.3067010509264,132.659676422826,634.3367010509265,132.6896764228642,634.3367010505597,132.9772500522138,634.3454878471241,132.9984632556877,634.4287721183667,133.0817475269297,634.4287721183667,133.1241739338009,634.2711985252377,133.2817475269312,634.2711985252381,133.3241739338027,634.4287721183721,133.4817475269265,634.4287721183766,133.5241739337938,634.2711985252321,133.6817475270205,634.2711985252452,133.7241739338951,634.4287721183347,133.8817475270957,634.4287721183357,133.9241739339839,634.2711985252869,134.0817475266042,634.2711985252329,134.1241739334714,634.4287721183778,134.2817475271598,634.4287721183189,134.3241739340249,634.3454878472774,134.4074582047952,634.3367010506782,134.4286714082654,634.3367010506782,134.6313921877526,634.3067010506785,134.6613921877526,632.5118482006447,134.6613921877526,632.4818482006447,134.6313921877526,632.4818482006447,134.456955679463,632.4906349972002,134.4357424760362,632.6022035396715,134.3241739334726,632.6022035397202,134.2817475265801,632.4446299464396,134.1241739335782,632.4446299464128,134.0817475267651,632.6022035397069,133.9241739328145,632.6022035396462,133.8817475259597,632.4446299466814,133.724173933383,632.4446299466603,133.6817475264572,632.6022035396572,133.5241739339335,632.602203539696,133.4817475270723,632.444629946548,133.3241739335243,632.4446299465944,133.2817475266488,632.6022035396498,133.1241739340166,632.6022035397053,133.081747527157,632.4906349970696,132.9701789841181,632.4818482005435,132.9489657807208,632.4818482007115,132.8417475089852,632.5118482007114,132.8117475090323
8,630.5069953506687,132.8417475090706,630.506995350496,132.9772500522139,630.5157821470602,132.9984632556878,630.5990664183028,133.0817475269298,630.5990664183029,133.124173933801,630.4414928251737,133.2817475269314,630.4414928251737,133.3241739338028,630.5990664183076,133.4817475269266,630.5990664183126,133.5241739337939,630.4414928251682,133.6817475270206,630.441492825181,133.7241739338952,630.5990664182707,133.8817475270959,630.5990664182717,133.924173933984,630.4414928252231,134.0817475266043,630.4414928251688,134.1241739334716,630.599066418314,134.2817475271599,630.599066418255,134.324173934025,630.5157821472135,134.4074582047954,630.5069953506141,134.4286714082655,630.5069953506141,134.6313921877527,630.4769953506145,134.6613921877527,628.6821425005808,134.6613921877527,628.6521425005807,134.6313921877527,628.6521425005807,134.4569556794631,628.6609292971362,134.4357424760363,628.7724978396075,134.3241739334727,628.7724978396562,134.2817475265802,628.6149242463753,134.1241739335783,628.6149242463487,134.0817475267652,628.7724978396426,133.9241739328146,628.7724978395822,133.8817475259598,628.6149242466173,133.7241739333832,628.6149242465962,133.6817475264573,628.7724978395933,133.5241739339336,628.772497839632,133.4817475270724,628.6149242464837,133.3241739335244,628.6149242465302,133.2817475266489,628.7724978395861,133.1241739340168,628.7724978396412,133.0817475271571,628.6609292970056,132.9701789841182,628.6521425004796,132.948965780721,628.6521425008857,132.689676422779,628.6821425008862,132.6596764228261,630.4309903000487,132.6596764228487,630.4609903000486,132.6896764228487,630.4609903000486,132.7834024887802,630.483992825362,132.8125749988916
124,634.7714067507395,134.6613921877526,634.4267010506767,134.6613921877526,634.3967010506767,134.6313921877526,634.3967010506767,134.456955679463,634.4054878472323,134.4357424760362,634.5170563897035,134.3241739334726,634.5170563897522,134.2817475265801,634.3594827964714,134.1241739335782,634.3594827964448,134.0817475267651,634.5170563897387,133.9241739328145,634.5170563896783,133.8817475259597,634.3594827967135,133.724173933383,634.3594827966922,133.6817475264572,634.5170563896894,133.5241739339335,634.5170563897278,133.4817475270723,634.35948279658,133.3241739335243,634.3594827966263,133.2817475266488,634.5170563896822,133.1241739340166,634.5170563897371,133.081747527157,634.4054878471015,132.9701789841181,634.3967010505755,132.9489657807208,634.3967010509817,132.689676422779,634.4267010509817,132.659676422826,636.2215539009585,132.659676422826,636.2515539009582,132.6896764228642,636.251553900592,132.9772500522138,636.2603406971564,132.9984632556877,636.3436249683988,133.0817475269297,636.3436249683989,133.1241739338009,636.1860513752698,133.2817475269312,636.18605137527,133.3241739338027,636.343624968404,133.4817475269265,636.3436249684086,133.5241739337938,636.1860513752642,133.6817475270205,636.1860513752771,133.7241739338951,636.3436249683667,133.8817475270957,636.3436249683677,133.9241739339839,636.186051375319,134.0817475266042,636.1860513752645,134.1241739334714,636.3436249684099,134.2817475271598,636.3436249683509,134.3241739340249,636.2603406973093,134.4074582047952,636.2515539007102,134.4286714082654,636.2515539007102,134.6313921877526,636.2215539007102,134.6613921877526,634.8314067507392,134.6613921877526
3,622.9075839504846,134.6313921877529,622.9075839504846,134.4569556794632,622.9163707470404,134.4357424760365,623.0279392895113,134.3241739334729,623.0279392895604,134.2817475265804,622.8703656962795,134.1241739335785,622.8703656962527,134.0817475267654,623.027939289547,133.9241739328148,623.0279392894864,133.88174752596,622.8703656965214,133.7241739333833,622.8703656965002,133.6817475264575,623.0279392894972,133.5241739339338,623.0279392895361,133.4817475270726,622.870365696388,133.3241739335246,622.8703656964344,133.2817475266491,623.0279392894902,133.1241739340169,623.0279392895453,133.0817475271572,622.9163707469097,132.9701789841184,622.9075839503836,132.9489657807211,622.9075839507899,132.6896764227792,622.9375839507896,132.6596764228263,624.7324368007665,132.6596764228263,624.7624368007666,132.6896764228645,624.7624368003998,132.9772500522141,624.7712235969643,132.998463255688,624.8545078682068,133.08174752693,624.8545078682068,133.1241739338012,624.6969342750776,133.2817475269315,624.6969342750778,133.324173933803,624.854507868212,133.4817475269268,624.8545078682167,133.5241739337941,624.6969342750722,133.6817475270207,624.6969342750851,133.7241739338954,624.8545078681748,133.881747527096,624.8545078681757,133.9241739339842,624.696934275127,134.0817475266044,624.6969342750729,134.1241739334717,624.8545078682179,134.2817475271601,624.854507868159,134.3241739340252,624.7712235971172,134.4074582047955,624.7624368005183,134.4286714082657,624.7624368005183,134.6313921877529,624.7324368005186,134.6613921877529,624.6872896505504,134.6613921877529,624.6272896505504,134.6613921877529,622.9375839504847,134.6613921877529
5,619.1487361146526,132.8117475090325,619.1078782504876,132.8117475090325,619.1487361146526,132.8117475090325,619.1787361146525,132.7817475090325,619.1787361146525,132.6896764228263,619.2087361146524,132.6596764228263,620.9027311007026,132.6596764228263,620.9327311007025,132.6896764228645,620.9327311003359,132.9772500522141,620.9415178969005,132.998463255688,621.0248021681429,133.08174752693,621.0248021681429,133.1241739338012,620.8672285750138,133.2817475269315,620.8672285750139,133.324173933803,621.0248021681477,133.4817475269268,621.0248021681527,133.5241739337941,620.8672285750082,133.6817475270207,620.867228575021,133.7241739338954,621.0248021681109,133.881747527096,621.0248021681117,133.9241739339842,620.8672285750631,134.0817475266044,620.8672285750089,134.1241739334717,621.024802168154,134.2817475271601,621.024802168095,134.3241739340252,620.9415178970535,134.4074582047955,620.9327311004542,134.4286714082657,620.9327311004542,134.6313921877529,620.9027311004545,134.6613921877529,619.2130254003889,134.6613921877529,619.153025400389,134.6613921877529,619.1078782504208,134.6613921877529,619.0778782504207,134.6313921877529,619.0778782504207,134.4569556794632,619.0866650469763,134.4357424760365,619.1982335894476,134.3241739334729,619.1982335894962,134.2817475265804,619.0406599962154,134.1241739335785,619.0406599961889,134.0817475267654,619.1982335894829,133.9241739328148,619.1982335894222,133.88174752596,619.0406599964575,133.7241739333833,619.0406599964361,133.6817475264575,619.1982335894332,133.5241739339338,619.198233589472,133.4817475270726,619.040659996324,133.3241739335246,619.0406599963704,133.2817475266491,619.1982335894262,133.1241739340169,619.1982335894813,133.0817475271572,619.0866650468456,132.9701789841184,619.0778782503196,132.9489657807211,619.0778782504876,132.8417475089855,619.1078782504876,132.8117475090325
121,640.1040413468095,133.724173933383,640.2616149397743,133.8817475259597,640.2616149398347,133.9241739328145,640.1040413465407,134.0817475267651,640.1040413465676,134.1241739335782,640.2616149398483,134.2817475265801,640.2616149397995,134.3241739334726,640.1500463973283,134.4357424760362,640.1412596007727,134.456955679463,640.1412596007727,134.6313921877526,640.1712596007728,134.6613921877526,640.2564067507446,134.6613921877526,640.3164067507447,134.6613921877526,641.9661124508062,134.6613921877526,641.9961124508063,134.6313921877526,641.9961124508063,134.4286714082654,642.004899247405,134.4074582047952,642.0881835184466,134.3241739340249,642.0881835185057,134.2817475271598,641.9306099253607,134.1241739334714,641.9306099254148,134.0817475266042,642.0881835184637,133.9241739339839,642.0881835184628,133.8817475270957,641.9306099253731,133.7241739338951,641.9306099253603,133.6817475270205,642.0881835185046,133.5241739337938,642.0881835184999,133.4817475269265,641.9306099253661,133.3241739338027,641.9306099253656,133.2817475269312,642.0881835184947,133.1241739338009,642.0881835184947,133.0817475269297,642.0048992472523,132.9984632556877,641.9961124506877,132.9772500522138,641.9961124510543,132.6896764228642,641.9661124510545,132.659676422826,640.1712596010777,132.659676422826,640.1412596010778,132.689676422779,640.1412596006712,132.9489657807208,640.1500463971975,132.9701789841181,640.2616149398332,133.081747527157,640.2616149397782,133.1241739340166,640.1040413467224,133.2817475266488,640.104041346676,133.3241739335243,640.2616149398237,133.4817475270723,640.2616149397854,133.5241739339335,640.1040413467882,133.6817475264572
122,640.0512596010226,132.659676422826,638.2564067510458,132.659676422826,638.2264067510456,132.689676422779,638.2264067506395,132.9489657807208,638.2351935471656,132.9701789841181,638.3467620898012,133.081747527157,638.3467620897462,133.1241739340166,638.1891884966902,133.2817475266488,638.189188496644,133.3241739335243,638.346762089792,133.4817475270723,638.3467620897532,133.5241739339335,638.1891884967562,133.6817475264572,638.1891884967773,133.724173933383,638.3467620897422,133.8817475259597,638.3467620898027,133.9241739328145,638.1891884965086,134.0817475267651,638.1891884965355,134.1241739335782,638.3467620898163,134.2817475265801,638.3467620897675,134.3241739334726,638.2351935472961,134.4357424760362,638.2264067507406,134.456955679463,638.2264067507406,134.6313921877526,638.2564067507408,134.6613921877526,638.3415539007129,134.6613921877526,638.4015539007129,134.6613921877526,640.0512596007745,134.6613921877526,640.0812596007745,134.6313921877526,640.0812596007745,134.4286714082654,640.0900463973734,134.4074582047952,640.1733306684148,134.3241739340249,640.1733306684739,134.2817475271598,640.0157570753288,134.1241739334714,640.0157570753831,134.0817475266042,640.1733306684317,133.9241739339839,640.1733306684308,133.8817475270957,640.015757075341,133.7241739338951,640.0157570753282,133.6817475270205,640.1733306684725,133.5241739337938,640.173330668468,133.4817475269265,640.015757075334,133.3241739338027,640.0157570753338,133.2817475269312,640.1733306684628,133.1241739338009,640.1733306684628,133.0817475269297,640.0900463972202,132.9984632556877,640.0812596006559,132.9772500522138,640.0812596010227,132.6896764228642
123,636.4319092397709,133.9241739328145,636.2743356464767,134.0817475267651,636.2743356465032,134.1241739335782,636.4319092397842,134.2817475265801,636.4319092397354,134.3241739334726,636.3203406972642,134.4357424760362,636.3115539007086,134.456955679463,636.3115539007086,134.6313921877526,636.3415539007087,134.6613921877526,636.426701050681,134.6613921877526,636.4867010506807,134.6613921877526,638.1364067507425,134.6613921877526,638.1664067507422,134.6313921877526,638.1664067507422,134.4286714082654,638.1751935473412,134.4074582047952,638.2584778183827,134.3241739340249,638.2584778184417,134.2817475271598,638.1009042252967,134.1241739334714,638.1009042253507,134.0817475266042,638.2584778183996,133.9241739339839,638.2584778183987,133.8817475270957,638.100904225309,133.7241739338951,638.1009042252962,133.6817475270205,638.2584778184407,133.5241739337938,638.258477818436,133.4817475269265,638.1009042253017,133.3241739338027,638.1009042253016,133.2817475269312,638.2584778184308,133.1241739338009,638.2584778184308,133.0817475269297,638.1751935471883,132.9984632556877,638.166406750624,132.9772500522138,638.1664067509905,132.6896764228642,638.1364067509905,132.659676422826,636.3415539010138,132.659676422826,636.3115539010139,132.689676422779,636.3115539006075,132.9489657807208,636.3203406971336,132.9701789841181,636.4319092397693,133.081747527157,636.4319092397143,133.1241739340166,636.2743356466584,133.2817475266488,636.2743356466117,133.3241739335243,636.4319092397598,133.4817475270723,636.4319092397212,133.5241739339335,636.2743356467242,133.6817475264572,636.2743356467452,133.724173933383,636.4319092397104,133.8817475259597
2,624.9427921395923,134.2817475265804,624.7852185463116,134.1241739335785,624.7852185462846,134.0817475267654,624.9427921395787,133.9241739328148,624.9427921395182,133.88174752596,624.7852185465536,133.7241739333833,624.7852185465323,133.6817475264575,624.9427921395295,133.5241739339338,624.942792139568,133.4817475270726,624.7852185464201,133.3241739335246,624.7852185464664,133.2817475266491,624.9427921395222,133.1241739340169,624.9427921395773,133.0817475271572,624.8312235969416,132.9701789841184,624.8224368004155,132.9489657807211,624.8224368008217,132.6896764227792,624.8524368008218,132.6596764228263,626.6472896507986,132.6596764228263,626.6772896507983,132.6896764228645,626.6772896504319,132.9772500522141,626.6860764469964,132.998463255688,626.7693607182389,133.08174752693,626.7693607182389,133.1241739338012,626.6117871251098,133.2817475269315,626.6117871251101,133.324173933803,626.7693607182441,133.4817475269268,626.7693607182485,133.5241739337941,626.6117871251042,133.6817475270207,626.6117871251172,133.7241739338954,626.7693607182068,133.881747527096,626.7693607182077,133.9241739339842,626.6117871251591,134.0817475266044,626.6117871251049,134.1241739334717,626.7693607182499,134.2817475271601,626.7693607181907,134.3241739340252,626.6860764471494,134.4074582047955,626.6772896505504,134.4286714082657,626.6772896505504,134.6313921877529,626.6472896505505,134.6613921877529,626.6021425005823,134.6613921877529,626.5421425005824,134.6613921877529,624.8524368005168,134.6613921877529,624.8224368005167,134.6313921877529,624.8224368005167,134.4569556794632,624.8312235970724,134.4357424760365,624.9427921395436,134.3241739334729
120,643.8879637517267,132.8125746944618,643.9109653008927,132.8417424170792,643.9109653007199,132.9772500522137,643.9197520972842,132.9984632556876,644.0030363685268,133.0817475269296,644.0030363685268,133.1241739338008,643.8454627753976,133.2817475269311,643.845462775398,133.3241739338026,644.003036368532,133.4817475269264,644.0030363685366,133.5241739337937,643.8454627753921,133.6817475270204,643.8454627754049,133.724173933895,644.0030363684947,133.8817475270956,644.0030363684956,133.9241739339838,643.8454627754468,134.081747526604,643.8454627753928,134.1241739334713,644.003036368538,134.2817475271597,644.0030363684789,134.3241739340248,643.9197520974373,134.4074582047951,643.9109653008383,134.4286714082653,643.9109653008383,134.6313921877525,643.8809653008384,134.6613921877525,643.8445956049856,134.6613921877529,643.7845956049857,134.6613921877525,642.0861124508046,134.6613921877525,642.0561124508044,134.6313921877525,642.0561124508044,134.4569556794629,642.0648992473602,134.4357424760361,642.1764677898312,134.3241739334725,642.1764677898802,134.28174752658,642.0188941965995,134.124173933578,642.0188941965728,134.081747526765,642.1764677898667,133.9241739328144,642.1764677898062,133.8817475259596,642.0188941968413,133.7241739333829,642.0188941968204,133.6817475264571,642.1764677898173,133.5241739339334,642.1764677898559,133.4817475270722,642.0188941967077,133.3241739335242,642.0188941967542,133.2817475266487,642.1764677898102,133.1241739340164,642.1764677898652,133.0817475271568,642.0648992472295,132.970178984118,642.0561124507035,132.9489657807207,642.0561124511098,132.6896764227788,642.0861124511097,132.6596764228259,643.8349602502959,132.6596764228258,643.8649602502959,132.6896764228258,643.8649602502959,132.7834019502558
